object_id,object_no,source_type,source_snapshot_id,current_version_boundary_snapshot_id,identity_confirmed,rule_verified,rule_unresolved_fields,source_slug,source_name,source_tier,source_size,source_tags,source_relation_count,source_stall_ids,local_shop_count,local_shop_ids,primary_enchant,pet_id,pet_name,source_url,source_effect,design_note,owner_hero_id,catalog_status,build_tags,tag_references
bz_van_001,1,item,snapshot_vanessa_legacy_catalog_v1,snapshot_the_bazaar_patch_18_0_boundary,true,false,"current_rule_match,structured_effects,quality_values,cooldown,buy_price,sell_price,ammo",ambergris,Ambergris,bronze,small,"aquatic, relic, economyreference, value, heal",10,"merchant_nautica, merchant_ande, merchant_goldie, merchant_herma, merchant_jay-jay, merchant_kina, merchant_luxe, merchant_midsworth, merchant_prospero, merchant_quixel",10,"night_base, elem_火, elem_雷, elem_冰, elem_地, role_召唤, role_坦克, role_控制, role_输出, role_机动",Restorative,pal_001,棉角羊,https://bazaar-builds.net/db/items/ambergris.html,"heal equal to 1 / 2 / 3 / 4 times this item's value when you buy another aquatic item, this gains 1 / 2 / 3 / 4 value.",一对一确认来源对象。,hero_001,reference_reserved,"aquatic, relic, value, heal",economy
bz_van_002,2,item,snapshot_vanessa_legacy_catalog_v1,snapshot_the_bazaar_patch_18_0_boundary,true,false,"current_rule_match,structured_effects,quality_values,cooldown,buy_price,sell_price,ammo",anchor,Anchor,gold,medium,"aquatic, weapon, tool, damage, haste",10,"merchant_nautica, merchant_tok-s-clocks, merchant_aila, merchant_barkun, merchant_chronos, merchant_goldie, merchant_jay-jay, merchant_luxe, merchant_mittel, merchant_orion",10,"night_base, elem_水, elem_雷, elem_无, role_坦克, role_控制, role_输出, special_merchant, elite_high, role_远点压制",Turbo,pal_002,灰尾狸,https://bazaar-builds.net/db/items/anchor.html,"deal damage equal to 20 → 30% of an enemy's max health when you use an adjacent item, this is hasted for 2 seconds.",一对一确认来源对象。,hero_001,reference_reserved,"aquatic, weapon, tool, damage, haste",
bz_van_003,3,item,snapshot_vanessa_legacy_catalog_v1,snapshot_the_bazaar_patch_18_0_boundary,true,false,"current_rule_match,structured_effects,quality_values,cooldown,buy_price,sell_price,ammo",arbalest,Arbalest,silver,medium,"weapon, damage, ammo, hastereference",10,"merchant_colt, merchant_tok-s-clocks, merchant_aila, merchant_barkun, merchant_chronos, merchant_goldie, merchant_jay-jay, merchant_luxe, merchant_mittel, merchant_quixel",10,"night_base, elem_水, elem_雷, elem_无, role_召唤, role_坦克, role_控制, role_机动, special_merchant, elite_high",Turbo,pal_003,芦花鸡,https://bazaar-builds.net/db/items/arbalest.html,"deal 100 damage when you haste, this gains 50 / 75 / 100 damage for the fight.",一对一确认来源对象。,hero_001,reference_reserved,"weapon, damage, ammo",haste
bz_van_004,4,item,snapshot_vanessa_legacy_catalog_v1,snapshot_the_bazaar_patch_18_0_boundary,true,false,"current_rule_match,structured_effects,quality_values,cooldown,buy_price,sell_price,ammo",astrolabe,Astrolabe,silver,medium,"tool, haste",10,"merchant_tok-s-clocks, merchant_barkun, merchant_chronos, merchant_goldie, merchant_jay-jay, merchant_kina, merchant_luxe, merchant_mittel, merchant_orion, merchant_quixel",10,"elem_水, elem_雷, elem_冰, elem_无, role_召唤, role_坦克, role_控制, special_merchant, elite_high, role_远点压制",Turbo,pal_004,青藤鼠,https://bazaar-builds.net/db/items/astrolabe.html,"haste 2 / 3 / 4 items for 1 second when you use another non-weapon item, charge this 1 second.",一对一确认来源对象。,hero_001,reference_reserved,"tool, haste",
bz_van_005,5,item,snapshot_vanessa_legacy_catalog_v1,snapshot_the_bazaar_patch_18_0_boundary,true,false,"current_rule_match,structured_effects,quality_values,cooldown,buy_price,sell_price,ammo",ballista,Ballista,gold,large,"weapon, damage, ammo",10,"merchant_colt, merchant_aila, merchant_barkun, merchant_goldie, merchant_jay-jay, merchant_luxe, merchant_midsworth, merchant_pol, merchant_serafina, merchant_valpak",10,"night_base, elem_水, elem_雷, elem_地, elem_暗, role_坦克, role_控制, role_治疗, role_机动, role_风系铺场",Deadly,pal_005,赤尾狐,https://bazaar-builds.net/db/items/ballista.html,"deal 150 → 300 damage when you use another ammo item, this gains 1 multicast for the fight.",一对一确认来源对象。,hero_001,reference_reserved,"weapon, damage, ammo",
bz_van_006,6,item,snapshot_vanessa_legacy_catalog_v1,snapshot_the_bazaar_patch_18_0_boundary,true,false,"current_rule_match,structured_effects,quality_values,cooldown,buy_price,sell_price,ammo",barrel,Barrel,bronze,medium,shield,10,"merchant_kev-s-armory, merchant_barkun, merchant_goldie, merchant_jay-jay, merchant_kina, merchant_luxe, merchant_mittel, merchant_proteus, merchant_quixel, merchant_serafina",10,"elem_水, elem_雷, elem_冰, elem_龙, elem_无, role_召唤, role_坦克, role_控制, role_治疗, tier_pT3",Shielded,pal_006,碧水鸭,https://bazaar-builds.net/db/items/barrel.html,"shield 20 when you use an adjacent item, this gains 10 / 20 / 30 / 40 shield for the fight.",一对一确认来源对象。,hero_001,reference_reserved,shield,
bz_van_007,7,item,snapshot_vanessa_legacy_catalog_v1,snapshot_the_bazaar_patch_18_0_boundary,true,false,"current_rule_match,structured_effects,quality_values,cooldown,buy_price,sell_price,ammo",bayonet,Bayonet,bronze,small,"weapon, damage",10,"merchant_aila, merchant_ande, merchant_goldie, merchant_jay-jay, merchant_luxe, merchant_midsworth, merchant_quixel, merchant_serafina, merchant_silvia, merchant_valpak",10,"night_base, elem_火, elem_雷, elem_地, elem_暗, role_召唤, role_坦克, role_控制, role_治疗, role_经济",Deadly,pal_007,雷须猫,https://bazaar-builds.net/db/items/bayonet.html,"when you use the weapon to the left of this, deal 10 / 20 / 40 / 80 damage.",一对一确认来源对象。,hero_001,reference_reserved,"weapon, damage",
bz_van_008,8,item,snapshot_vanessa_legacy_catalog_v1,snapshot_the_bazaar_patch_18_0_boundary,true,false,"current_rule_match,structured_effects,quality_values,cooldown,buy_price,sell_price,ammo",beach-ball,Beach Ball,bronze,medium,"aquatic, toy, haste",10,"merchant_nautica, merchant_tok-s-clocks, merchant_barkun, merchant_chronos, merchant_goldie, merchant_jay-jay, merchant_kina, merchant_luxe, merchant_mittel, merchant_quixel",10,"elem_水, elem_雷, elem_冰, elem_无, role_召唤, role_坦克, role_控制, role_输出, special_merchant, elite_high",Turbo,pal_008,藤甲猿,https://bazaar-builds.net/db/items/beach-ball.html,haste 2 / 3 / 4 / 5 aquatic or toy item(s) for 2 seconds,一对一确认来源对象。,hero_001,reference_reserved,"aquatic, toy, haste",
bz_van_009,9,item,snapshot_vanessa_legacy_catalog_v1,snapshot_the_bazaar_patch_18_0_boundary,true,false,"current_rule_match,structured_effects,quality_values,cooldown,buy_price,sell_price,ammo",bilge-worm,Bilge Worm,bronze,small,"weapon, aquatic, damage",10,"merchant_nautica, merchant_aila, merchant_ande, merchant_goldie, merchant_jay-jay, merchant_luxe, merchant_midsworth, merchant_quixel, merchant_serafina, merchant_silvia",10,"night_base, elem_火, elem_雷, elem_地, role_召唤, role_坦克, role_控制, role_治疗, role_输出, role_经济",Deadly,pal_009,火角鹿,https://bazaar-builds.net/db/items/bilge-worm.html,"when your enemy uses their leftmost item, deal 10 / 20 / 40 / 80 damage.",一对一确认来源对象。,hero_001,reference_reserved,"weapon, aquatic, damage",
bz_van_010,10,item,snapshot_vanessa_legacy_catalog_v1,snapshot_the_bazaar_patch_18_0_boundary,true,false,"current_rule_match,structured_effects,quality_values,cooldown,buy_price,sell_price,ammo",bladed-hoverboard,Bladed Hoverboard,silver,medium,"weapon, tech, aquatic, vehicle, damage, flying",10,"merchant_nautica, merchant_pinfeather, merchant_the-tester, merchant_aero, merchant_aila, merchant_barkun, merchant_goldie, merchant_jay-jay, merchant_luxe, merchant_mittel",10,"night_base, elem_火, elem_水, elem_草, elem_雷, elem_无, role_坦克, role_控制, role_输出, role_抗压承伤",Deadly,pal_010,霜羽鹭,https://bazaar-builds.net/db/items/bladed-hoverboard.html,"when you use an adjacent item, deal 20 / 40 / 60 damage and it starts flying.",一对一确认来源对象。,hero_001,reference_reserved,"weapon, tech, aquatic, vehicle, damage, flying",
bz_van_011,11,item,snapshot_vanessa_legacy_catalog_v1,snapshot_the_bazaar_patch_18_0_boundary,true,false,"current_rule_match,structured_effects,quality_values,cooldown,buy_price,sell_price,ammo",blowgun,Blowgun,gold,small,"weapon, relic, damage, poison",10,"merchant_aila, merchant_ande, merchant_goldie, merchant_jay-jay, merchant_knightshade, merchant_luxe, merchant_midsworth, merchant_quixel, merchant_serafina, merchant_the-antiquarian",10,"night_base, elem_火, elem_雷, elem_冰, elem_地, role_召唤, role_坦克, role_控制, role_治疗, role_火系压制",Toxic,pal_011,冰背獭,https://bazaar-builds.net/db/items/blowgun.html,deal 2 damage poison equal to this item's damage,一对一确认来源对象。,hero_001,reference_reserved,"weapon, relic, damage, poison",
bz_van_012,12,item,snapshot_vanessa_legacy_catalog_v1,snapshot_the_bazaar_patch_18_0_boundary,true,false,"current_rule_match,structured_effects,quality_values,cooldown,buy_price,sell_price,ammo",blunderbuss,Blunderbuss,gold,medium,"weapon, damage, ammo, burnreference",10,"merchant_colt, merchant_aila, merchant_barkun, merchant_goldie, merchant_hef, merchant_jay-jay, merchant_luxe, merchant_mittel, merchant_quixel, merchant_serafina",10,"night_base, elem_水, elem_雷, elem_无, role_召唤, role_坦克, role_控制, role_治疗, role_机动, tier_pT2",Fiery,pal_012,电棘鼠,https://bazaar-builds.net/db/items/blunderbuss.html,"deal 15 damage when you burn, use this.",一对一确认来源对象。,hero_001,reference_reserved,"weapon, damage, ammo",burn
bz_van_013,13,item,snapshot_vanessa_legacy_catalog_v1,snapshot_the_bazaar_patch_18_0_boundary,true,false,"current_rule_match,structured_effects,quality_values,cooldown,buy_price,sell_price,ammo",bolas,Bolas,bronze,small,"weapon, damage, ammo, slow",10,"merchant_colt, merchant_tok-s-clocks, merchant_aila, merchant_ande, merchant_cobweb, merchant_goldie, merchant_jay-jay, merchant_luxe, merchant_midsworth, merchant_quixel",10,"night_base, elem_火, elem_雷, elem_地, role_召唤, role_坦克, role_控制, role_机动, special_merchant, role_召唤铺场",Icy,pal_013,苔甲龟,https://bazaar-builds.net/db/items/bolas.html,deal 20 / 40 / 80 / 160 damage slow an item for 2 / 3 / 4 / 5 seconds,一对一确认来源对象。,hero_001,reference_reserved,"weapon, damage, ammo, slow",
bz_van_014,14,item,snapshot_vanessa_legacy_catalog_v1,snapshot_the_bazaar_patch_18_0_boundary,true,false,"current_rule_match,structured_effects,quality_values,cooldown,buy_price,sell_price,ammo",bonfire,Bonfire,silver,medium,"burn, haste",10,"merchant_tok-s-clocks, merchant_barkun, merchant_chronos, merchant_goldie, merchant_hef, merchant_jay-jay, merchant_kina, merchant_luxe, merchant_mittel, merchant_quixel",10,"elem_水, elem_雷, elem_冰, elem_无, role_召唤, role_坦克, role_控制, special_merchant, elite_high, tier_pT2",Fiery,pal_014,金钱狸,https://bazaar-builds.net/db/items/bonfire.html,"burn 5 / 10 / 15 when you burn, haste an adjacent item for 1 / 2 / 3 seconds.",一对一确认来源对象。,hero_001,reference_reserved,"burn, haste",
bz_van_015,15,item,snapshot_vanessa_legacy_catalog_v1,snapshot_the_bazaar_patch_18_0_boundary,true,false,"current_rule_match,structured_effects,quality_values,cooldown,buy_price,sell_price,ammo",butterfly-swords,Butterfly Swords,silver,small,"weapon, damage",10,"merchant_aila, merchant_ande, merchant_goldie, merchant_jay-jay, merchant_luxe, merchant_midsworth, merchant_quixel, merchant_serafina, merchant_silvia, merchant_valpak",10,"night_base, elem_火, elem_雷, elem_地, elem_暗, role_召唤, role_坦克, role_控制, role_治疗, role_经济",Deadly,pal_015,黑甲猪,https://bazaar-builds.net/db/items/butterfly-swords.html,deal 10 damage,一对一确认来源对象。,hero_001,reference_reserved,"weapon, damage",
bz_van_016,16,item,snapshot_vanessa_legacy_catalog_v1,snapshot_the_bazaar_patch_18_0_boundary,true,false,"current_rule_match,structured_effects,quality_values,cooldown,buy_price,sell_price,ammo",calico,Calico,bronze,small,"friend, weapon, damage, critreference",10,"merchant_aimbot, merchant_dryad, merchant_aila, merchant_ande, merchant_goldie, merchant_jay-jay, merchant_luxe, merchant_midsworth, merchant_quixel, merchant_serafina",10,"night_base, elem_火, elem_雷, elem_地, role_召唤, role_坦克, role_控制, role_治疗, tier_pT1, role_机动压制",Deadly,pal_016,涧水象,https://bazaar-builds.net/db/items/calico.html,"deal 15 / 30 / 60 / 120 damage when you use another weapon, this gains +5 / 10 / 15 / 20% crit chance for the fight.",一对一确认来源对象。,hero_001,reference_reserved,"friend, weapon, damage",crit
bz_van_017,17,item,snapshot_vanessa_legacy_catalog_v1,snapshot_the_bazaar_patch_18_0_boundary,true,false,"current_rule_match,structured_effects,quality_values,cooldown,buy_price,sell_price,ammo",cannon,Cannon,bronze,medium,"weapon, damage, ammo, burn",10,"merchant_colt, merchant_aila, merchant_barkun, merchant_goldie, merchant_hef, merchant_jay-jay, merchant_luxe, merchant_mittel, merchant_quixel, merchant_serafina",10,"night_base, elem_水, elem_雷, elem_无, role_召唤, role_坦克, role_控制, role_治疗, role_机动, tier_pT2",Fiery,pal_017,黑角犀,https://bazaar-builds.net/db/items/cannon.html,deal 40 / 80 / 120 / 160 damage burn equal to 10% of this item's damage,一对一确认来源对象。,hero_001,reference_reserved,"weapon, damage, ammo, burn",
bz_van_018,18,item,snapshot_vanessa_legacy_catalog_v1,snapshot_the_bazaar_patch_18_0_boundary,true,false,"current_rule_match,structured_effects,quality_values,cooldown,buy_price,sell_price,ammo",cannonade,Cannonade,gold,large,"weapon, damage",10,"merchant_aila, merchant_barkun, merchant_goldie, merchant_jay-jay, merchant_luxe, merchant_midsworth, merchant_pol, merchant_serafina, merchant_valpak, merchant_vanessa",10,"night_base, elem_水, elem_雷, elem_地, elem_暗, role_坦克, role_控制, role_治疗, elite_high, role_风系铺场",Turbo,pal_018,竹囊鼠,https://bazaar-builds.net/db/items/cannonade.html,"deal 200 → 400 damage when you use another weapon, charge this 2 seconds.",一对一确认来源对象。,hero_001,reference_reserved,"weapon, damage",
bz_van_019,19,item,snapshot_vanessa_legacy_catalog_v1,snapshot_the_bazaar_patch_18_0_boundary,true,false,"current_rule_match,structured_effects,quality_values,cooldown,buy_price,sell_price,ammo",cannonball,Cannonball,silver,small,ammoreference,10,"merchant_colt, merchant_ande, merchant_goldie, merchant_jay-jay, merchant_kina, merchant_luxe, merchant_midsworth, merchant_quixel, merchant_serafina, merchant_silvia",10,"elem_火, elem_雷, elem_冰, elem_地, role_召唤, role_坦克, role_控制, role_治疗, role_经济, role_机动",Deadly,pal_019,夜穴鼹,https://bazaar-builds.net/db/items/cannonball.html,adjacent items have +2 / 3 / 4 max ammo.,一对一确认来源对象。,hero_001,reference_reserved,,ammo
bz_van_020,20,item,snapshot_vanessa_legacy_catalog_v1,snapshot_the_bazaar_patch_18_0_boundary,true,false,"current_rule_match,structured_effects,quality_values,cooldown,buy_price,sell_price,ammo",captain-s-quarters,Captain's Quarters,silver,large,"aquatic, property, haste, damagereference, ammoreference",10,"merchant_colt, merchant_nautica, merchant_tok-s-clocks, merchant_barkun, merchant_chronos, merchant_goldie, merchant_jay-jay, merchant_kina, merchant_luxe, merchant_midsworth",10,"elem_水, elem_雷, elem_冰, elem_地, role_坦克, role_控制, role_输出, role_机动, special_merchant, elite_high",Turbo,pal_020,沙鬃猪,https://bazaar-builds.net/db/items/captain-s-quarters.html,haste your tools and vehicles for 1 / 2 / 3 seconds reload your ammo items 1 / 2 / 3 ammo your weapons gain +20 / 30 / 40 damage for the fight,一对一确认来源对象。,hero_001,reference_reserved,"aquatic, property, haste","damage, ammo"
bz_van_021,21,item,snapshot_vanessa_legacy_catalog_v1,snapshot_the_bazaar_patch_18_0_boundary,true,false,"current_rule_match,structured_effects,quality_values,cooldown,buy_price,sell_price,ammo",captain-s-wheel,Captain's Wheel,silver,medium,"aquatic, tool, haste",10,"merchant_nautica, merchant_tok-s-clocks, merchant_barkun, merchant_chronos, merchant_goldie, merchant_jay-jay, merchant_kina, merchant_luxe, merchant_mittel, merchant_orion",10,"elem_水, elem_雷, elem_冰, elem_无, role_坦克, role_控制, role_输出, special_merchant, elite_high, role_远点压制",Turbo,pal_021,暮羽鸦,https://bazaar-builds.net/db/items/captain-s-wheel.html,"haste adjacent items for 1 / 2 / 3 seconds if you have a vehicle or large item, this item's cooldown is halved.",一对一确认来源对象。,hero_001,reference_reserved,"aquatic, tool, haste",
bz_van_022,22,item,snapshot_vanessa_legacy_catalog_v1,snapshot_the_bazaar_patch_18_0_boundary,true,false,"current_rule_match,structured_effects,quality_values,cooldown,buy_price,sell_price,ammo",card-table,Card Table,silver,medium,,10,"merchant_barkun, merchant_goldie, merchant_jay-jay, merchant_kina, merchant_luxe, merchant_mittel, merchant_quixel, merchant_serafina, merchant_silvia, merchant_valpak",10,"elem_水, elem_雷, elem_冰, elem_暗, elem_无, role_召唤, role_坦克, role_控制, role_治疗, role_经济",Turbo,pal_022,岩爪鼹,https://bazaar-builds.net/db/items/card-table.html,a friend gains +1 multicast for the fight increase this item's cooldown by 1 second for each non-friend you have for the fight.,一对一确认来源对象。,hero_001,reference_reserved,,
bz_van_023,23,item,snapshot_vanessa_legacy_catalog_v1,snapshot_the_bazaar_patch_18_0_boundary,true,false,"current_rule_match,structured_effects,quality_values,cooldown,buy_price,sell_price,ammo",catfish,Catfish,bronze,small,"aquatic, friend, poison, hastereference",10,"merchant_dryad, merchant_nautica, merchant_tok-s-clocks, merchant_ande, merchant_chronos, merchant_goldie, merchant_jay-jay, merchant_kina, merchant_knightshade, merchant_luxe",10,"elem_火, elem_雷, elem_冰, role_坦克, role_控制, role_输出, special_merchant, elite_high, role_机动压制, role_火系压制",Toxic,pal_023,墨潭鲵,https://bazaar-builds.net/db/items/catfish.html,"poison 3 when this is hasted, this gains +2 / 4 / 6 / 8 poison for the fight.",一对一确认来源对象。,hero_001,reference_reserved,"aquatic, friend, poison",haste
bz_van_024,24,item,snapshot_vanessa_legacy_catalog_v1,snapshot_the_bazaar_patch_18_0_boundary,true,false,"current_rule_match,structured_effects,quality_values,cooldown,buy_price,sell_price,ammo",cauterizing-blade,Cauterizing Blade,silver,medium,"weapon, tech, damage, burn",10,"merchant_the-tester, merchant_tok-s-clocks, merchant_aila, merchant_barkun, merchant_chronos, merchant_cobweb, merchant_goldie, merchant_hef, merchant_jay-jay, merchant_luxe",10,"night_base, elem_水, elem_雷, role_坦克, role_控制, special_merchant, elite_high, tier_pT2, role_召唤铺场, role_抗压承伤",Fiery,pal_024,幽纹猫,https://bazaar-builds.net/db/items/cauterizing-blade.html,"deal 20 damage burn 2 quest: slow 10 times when you slow, this gains +0 damage and +0 burn for the fight. quest: haste 10 times when you haste, this gains +0 damage and +0 burn for the fight.",一对一确认来源对象。,hero_001,reference_reserved,"weapon, tech, damage, burn",
bz_van_025,25,item,snapshot_vanessa_legacy_catalog_v1,snapshot_the_bazaar_patch_18_0_boundary,true,false,"current_rule_match,structured_effects,quality_values,cooldown,buy_price,sell_price,ammo",chum,Chum,bronze,small,"aquatic, food, crit",10,"merchant_aimbot, merchant_nautica, merchant_ande, merchant_gastro, merchant_goldie, merchant_jay-jay, merchant_kina, merchant_luxe, merchant_midsworth, merchant_quixel",10,"elem_火, elem_雷, elem_冰, elem_地, role_召唤, role_坦克, role_控制, role_输出, tier_pT1, tier_pT3",Golden,pal_025,泉须鲶,https://bazaar-builds.net/db/items/chum.html,"your aquatic items gain +3 / 6 / 9 / 12% crit chance for the fight when you buy this, get a piranha.",一对一确认来源对象。,hero_001,reference_reserved,"aquatic, food, crit",
bz_van_026,26,item,snapshot_vanessa_legacy_catalog_v1,snapshot_the_bazaar_patch_18_0_boundary,true,false,"current_rule_match,structured_effects,quality_values,cooldown,buy_price,sell_price,ammo",clamera,Clamera,silver,small,"aquatic, slow",10,"merchant_nautica, merchant_tok-s-clocks, merchant_ande, merchant_cobweb, merchant_goldie, merchant_jay-jay, merchant_kina, merchant_luxe, merchant_midsworth, merchant_quixel",10,"elem_火, elem_雷, elem_冰, elem_地, role_召唤, role_坦克, role_控制, role_输出, special_merchant, role_召唤铺场",Icy,pal_026,疾风狼,https://bazaar-builds.net/db/items/clamera.html,"slow an item for 2 seconds the first 2 / 3 / 4 times your enemy uses an item each fight, use this.",一对一确认来源对象。,hero_001,reference_reserved,"aquatic, slow",
bz_van_027,27,item,snapshot_vanessa_legacy_catalog_v1,snapshot_the_bazaar_patch_18_0_boundary,true,false,"current_rule_match,structured_effects,quality_values,cooldown,buy_price,sell_price,ammo",concealed-dagger,Concealed Dagger,bronze,small,"weapon, damage, gold, haste",10,"merchant_tok-s-clocks, merchant_aila, merchant_ande, merchant_chronos, merchant_goldie, merchant_jay-jay, merchant_luxe, merchant_midsworth, merchant_quixel, merchant_serafina",10,"night_base, elem_火, elem_雷, elem_地, role_召唤, role_坦克, role_控制, role_治疗, special_merchant, elite_high",Turbo,pal_027,惊羽雀,https://bazaar-builds.net/db/items/concealed-dagger.html,"deal 10 / 20 / 40 / 80 damage haste an item 1 / 2 / 3 / 4 seconds. at the start of each fight with this, gain 1 gold.",一对一确认来源对象。,hero_001,reference_reserved,"weapon, damage, gold, haste",
bz_van_028,28,item,snapshot_vanessa_legacy_catalog_v1,snapshot_the_bazaar_patch_18_0_boundary,true,false,"current_rule_match,structured_effects,quality_values,cooldown,buy_price,sell_price,ammo",coral,Coral,bronze,small,"aquatic, relic, heal",10,"merchant_nautica, merchant_ande, merchant_goldie, merchant_herma, merchant_jay-jay, merchant_kina, merchant_luxe, merchant_midsworth, merchant_quixel, merchant_serafina",10,"night_base, elem_火, elem_雷, elem_冰, elem_地, role_召唤, role_坦克, role_控制, role_治疗, role_输出",Restorative,pal_028,药草兔,https://bazaar-builds.net/db/items/coral.html,"heal 20 when you buy an aquatic item, this gains heal 5 / 10 / 15 / 20.",一对一确认来源对象。,hero_001,reference_reserved,"aquatic, relic, heal",
bz_van_029,29,item,snapshot_vanessa_legacy_catalog_v1,snapshot_the_bazaar_patch_18_0_boundary,true,false,"current_rule_match,structured_effects,quality_values,cooldown,buy_price,sell_price,ammo",coral-armor,Coral Armor,bronze,medium,"aquatic, apparel, relic, shield",10,"merchant_kev-s-armory, merchant_nautica, merchant_barkun, merchant_gaseo, merchant_goldie, merchant_jay-jay, merchant_kina, merchant_luxe, merchant_mittel, merchant_proteus",10,"elem_水, elem_雷, elem_冰, elem_龙, elem_无, role_坦克, role_控制, role_输出, tier_pT3, role_重甲抗压",Shielded,pal_029,黄背牛,https://bazaar-builds.net/db/items/coral-armor.html,"shield 50 when you buy another aquatic item, this gains 10 / 20 / 30 / 40 shield.",一对一确认来源对象。,hero_001,reference_reserved,"aquatic, apparel, relic, shield",
bz_van_030,30,item,snapshot_vanessa_legacy_catalog_v1,snapshot_the_bazaar_patch_18_0_boundary,true,false,"current_rule_match,structured_effects,quality_values,cooldown,buy_price,sell_price,ammo",cove,Cove,bronze,large,"aquatic, property, shield, value, economyreference",10,"merchant_kev-s-armory, merchant_nautica, merchant_barkun, merchant_goldie, merchant_jay-jay, merchant_kina, merchant_luxe, merchant_midsworth, merchant_mr-morland, merchant_pol",10,"elem_水, elem_雷, elem_冰, elem_地, elem_暗, role_坦克, role_控制, role_输出, tier_pT3, role_风系铺场",Shielded,pal_030,花刺蛛,https://bazaar-builds.net/db/items/cove.html,"shield equal to this 1 / 2 / 3 / 4 times this item's value when you sell an item, this gains 1 → 2 value.",一对一确认来源对象。,hero_001,reference_reserved,"aquatic, property, shield, value",economy
bz_van_031,31,item,snapshot_vanessa_legacy_catalog_v1,snapshot_the_bazaar_patch_18_0_boundary,true,false,"current_rule_match,structured_effects,quality_values,cooldown,buy_price,sell_price,ammo",crow-s-nest,Crow's Nest,silver,large,"property, aquatic, crit",1,merchant_vanessa,1,elite_high,Icy,pal_031,青背鲵,https://bazaar-builds.net/db/items/crow-s-nest.html,"your weapons have +40 / 60 / 80% crit chance. if you have only one weapon, it has lifesteal and is affected by slow for half as long.",一对一确认来源对象。,hero_001,reference_reserved,"property, aquatic, crit",
bz_van_032,32,item,snapshot_vanessa_legacy_catalog_v1,snapshot_the_bazaar_patch_18_0_boundary,true,false,"current_rule_match,structured_effects,quality_values,cooldown,buy_price,sell_price,ammo",custom-scope,Custom Scope,silver,small,"tech, crit, charge",10,"merchant_aimbot, merchant_the-tester, merchant_ande, merchant_goldie, merchant_jay-jay, merchant_kina, merchant_luxe, merchant_midsworth, merchant_quixel, merchant_serafina",10,"elem_火, elem_雷, elem_冰, elem_地, role_召唤, role_坦克, role_控制, role_治疗, tier_pT1, role_抗压承伤",Turbo,pal_032,石甲鲮,https://bazaar-builds.net/db/items/custom-scope.html,"the weapon to the right of this has +20 / 30 / 40% crit chance. if you have exactly one weapon, when you crit with it charge a non-weapon item 1 second.",一对一确认来源对象。,hero_001,reference_reserved,"tech, crit, charge",
bz_van_033,33,item,snapshot_vanessa_legacy_catalog_v1,snapshot_the_bazaar_patch_18_0_boundary,true,false,"current_rule_match,structured_effects,quality_values,cooldown,buy_price,sell_price,ammo",cutlass,Cutlass,bronze,medium,"weapon, damage, critreference",10,"merchant_aimbot, merchant_aila, merchant_barkun, merchant_cobweb, merchant_goldie, merchant_jay-jay, merchant_luxe, merchant_mittel, merchant_quixel, merchant_serafina",10,"night_base, elem_水, elem_雷, elem_无, role_召唤, role_坦克, role_控制, role_治疗, tier_pT1, role_召唤铺场",Icy,pal_033,芭蕉熊,https://bazaar-builds.net/db/items/cutlass.html,"deal 12 / 24 / 48 / 96 damage while an enemy item is slowed, this has +100% crit chance.",一对一确认来源对象。,hero_001,reference_reserved,"weapon, damage",crit
bz_van_034,34,item,snapshot_vanessa_legacy_catalog_v1,snapshot_the_bazaar_patch_18_0_boundary,true,false,"current_rule_match,structured_effects,quality_values,cooldown,buy_price,sell_price,ammo",cyber-sai,Cyber-Sai,silver,medium,"weapon, tech, damage, critreference",10,"merchant_aimbot, merchant_the-tester, merchant_aila, merchant_barkun, merchant_goldie, merchant_jay-jay, merchant_luxe, merchant_mittel, merchant_quixel, merchant_serafina",10,"night_base, elem_水, elem_雷, elem_无, role_召唤, role_坦克, role_控制, role_治疗, tier_pT1, role_抗压承伤",Deadly,pal_034,蜜纹獾,https://bazaar-builds.net/db/items/cyber-sai.html,"deal 10 / 20 / 40 damage when you crit, your weapons gains +5 / 10 / 15 damage for the fight.",一对一确认来源对象。,hero_001,reference_reserved,"weapon, tech, damage",crit
bz_van_035,35,item,snapshot_vanessa_legacy_catalog_v1,snapshot_the_bazaar_patch_18_0_boundary,true,false,"current_rule_match,structured_effects,quality_values,cooldown,buy_price,sell_price,ammo",dam,Dam,gold,large,"aquatic, property",10,"merchant_nautica, merchant_barkun, merchant_goldie, merchant_jay-jay, merchant_kina, merchant_luxe, merchant_midsworth, merchant_mr-morland, merchant_pol, merchant_serafina",10,"elem_水, elem_雷, elem_冰, elem_地, elem_暗, role_坦克, role_控制, role_治疗, role_输出, role_风系铺场",Turbo,pal_035,藤巢蜂,https://bazaar-builds.net/db/items/dam.html,"destroy this and all smaller items for the fight when you use another aquatic item, charge this 1 → 2 seconds.",一对一确认来源对象。,hero_001,reference_reserved,"aquatic, property",
bz_van_036,36,item,snapshot_vanessa_legacy_catalog_v1,snapshot_the_bazaar_patch_18_0_boundary,true,false,"current_rule_match,structured_effects,quality_values,cooldown,buy_price,sell_price,ammo",darkwater-anglerfish,Darkwater Anglerfish,silver,medium,"friend, aquatic, burn, slowreference",10,"merchant_dryad, merchant_nautica, merchant_tok-s-clocks, merchant_barkun, merchant_cobweb, merchant_goldie, merchant_hef, merchant_jay-jay, merchant_kina, merchant_luxe",10,"elem_水, elem_雷, elem_冰, role_坦克, role_控制, role_输出, special_merchant, tier_pT2, role_召唤铺场, role_机动压制",Fiery,pal_036,云纹巨驼,https://bazaar-builds.net/db/items/darkwater-anglerfish.html,"burn 10 / 20 / 30 when you slow, charge this 2 seconds.",一对一确认来源对象。,hero_001,reference_reserved,"friend, aquatic, burn",slow
bz_van_037,37,item,snapshot_vanessa_legacy_catalog_v1,snapshot_the_bazaar_patch_18_0_boundary,true,false,"current_rule_match,structured_effects,quality_values,cooldown,buy_price,sell_price,ammo",dart-launcher,Dart Launcher,silver,small,"weapon, tech, damage, slow, poison",10,"merchant_the-tester, merchant_tok-s-clocks, merchant_aila, merchant_ande, merchant_cobweb, merchant_goldie, merchant_jay-jay, merchant_knightshade, merchant_luxe, merchant_midsworth",10,"night_base, elem_火, elem_雷, elem_地, role_坦克, role_控制, special_merchant, role_召唤铺场, role_抗压承伤, role_火系压制",Icy,pal_037,月角白鹿,https://bazaar-builds.net/db/items/dart-launcher.html,"deal 5 / 10 / 15 damage if this is adjacent to a slow item, slow 1 / 2 / 3 item(s) for 1 second if this is adjacent to a poison item, poison 3 / 6 / 9",一对一确认来源对象。,hero_001,reference_reserved,"weapon, tech, damage, slow, poison",
bz_van_038,38,item,snapshot_vanessa_legacy_catalog_v1,snapshot_the_bazaar_patch_18_0_boundary,true,false,"current_rule_match,structured_effects,quality_values,cooldown,buy_price,sell_price,ammo",disguise,Disguise,silver,medium,"apparel, charge",10,"merchant_barkun, merchant_gaseo, merchant_goldie, merchant_jay-jay, merchant_kina, merchant_luxe, merchant_mittel, merchant_quixel, merchant_serafina, merchant_silvia",10,"elem_水, elem_雷, elem_冰, elem_无, role_召唤, role_坦克, role_控制, role_治疗, role_经济, role_重甲抗压",Turbo,pal_038,疾风苍鹰,https://bazaar-builds.net/db/items/disguise.html,"when you use an item from another hero, charge item(s) from your hero 1 second. when you buy this, get a small or medium item from another hero.",一对一确认来源对象。,hero_001,reference_reserved,"apparel, charge",
bz_van_039,39,item,snapshot_vanessa_legacy_catalog_v1,snapshot_the_bazaar_patch_18_0_boundary,true,false,"current_rule_match,structured_effects,quality_values,cooldown,buy_price,sell_price,ammo",dive-weights,Dive Weights,silver,small,"aquatic, tool, apparel, haste, ammo",10,"merchant_colt, merchant_nautica, merchant_tok-s-clocks, merchant_ande, merchant_chronos, merchant_gaseo, merchant_goldie, merchant_jay-jay, merchant_kina, merchant_luxe",10,"elem_火, elem_雷, elem_冰, role_坦克, role_控制, role_输出, role_机动, special_merchant, elite_high, role_重甲抗压",Turbo,pal_039,银背巨兔,https://bazaar-builds.net/db/items/dive-weights.html,"haste an item for 1 / 2 / 3 seconds for each adjacent aquatic item, this item's cooldown is reduced by 1 second. this has +multicast equal to its ammo.",一对一确认来源对象。,hero_001,reference_reserved,"aquatic, tool, apparel, haste, ammo",
bz_van_040,40,item,snapshot_vanessa_legacy_catalog_v1,snapshot_the_bazaar_patch_18_0_boundary,true,false,"current_rule_match,structured_effects,quality_values,cooldown,buy_price,sell_price,ammo",diving-helmet,Diving Helmet,gold,medium,"aquatic, tool, apparel, shield, charge",10,"merchant_kev-s-armory, merchant_nautica, merchant_barkun, merchant_gaseo, merchant_goldie, merchant_jay-jay, merchant_kina, merchant_luxe, merchant_mittel, merchant_orion",10,"elem_水, elem_雷, elem_冰, elem_无, role_坦克, role_控制, role_输出, tier_pT3, role_重甲抗压, role_远点压制",Turbo,pal_040,炎角黑羊,https://bazaar-builds.net/db/items/diving-helmet.html,"when you use an aquatic item, shield 50 → 100 adjacent items are aquatic in combat.",一对一确认来源对象。,hero_001,reference_reserved,"aquatic, tool, apparel, shield, charge",
bz_van_041,41,item,snapshot_vanessa_legacy_catalog_v1,snapshot_the_bazaar_patch_18_0_boundary,true,false,"current_rule_match,structured_effects,quality_values,cooldown,buy_price,sell_price,ammo",dock-lines,Dock Lines,silver,medium,"tool, aquatic, slow",10,"merchant_nautica, merchant_tok-s-clocks, merchant_barkun, merchant_cobweb, merchant_goldie, merchant_jay-jay, merchant_kina, merchant_luxe, merchant_mittel, merchant_orion",10,"elem_水, elem_雷, elem_冰, elem_无, role_坦克, role_控制, role_输出, special_merchant, role_召唤铺场, role_远点压制",Icy,pal_041,回春彩蝶,https://bazaar-builds.net/db/items/dock-lines.html,slow 2 / 3 / 4 item(s) for 3 seconds,一对一确认来源对象。,hero_001,reference_reserved,"tool, aquatic, slow",
bz_van_042,42,item,snapshot_vanessa_legacy_catalog_v1,snapshot_the_bazaar_patch_18_0_boundary,true,false,"current_rule_match,structured_effects,quality_values,cooldown,buy_price,sell_price,ammo",double-barrel,Double Barrel,bronze,medium,"weapon, damage, ammo",10,"merchant_colt, merchant_aila, merchant_barkun, merchant_goldie, merchant_jay-jay, merchant_luxe, merchant_mittel, merchant_quixel, merchant_serafina, merchant_silvia",10,"night_base, elem_水, elem_雷, elem_无, role_召唤, role_坦克, role_控制, role_治疗, role_经济, role_机动",Deadly,pal_042,赤焰蛮牛,https://bazaar-builds.net/db/items/double-barrel.html,deal 20 / 40 / 80 / 160 damage,一对一确认来源对象。,hero_001,reference_reserved,"weapon, damage, ammo",
bz_van_043,43,item,snapshot_vanessa_legacy_catalog_v1,snapshot_the_bazaar_patch_18_0_boundary,true,false,"current_rule_match,structured_effects,quality_values,cooldown,buy_price,sell_price,ammo",electric-eels,Electric Eels,gold,large,"aquatic, weapon, friend, damage, slow",10,"merchant_dryad, merchant_nautica, merchant_tok-s-clocks, merchant_aila, merchant_barkun, merchant_cobweb, merchant_goldie, merchant_jay-jay, merchant_luxe, merchant_midsworth",10,"night_base, elem_水, elem_雷, elem_地, role_坦克, role_控制, role_输出, special_merchant, role_召唤铺场, role_机动压制",Icy,pal_043,泥甲巨鲶,https://bazaar-builds.net/db/items/electric-eels.html,"deal 100 damage slow an item for 1 second when an enemy uses an item, charge this 2 seconds.",一对一确认来源对象。,hero_001,reference_reserved,"aquatic, weapon, friend, damage, slow",
bz_van_044,44,item,snapshot_vanessa_legacy_catalog_v1,snapshot_the_bazaar_patch_18_0_boundary,true,false,"current_rule_match,structured_effects,quality_values,cooldown,buy_price,sell_price,ammo",elemental-depth-charge,Elemental Depth Charge,silver,medium,"aquatic, tech, trap, burn, poison, freeze, ammo",10,"merchant_colt, merchant_nautica, merchant_the-tester, merchant_barkun, merchant_freiya, merchant_goldie, merchant_hef, merchant_jay-jay, merchant_kina, merchant_knightshade",10,"elem_水, elem_雷, elem_冰, role_坦克, role_输出, role_机动, tier_pT2, role_抗压承伤, role_风系牵制, role_火系压制",Fiery,pal_044,夜羽巨鸦,https://bazaar-builds.net/db/items/elemental-depth-charge.html,"poison 4, burn 4, and freeze an item for 1 second this has +1 multicast for each other aquatic item you have.",一对一确认来源对象。,hero_001,reference_reserved,"aquatic, tech, trap, burn, poison, freeze, ammo",
bz_van_045,45,item,snapshot_vanessa_legacy_catalog_v1,snapshot_the_bazaar_patch_18_0_boundary,true,false,"current_rule_match,structured_effects,quality_values,cooldown,buy_price,sell_price,ammo",figurehead,Figurehead,silver,medium,"aquatic, relic, damagereference, cooldown",10,"merchant_nautica, merchant_tok-s-clocks, merchant_barkun, merchant_goldie, merchant_jay-jay, merchant_kina, merchant_luxe, merchant_mittel, merchant_quixel, merchant_serafina",10,"elem_水, elem_雷, elem_冰, elem_无, role_召唤, role_坦克, role_控制, role_治疗, role_输出, special_merchant",Turbo,pal_045,墨鳞巨蜥,https://bazaar-builds.net/db/items/figurehead.html,the cooldowns of aquatic items to the left of this are reduced by 10 / 15 / 20%. weapons to the right of this have +25 / 50 / 100 damage.,一对一确认来源对象。,hero_001,reference_reserved,"aquatic, relic, cooldown",damage
bz_van_046,46,item,snapshot_vanessa_legacy_catalog_v1,snapshot_the_bazaar_patch_18_0_boundary,true,false,"current_rule_match,structured_effects,quality_values,cooldown,buy_price,sell_price,ammo",fishing-net,Fishing Net,bronze,medium,"aquatic, tool, slow, economyreference",10,"merchant_nautica, merchant_tok-s-clocks, merchant_barkun, merchant_cobweb, merchant_goldie, merchant_jay-jay, merchant_kina, merchant_luxe, merchant_mittel, merchant_orion",10,"elem_水, elem_雷, elem_冰, elem_无, role_坦克, role_控制, role_输出, special_merchant, role_召唤铺场, role_远点压制",Icy,pal_046,月镰螳螂,https://bazaar-builds.net/db/items/fishing-net.html,"slow 1 / 2 / 3 / 4 item(s) for 2 seconds at the start of each day, get a small aquatic or loot item from any hero.",一对一确认来源对象。,hero_001,reference_reserved,"aquatic, tool, slow",economy
bz_van_047,47,item,snapshot_vanessa_legacy_catalog_v1,snapshot_the_bazaar_patch_18_0_boundary,true,false,"current_rule_match,structured_effects,quality_values,cooldown,buy_price,sell_price,ammo",fishing-rod,Fishing Rod,bronze,medium,"aquatic, tool, haste",10,"merchant_nautica, merchant_tok-s-clocks, merchant_barkun, merchant_chronos, merchant_goldie, merchant_jay-jay, merchant_kina, merchant_luxe, merchant_mittel, merchant_orion",10,"elem_水, elem_雷, elem_冰, elem_无, role_坦克, role_控制, role_输出, special_merchant, elite_high, role_远点压制",Turbo,pal_047,裂空苍鹰,https://bazaar-builds.net/db/items/fishing-rod.html,"haste the aquatic item to the right of this for 2 seconds at the start of each day, get a small aquatic item.",一对一确认来源对象。,hero_001,reference_reserved,"aquatic, tool, haste",
bz_van_048,48,item,snapshot_vanessa_legacy_catalog_v1,snapshot_the_bazaar_patch_18_0_boundary,true,false,"current_rule_match,structured_effects,quality_values,cooldown,buy_price,sell_price,ammo",flagship,Flagship,silver,large,"aquatic, vehicle, weapon, damage, ammoreference",1,merchant_vanessa,1,elite_high,Deadly,pal_048,木刺豪猪,https://bazaar-builds.net/db/items/flagship.html,"deal 50 damage if you have another tool, property, friend, ammo or relic item this has +1 multicast for each.",一对一确认来源对象。,hero_001,reference_reserved,"aquatic, vehicle, weapon, damage",ammo
bz_van_049,49,item,snapshot_vanessa_legacy_catalog_v1,snapshot_the_bazaar_patch_18_0_boundary,true,false,"current_rule_match,structured_effects,quality_values,cooldown,buy_price,sell_price,ammo",flying-fish,Flying Fish,bronze,small,"aquatic, friend, weapon, haste, flying",10,"merchant_dryad, merchant_nautica, merchant_pinfeather, merchant_tok-s-clocks, merchant_aila, merchant_ande, merchant_chronos, merchant_goldie, merchant_jay-jay, merchant_luxe",10,"night_base, elem_火, elem_草, elem_雷, role_坦克, role_控制, role_输出, special_merchant, elite_high, role_机动压制",Turbo,pal_049,铁臂黑猿,https://bazaar-builds.net/db/items/flying-fish.html,"deal 10 / 20 / 40 / 80 damage this and an adjacent item start flying. when you use a flying item, haste this for 1 second.",一对一确认来源对象。,hero_001,reference_reserved,"aquatic, friend, weapon, haste, flying",
bz_van_050,50,item,snapshot_vanessa_legacy_catalog_v1,snapshot_the_bazaar_patch_18_0_boundary,true,false,"current_rule_match,structured_effects,quality_values,cooldown,buy_price,sell_price,ammo",grapeshot,Grapeshot,bronze,small,"weapon, damage, ammo",10,"merchant_colt, merchant_aila, merchant_ande, merchant_goldie, merchant_jay-jay, merchant_luxe, merchant_midsworth, merchant_quixel, merchant_serafina, merchant_silvia",10,"night_base, elem_火, elem_雷, elem_地, role_召唤, role_坦克, role_控制, role_治疗, role_经济, role_机动",Deadly,pal_050,金甲蜂群,https://bazaar-builds.net/db/items/grapeshot.html,"deal 30 / 60 / 120 / 240 damage when you use another ammo item, reload 1 ammo.",一对一确认来源对象。,hero_001,reference_reserved,"weapon, damage, ammo",
bz_van_051,51,item,snapshot_vanessa_legacy_catalog_v1,snapshot_the_bazaar_patch_18_0_boundary,true,false,"current_rule_match,structured_effects,quality_values,cooldown,buy_price,sell_price,ammo",grappling-hook,Grappling Hook,bronze,small,"weapon, tool, damage, slow",10,"merchant_tok-s-clocks, merchant_aila, merchant_ande, merchant_cobweb, merchant_goldie, merchant_jay-jay, merchant_luxe, merchant_midsworth, merchant_orion, merchant_quixel",10,"night_base, elem_火, elem_雷, elem_地, role_召唤, role_坦克, role_控制, special_merchant, role_召唤铺场, role_远点压制",Icy,pal_051,百花巨蜂,https://bazaar-builds.net/db/items/grappling-hook.html,deal 20 / 40 / 80 / 160 damage slow 1 / 2 / 3 / 4 item(s) for 1 second,一对一确认来源对象。,hero_001,reference_reserved,"weapon, tool, damage, slow",
bz_van_052,52,item,snapshot_vanessa_legacy_catalog_v1,snapshot_the_bazaar_patch_18_0_boundary,true,false,"current_rule_match,structured_effects,quality_values,cooldown,buy_price,sell_price,ammo",grenade,Grenade,bronze,small,"weapon, damage, ammo",10,"merchant_colt, merchant_aila, merchant_ande, merchant_goldie, merchant_jay-jay, merchant_luxe, merchant_midsworth, merchant_quixel, merchant_serafina, merchant_silvia",10,"night_base, elem_火, elem_雷, elem_地, role_召唤, role_坦克, role_控制, role_治疗, role_经济, role_机动",Deadly,pal_052,笑面山猫,https://bazaar-builds.net/db/items/grenade.html,deal 50 / 100 / 150 / 200 damage,一对一确认来源对象。,hero_001,reference_reserved,"weapon, damage, ammo",
bz_van_053,53,item,snapshot_vanessa_legacy_catalog_v1,snapshot_the_bazaar_patch_18_0_boundary,true,false,"current_rule_match,structured_effects,quality_values,cooldown,buy_price,sell_price,ammo",handaxe,Handaxe,bronze,small,"weapon, damage",10,"merchant_aila, merchant_ande, merchant_goldie, merchant_jay-jay, merchant_luxe, merchant_midsworth, merchant_quixel, merchant_serafina, merchant_silvia, merchant_valpak",10,"night_base, elem_火, elem_雷, elem_地, elem_暗, role_召唤, role_坦克, role_控制, role_治疗, role_经济",Deadly,pal_053,霜尾雪貂,https://bazaar-builds.net/db/items/handaxe.html,deal 20 / 40 / 80 / 160 damage your weapons have +5 / 10 / 15 / 20 damage.,一对一确认来源对象。,hero_001,reference_reserved,"weapon, damage",
bz_van_054,54,item,snapshot_vanessa_legacy_catalog_v1,snapshot_the_bazaar_patch_18_0_boundary,true,false,"current_rule_match,structured_effects,quality_values,cooldown,buy_price,sell_price,ammo",harpoon,Harpoon,silver,medium,"aquatic, ammo",10,"merchant_colt, merchant_nautica, merchant_barkun, merchant_goldie, merchant_jay-jay, merchant_kina, merchant_luxe, merchant_mittel, merchant_quixel, merchant_serafina",10,"elem_水, elem_雷, elem_冰, elem_无, role_召唤, role_坦克, role_控制, role_治疗, role_输出, role_机动",Obsidian,pal_054,白眉雪猿,https://bazaar-builds.net/db/items/harpoon.html,destroy a small item,一对一确认来源对象。,hero_001,reference_reserved,"aquatic, ammo",
bz_van_055,55,item,snapshot_vanessa_legacy_catalog_v1,snapshot_the_bazaar_patch_18_0_boundary,true,false,"current_rule_match,structured_effects,quality_values,cooldown,buy_price,sell_price,ammo",holsters,Holsters,silver,small,"apparel, haste",10,"merchant_tok-s-clocks, merchant_ande, merchant_chronos, merchant_gaseo, merchant_goldie, merchant_jay-jay, merchant_kina, merchant_luxe, merchant_midsworth, merchant_quixel",10,"elem_火, elem_雷, elem_冰, elem_地, role_召唤, role_坦克, role_控制, special_merchant, elite_high, role_重甲抗压",Turbo,pal_055,寒风幼螭,https://bazaar-builds.net/db/items/holsters.html,"the first time you use an item each fight, haste your small items for 1 / 2 / 3 seconds.",一对一确认来源对象。,hero_001,reference_reserved,"apparel, haste",
bz_van_056,56,item,snapshot_vanessa_legacy_catalog_v1,snapshot_the_bazaar_patch_18_0_boundary,true,false,"current_rule_match,structured_effects,quality_values,cooldown,buy_price,sell_price,ammo",honing-steel,Honing Steel,bronze,small,"tool, damagereference",10,"merchant_ande, merchant_goldie, merchant_jay-jay, merchant_kina, merchant_luxe, merchant_midsworth, merchant_orion, merchant_quixel, merchant_serafina, merchant_silvia",10,"elem_火, elem_雷, elem_冰, elem_地, role_召唤, role_坦克, role_控制, role_治疗, role_经济, role_远点压制",Deadly,pal_056,震角雷牛,https://bazaar-builds.net/db/items/honing-steel.html,your leftmost and rightmost weapons gain +5 / 10 / 15 / 20 damage for the fight,一对一确认来源对象。,hero_001,reference_reserved,tool,damage
bz_van_057,57,item,snapshot_vanessa_legacy_catalog_v1,snapshot_the_bazaar_patch_18_0_boundary,true,false,"current_rule_match,structured_effects,quality_values,cooldown,buy_price,sell_price,ammo",ice-pick,Ice Pick,silver,small,"weapon, tool, damage, freeze",10,"merchant_aila, merchant_ande, merchant_freiya, merchant_goldie, merchant_jay-jay, merchant_luxe, merchant_midsworth, merchant_orion, merchant_quixel, merchant_serafina",10,"night_base, elem_火, elem_雷, elem_地, role_召唤, role_坦克, role_控制, role_治疗, role_远点压制, role_风系牵制",Icy,pal_057,吹雪银狐,https://bazaar-builds.net/db/items/ice-pick.html,"deal 25 damage freeze an item for 1 second when you freeze, this gains 15 / 30 / 45 damage for the fight.",一对一确认来源对象。,hero_001,reference_reserved,"weapon, tool, damage, freeze",
bz_van_058,58,item,snapshot_vanessa_legacy_catalog_v1,snapshot_the_bazaar_patch_18_0_boundary,true,false,"current_rule_match,structured_effects,quality_values,cooldown,buy_price,sell_price,ammo",iceberg,Iceberg,diamond,large,"aquatic, property, freeze",10,"merchant_nautica, merchant_barkun, merchant_freiya, merchant_jay-jay, merchant_kina, merchant_luxe, merchant_midsworth, merchant_mr-morland, merchant_pol, merchant_serafina",10,"elem_水, elem_雷, elem_冰, elem_地, elem_暗, role_控制, role_治疗, role_输出, role_风系铺场, role_风系牵制",Icy,pal_058,丹角火麟,https://bazaar-builds.net/db/items/iceberg.html,"when an enemy uses an item, freeze it for 1 second.",一对一确认来源对象。,hero_001,reference_reserved,"aquatic, property, freeze",
bz_van_059,59,item,snapshot_vanessa_legacy_catalog_v1,snapshot_the_bazaar_patch_18_0_boundary,true,false,"current_rule_match,structured_effects,quality_values,cooldown,buy_price,sell_price,ammo",illusoray,IllusoRay,bronze,small,"aquatic, friend, ray, slow",10,"merchant_dryad, merchant_nautica, merchant_tok-s-clocks, merchant_ande, merchant_cobweb, merchant_goldie, merchant_jay-jay, merchant_kina, merchant_luxe, merchant_midsworth",10,"elem_火, elem_雷, elem_冰, elem_地, role_坦克, role_控制, role_输出, special_merchant, role_召唤铺场, role_机动压制",Icy,pal_059,冰角白鹿,https://bazaar-builds.net/db/items/illusoray.html,"slow an item for 1 / 2 / 3 / 4 seconds for each adjacent friend or ray, this has +1 multicast.",一对一确认来源对象。,hero_001,reference_reserved,"aquatic, friend, ray, slow",
bz_van_060,60,item,snapshot_vanessa_legacy_catalog_v1,snapshot_the_bazaar_patch_18_0_boundary,true,false,"current_rule_match,structured_effects,quality_values,cooldown,buy_price,sell_price,ammo",incendiary-rounds,Incendiary Rounds,silver,small,burn,10,"merchant_ande, merchant_goldie, merchant_hef, merchant_jay-jay, merchant_kina, merchant_luxe, merchant_midsworth, merchant_quixel, merchant_serafina, merchant_silvia",10,"elem_火, elem_雷, elem_冰, elem_地, role_召唤, role_坦克, role_控制, role_治疗, role_经济, tier_pT2",Fiery,pal_060,霹雳战獒,https://bazaar-builds.net/db/items/incendiary-rounds.html,"when you use an adjacent item, burn 1 / 2 / 3.",一对一确认来源对象。,hero_001,reference_reserved,burn,
bz_van_061,61,item,snapshot_vanessa_legacy_catalog_v1,snapshot_the_bazaar_patch_18_0_boundary,true,false,"current_rule_match,structured_effects,quality_values,cooldown,buy_price,sell_price,ammo",integrated-hud,Integrated HUD,silver,small,"apparel, tech, crit, slow",10,"merchant_aimbot, merchant_the-tester, merchant_tok-s-clocks, merchant_ande, merchant_cobweb, merchant_gaseo, merchant_goldie, merchant_jay-jay, merchant_kina, merchant_luxe",10,"elem_火, elem_雷, elem_冰, role_坦克, role_控制, special_merchant, tier_pT1, role_召唤铺场, role_抗压承伤, role_重甲抗压",Icy,pal_061,苍焰赤豺,https://bazaar-builds.net/db/items/integrated-hud.html,"the item to the right of this has +20 / 30 / 40% crit chance. when you crit with the item to the right of this, slow an item for 1 second.",一对一确认来源对象。,hero_001,reference_reserved,"apparel, tech, crit, slow",
bz_van_062,62,item,snapshot_vanessa_legacy_catalog_v1,snapshot_the_bazaar_patch_18_0_boundary,true,false,"current_rule_match,structured_effects,quality_values,cooldown,buy_price,sell_price,ammo",javelin,Javelin,silver,medium,"weapon, damage, ammo, haste",10,"merchant_colt, merchant_tok-s-clocks, merchant_aila, merchant_barkun, merchant_chronos, merchant_goldie, merchant_jay-jay, merchant_luxe, merchant_mittel, merchant_quixel",10,"night_base, elem_水, elem_雷, elem_无, role_召唤, role_坦克, role_控制, role_机动, special_merchant, elite_high",Turbo,pal_062,雷纹巨猿,https://bazaar-builds.net/db/items/javelin.html,deal 50 / 100 / 200 damage haste your other items for 1 / 2 / 3 seconds.,一对一确认来源对象。,hero_001,reference_reserved,"weapon, damage, ammo, haste",
bz_van_063,63,item,snapshot_vanessa_legacy_catalog_v1,snapshot_the_bazaar_patch_18_0_boundary,true,false,"current_rule_match,structured_effects,quality_values,cooldown,buy_price,sell_price,ammo",jellyfish,Jellyfish,bronze,small,"aquatic, friend, poison, haste",10,"merchant_dryad, merchant_nautica, merchant_tok-s-clocks, merchant_ande, merchant_chronos, merchant_goldie, merchant_jay-jay, merchant_kina, merchant_knightshade, merchant_luxe",10,"elem_火, elem_雷, elem_冰, role_坦克, role_控制, role_输出, special_merchant, elite_high, role_机动压制, role_火系压制",Toxic,pal_063,蜃雾白鹿,https://bazaar-builds.net/db/items/jellyfish.html,"poison 3 / 6 / 9 / 12 when you use an adjacent aquatic item, haste this for 1 / 2 / 3 / 4 seconds.",一对一确认来源对象。,hero_001,reference_reserved,"aquatic, friend, poison, haste",
bz_van_064,64,item,snapshot_vanessa_legacy_catalog_v1,snapshot_the_bazaar_patch_18_0_boundary,true,false,"current_rule_match,structured_effects,quality_values,cooldown,buy_price,sell_price,ammo",jetbike,Jetbike,silver,large,"weapon, vehicle, damage, flying",10,"merchant_pinfeather, merchant_aero, merchant_aila, merchant_barkun, merchant_goldie, merchant_jay-jay, merchant_luxe, merchant_midsworth, merchant_pol, merchant_serafina",10,"night_base, elem_火, elem_水, elem_草, elem_雷, elem_地, role_坦克, role_控制, role_治疗, role_风系铺场",Turbo,pal_064,翠冠花螭,https://bazaar-builds.net/db/items/jetbike.html,"deal 200 / 400 / 800 damage when you use an adjacent item, it and this start flying when you use another flying item, charge this 1 second.",一对一确认来源对象。,hero_001,reference_reserved,"weapon, vehicle, damage, flying",
bz_van_065,65,item,snapshot_vanessa_legacy_catalog_v1,snapshot_the_bazaar_patch_18_0_boundary,true,false,"current_rule_match,structured_effects,quality_values,cooldown,buy_price,sell_price,ammo",jitte,Jitte,silver,small,"weapon, damage, slow",10,"merchant_tok-s-clocks, merchant_aila, merchant_ande, merchant_cobweb, merchant_goldie, merchant_jay-jay, merchant_luxe, merchant_midsworth, merchant_quixel, merchant_serafina",10,"night_base, elem_火, elem_雷, elem_地, role_召唤, role_坦克, role_控制, role_治疗, special_merchant, role_召唤铺场",Icy,pal_065,霆角龙犀,https://bazaar-builds.net/db/items/jitte.html,"deal 20 damage slow an item for 1 / 2 / 3 seconds when you slow, this gains 10 / 20 / 30 damage for the fight.",一对一确认来源对象。,hero_001,reference_reserved,"weapon, damage, slow",
bz_van_066,66,item,snapshot_vanessa_legacy_catalog_v1,snapshot_the_bazaar_patch_18_0_boundary,true,false,"current_rule_match,structured_effects,quality_values,cooldown,buy_price,sell_price,ammo",katana,Katana,bronze,medium,"weapon, damage",10,"merchant_aila, merchant_barkun, merchant_goldie, merchant_jay-jay, merchant_luxe, merchant_mittel, merchant_quixel, merchant_serafina, merchant_silvia, merchant_valpak",10,"night_base, elem_水, elem_雷, elem_暗, elem_无, role_召唤, role_坦克, role_控制, role_治疗, role_经济",Deadly,pal_066,浪鳞水蛇,https://bazaar-builds.net/db/items/katana.html,deal 8 / 16 / 32 / 64 damage,一对一确认来源对象。,hero_001,reference_reserved,"weapon, damage",
bz_van_067,67,item,snapshot_vanessa_legacy_catalog_v1,snapshot_the_bazaar_patch_18_0_boundary,true,false,"current_rule_match,structured_effects,quality_values,cooldown,buy_price,sell_price,ammo",korxena-crest,Korxena Crest,silver,small,"apparel, relic, crit",10,"merchant_aimbot, merchant_ande, merchant_gaseo, merchant_goldie, merchant_jay-jay, merchant_kina, merchant_luxe, merchant_midsworth, merchant_quixel, merchant_serafina",10,"elem_火, elem_雷, elem_冰, elem_地, role_召唤, role_坦克, role_控制, role_治疗, tier_pT1, role_重甲抗压",Deadly,pal_067,沙鳞巨蟒,https://bazaar-builds.net/db/items/korxena-crest.html,your items have +15 / 25 / 35% crit chance.,一对一确认来源对象。,hero_001,reference_reserved,"apparel, relic, crit",
bz_van_068,68,item,snapshot_vanessa_legacy_catalog_v1,snapshot_the_bazaar_patch_18_0_boundary,true,false,"current_rule_match,structured_effects,quality_values,cooldown,buy_price,sell_price,ammo",kusarigama,Kusarigama,silver,small,"weapon, tech, damage, critreference, slowreference",10,"merchant_aimbot, merchant_the-tester, merchant_tok-s-clocks, merchant_aila, merchant_ande, merchant_cobweb, merchant_goldie, merchant_jay-jay, merchant_luxe, merchant_midsworth",10,"night_base, elem_火, elem_雷, elem_地, role_坦克, role_控制, special_merchant, tier_pT1, role_召唤铺场, role_抗压承伤",Icy,pal_068,食梦黑貘,https://bazaar-builds.net/db/items/kusarigama.html,"deal 4 / 8 / 12 damage when you slow or crit, this and adjacent weapons gain +4 / 8 / 12 damage for the fight.",一对一确认来源对象。,hero_001,reference_reserved,"weapon, tech, damage","crit, slow"
bz_van_069,69,item,snapshot_vanessa_legacy_catalog_v1,snapshot_the_bazaar_patch_18_0_boundary,true,false,"current_rule_match,structured_effects,quality_values,cooldown,buy_price,sell_price,ammo",langxian,Langxian,bronze,medium,"weapon, relic, damage",10,"merchant_aila, merchant_barkun, merchant_goldie, merchant_jay-jay, merchant_luxe, merchant_mittel, merchant_quixel, merchant_serafina, merchant_silvia, merchant_the-antiquarian",10,"night_base, elem_水, elem_雷, elem_冰, elem_无, role_召唤, role_坦克, role_控制, role_治疗, role_经济",Deadly,pal_069,碎岩巨龟,https://bazaar-builds.net/db/items/langxian.html,deal 40 damage this has +40 / 60 / 80 / 100 damage for each fight you won with this.,一对一确认来源对象。,hero_001,reference_reserved,"weapon, relic, damage",
bz_van_070,70,item,snapshot_vanessa_legacy_catalog_v1,snapshot_the_bazaar_patch_18_0_boundary,true,false,"current_rule_match,structured_effects,quality_values,cooldown,buy_price,sell_price,ammo",life-preserver,Life Preserver,bronze,medium,"aquatic, shield, heal",10,"merchant_kev-s-armory, merchant_nautica, merchant_barkun, merchant_goldie, merchant_herma, merchant_jay-jay, merchant_kina, merchant_luxe, merchant_mittel, merchant_proteus",10,"night_base, elem_水, elem_雷, elem_冰, elem_龙, elem_无, role_坦克, role_控制, role_输出, tier_pT3",Restorative,pal_070,猫翼夜蝠,https://bazaar-builds.net/db/items/life-preserver.html,"shield 10 / 20 / 40 / 80 the first time you would be defeated each fight, heal 200 / 400 / 800 / 1600.",一对一确认来源对象。,hero_001,reference_reserved,"aquatic, shield, heal",
bz_van_071,71,item,snapshot_vanessa_legacy_catalog_v1,snapshot_the_bazaar_patch_18_0_boundary,true,false,"current_rule_match,structured_effects,quality_values,cooldown,buy_price,sell_price,ammo",lighter,Lighter,bronze,small,"tool, burn",10,"merchant_ande, merchant_goldie, merchant_hef, merchant_jay-jay, merchant_kina, merchant_luxe, merchant_midsworth, merchant_orion, merchant_quixel, merchant_serafina",10,"elem_火, elem_雷, elem_冰, elem_地, role_召唤, role_坦克, role_控制, role_治疗, tier_pT2, role_远点压制",Fiery,pal_071,甘露壁虎,https://bazaar-builds.net/db/items/lighter.html,burn 3 / 5 / 7 / 9,一对一确认来源对象。,hero_001,reference_reserved,"tool, burn",
bz_van_072,72,item,snapshot_vanessa_legacy_catalog_v1,snapshot_the_bazaar_patch_18_0_boundary,true,false,"current_rule_match,structured_effects,quality_values,cooldown,buy_price,sell_price,ammo",lighthouse,Lighthouse,gold,large,"property, aquatic, burn, slow",10,"merchant_nautica, merchant_tok-s-clocks, merchant_barkun, merchant_cobweb, merchant_goldie, merchant_hef, merchant_jay-jay, merchant_kina, merchant_luxe, merchant_midsworth",10,"elem_水, elem_雷, elem_冰, elem_地, role_坦克, role_控制, role_输出, special_merchant, tier_pT2, role_召唤铺场",Fiery,pal_072,赤巢火蚁,https://bazaar-builds.net/db/items/lighthouse.html,"slow 1 → 2 item(s) for 2 seconds when you slow, burn 6 → 9.",一对一确认来源对象。,hero_001,reference_reserved,"property, aquatic, burn, slow",
bz_van_073,73,item,snapshot_vanessa_legacy_catalog_v1,snapshot_the_bazaar_patch_18_0_boundary,true,false,"current_rule_match,structured_effects,quality_values,cooldown,buy_price,sell_price,ammo",lockbox,Lockbox,silver,medium,"relic, economyreference, value, damagereference",10,"merchant_barkun, merchant_goldie, merchant_jay-jay, merchant_kina, merchant_luxe, merchant_mittel, merchant_prospero, merchant_quixel, merchant_serafina, merchant_silvia",10,"elem_水, elem_雷, elem_冰, elem_无, role_召唤, role_坦克, role_控制, role_治疗, role_经济, role_机动",Golden,pal_073,烽翼火龙,https://bazaar-builds.net/db/items/lockbox.html,"when you win a fight, this permanently gains 3 / 6 / 9 value. your weapons have +damage equal to to this item's value.",一对一确认来源对象。,hero_001,reference_reserved,"relic, value","economy, damage"
bz_van_074,74,item,snapshot_vanessa_legacy_catalog_v1,snapshot_the_bazaar_patch_18_0_boundary,true,false,"current_rule_match,structured_effects,quality_values,cooldown,buy_price,sell_price,ammo",mantis-shrimp,Mantis Shrimp,bronze,small,"aquatic, weapon, friend, damage, burn, slowreference, ammo",10,"merchant_colt, merchant_dryad, merchant_nautica, merchant_tok-s-clocks, merchant_aila, merchant_ande, merchant_cobweb, merchant_goldie, merchant_hef, merchant_jay-jay",10,"night_base, elem_火, elem_雷, role_坦克, role_输出, role_机动, special_merchant, tier_pT2, role_召唤铺场, role_机动压制",Fiery,pal_074,霜翼冥龙,https://bazaar-builds.net/db/items/mantis-shrimp.html,"deal 20 damage burn 2 when you slow, this gains +10 / 15 / 20 / 25 damage and +2 / 3 / 4 / 5 burn for the fight.",一对一确认来源对象。,hero_001,reference_reserved,"aquatic, weapon, friend, damage, burn, ammo",slow
bz_van_075,75,item,snapshot_vanessa_legacy_catalog_v1,snapshot_the_bazaar_patch_18_0_boundary,true,false,"current_rule_match,structured_effects,quality_values,cooldown,buy_price,sell_price,ammo",marlon,Marlon,bronze,medium,"aquatic, friend, weapon, crit, flying",10,"merchant_aimbot, merchant_dryad, merchant_nautica, merchant_pinfeather, merchant_aila, merchant_barkun, merchant_goldie, merchant_jay-jay, merchant_luxe, merchant_mittel",10,"night_base, elem_水, elem_草, elem_雷, elem_无, role_坦克, role_控制, role_输出, tier_pT1, role_机动压制",Deadly,pal_075,赤刃螳螂,https://bazaar-builds.net/db/items/marlon.html,"deal 15 damage an item starts flying. when you use a flying item, this gains +20 / 30 / 40 / 50% crit chance for the fight.",一对一确认来源对象。,hero_001,reference_reserved,"aquatic, friend, weapon, crit, flying",
bz_van_076,76,item,snapshot_vanessa_legacy_catalog_v1,snapshot_the_bazaar_patch_18_0_boundary,true,false,"current_rule_match,structured_effects,quality_values,cooldown,buy_price,sell_price,ammo",mr-richardson,Mr. Richardson,silver,small,"friend, aquatic, shield, hastereference, slowreference",10,"merchant_dryad, merchant_kev-s-armory, merchant_nautica, merchant_tok-s-clocks, merchant_ande, merchant_chronos, merchant_cobweb, merchant_goldie, merchant_jay-jay, merchant_kina",10,"elem_火, elem_雷, elem_冰, role_坦克, role_输出, special_merchant, elite_high, tier_pT3, role_召唤铺场, role_机动压制",Icy,pal_076,迅雷金雕,https://bazaar-builds.net/db/items/mr-richardson.html,"shield 30 when you haste or slow, this gains +5 / 10 / 15 shield for the fight.",一对一确认来源对象。,hero_001,reference_reserved,"friend, aquatic, shield","haste, slow"
bz_van_077,77,item,snapshot_vanessa_legacy_catalog_v1,snapshot_the_bazaar_patch_18_0_boundary,true,false,"current_rule_match,structured_effects,quality_values,cooldown,buy_price,sell_price,ammo",musket,Musket,silver,medium,"weapon, damage, ammo, burnreference",10,"merchant_colt, merchant_aila, merchant_barkun, merchant_goldie, merchant_hef, merchant_jay-jay, merchant_luxe, merchant_mittel, merchant_quixel, merchant_serafina",10,"night_base, elem_水, elem_雷, elem_无, role_召唤, role_坦克, role_控制, role_治疗, role_机动, tier_pT2",Fiery,pal_077,燧火黑乌,https://bazaar-builds.net/db/items/musket.html,"deal 100 / 150 / 300 damage when you burn with an adjacent item, reload this and it gains +25 / 50 / 75 damage for the fight.",一对一确认来源对象。,hero_001,reference_reserved,"weapon, damage, ammo",burn
bz_van_078,78,item,snapshot_vanessa_legacy_catalog_v1,snapshot_the_bazaar_patch_18_0_boundary,true,false,"current_rule_match,structured_effects,quality_values,cooldown,buy_price,sell_price,ammo",narwhal,Narwhal,bronze,small,"aquatic, weapon, friend, damage",10,"merchant_dryad, merchant_nautica, merchant_aila, merchant_ande, merchant_goldie, merchant_jay-jay, merchant_luxe, merchant_midsworth, merchant_quixel, merchant_serafina",10,"night_base, elem_火, elem_雷, elem_地, role_召唤, role_坦克, role_控制, role_治疗, role_输出, role_机动压制",Deadly,pal_078,幽泉灵猫,https://bazaar-builds.net/db/items/narwhal.html,deal 5 / 10 / 20 / 40 damage,一对一确认来源对象。,hero_001,reference_reserved,"aquatic, weapon, friend, damage",
bz_van_079,79,item,snapshot_vanessa_legacy_catalog_v1,snapshot_the_bazaar_patch_18_0_boundary,true,false,"current_rule_match,structured_effects,quality_values,cooldown,buy_price,sell_price,ammo",nesting-doll,Nesting Doll,silver,small,"toy, shield, ammo",10,"merchant_colt, merchant_kev-s-armory, merchant_ande, merchant_goldie, merchant_jay-jay, merchant_kina, merchant_luxe, merchant_midsworth, merchant_proteus, merchant_quixel",10,"elem_火, elem_雷, elem_冰, elem_地, elem_龙, role_召唤, role_坦克, role_控制, role_机动, tier_pT3",Shielded,pal_079,焰尾山狐,https://bazaar-builds.net/db/items/nesting-doll.html,"shield equal to this item's ammo at the start of each day, this gains 1 / 2 / 3 max ammo.",一对一确认来源对象。,hero_001,reference_reserved,"toy, shield, ammo",
bz_van_080,80,item,snapshot_vanessa_legacy_catalog_v1,snapshot_the_bazaar_patch_18_0_boundary,true,false,"current_rule_match,structured_effects,quality_values,cooldown,buy_price,sell_price,ammo",old-saltclaw,Old Saltclaw,silver,small,"aquatic, friend, weapon, damage, hastereference, slowreference",10,"merchant_dryad, merchant_nautica, merchant_tok-s-clocks, merchant_aila, merchant_ande, merchant_chronos, merchant_cobweb, merchant_goldie, merchant_jay-jay, merchant_luxe",10,"night_base, elem_火, elem_雷, role_坦克, role_控制, role_输出, special_merchant, elite_high, role_召唤铺场, role_机动压制",Icy,pal_080,踏春白兔,https://bazaar-builds.net/db/items/old-saltclaw.html,"deal 30 damage when you haste or slow, this gains +5 / 10 / 15 damage for the fight.",一对一确认来源对象。,hero_001,reference_reserved,"aquatic, friend, weapon, damage","haste, slow"
bz_van_081,81,item,snapshot_vanessa_legacy_catalog_v1,snapshot_the_bazaar_patch_18_0_boundary,true,false,"current_rule_match,structured_effects,quality_values,cooldown,buy_price,sell_price,ammo",oni-mask,Oni Mask,silver,medium,"apparel, tech, burn, critreference",10,"merchant_aimbot, merchant_the-tester, merchant_barkun, merchant_gaseo, merchant_goldie, merchant_hef, merchant_jay-jay, merchant_kina, merchant_luxe, merchant_mittel",10,"elem_水, elem_雷, elem_冰, elem_无, role_坦克, role_控制, tier_pT1, tier_pT2, role_抗压承伤, role_重甲抗压",Fiery,pal_081,药香花鹿,https://bazaar-builds.net/db/items/oni-mask.html,"burn 6 / 9 / 12 when you crit, your burn items gain +4 / 6 / 8 burn for the fight.",一对一确认来源对象。,hero_001,reference_reserved,"apparel, tech, burn",crit
bz_van_082,82,item,snapshot_vanessa_legacy_catalog_v1,snapshot_the_bazaar_patch_18_0_boundary,true,false,"current_rule_match,structured_effects,quality_values,cooldown,buy_price,sell_price,ammo",orange-julian,Orange Julian,silver,medium,"friend, damagereference, economyreference",10,"merchant_dryad, merchant_barkun, merchant_goldie, merchant_jay-jay, merchant_kina, merchant_luxe, merchant_mittel, merchant_prospero, merchant_quixel, merchant_serafina",10,"elem_水, elem_雷, elem_冰, elem_无, role_召唤, role_坦克, role_控制, role_治疗, role_机动, role_机动压制",Golden,pal_082,冰丝巨蛾,https://bazaar-builds.net/db/items/orange-julian.html,your weapons gain +damage equal to half the gold you have gained this run.,一对一确认来源对象。,hero_001,reference_reserved,friend,"damage, economy"
bz_van_083,83,item,snapshot_vanessa_legacy_catalog_v1,snapshot_the_bazaar_patch_18_0_boundary,true,false,"current_rule_match,structured_effects,quality_values,cooldown,buy_price,sell_price,ammo",pearl,Pearl,bronze,small,"aquatic, shield",10,"merchant_kev-s-armory, merchant_nautica, merchant_ande, merchant_goldie, merchant_jay-jay, merchant_kina, merchant_luxe, merchant_midsworth, merchant_proteus, merchant_quixel",10,"elem_火, elem_雷, elem_冰, elem_地, elem_龙, role_召唤, role_坦克, role_控制, role_输出, tier_pT3",Turbo,pal_083,云鳞幼螭,https://bazaar-builds.net/db/items/pearl.html,"shield 10 / 20 / 30 / 40 when you use another aquatic item, charge this 1 second.",一对一确认来源对象。,hero_001,reference_reserved,"aquatic, shield",
bz_van_084,84,item,snapshot_vanessa_legacy_catalog_v1,snapshot_the_bazaar_patch_18_0_boundary,true,false,"current_rule_match,structured_effects,quality_values,cooldown,buy_price,sell_price,ammo",pesky-pete,Pesky Pete,bronze,small,"friend, burn, flying",10,"merchant_dryad, merchant_pinfeather, merchant_ande, merchant_goldie, merchant_hef, merchant_jay-jay, merchant_kina, merchant_luxe, merchant_midsworth, merchant_quixel",10,"elem_火, elem_草, elem_雷, elem_冰, elem_地, role_召唤, role_坦克, role_控制, tier_pT2, role_机动压制",Fiery,pal_084,沧浪青蛟,https://bazaar-builds.net/db/items/pesky-pete.html,"burn 2 this starts flying for each adjacent friend or property, this has +1 multicast.",一对一确认来源对象。,hero_001,reference_reserved,"friend, burn, flying",
bz_van_085,85,item,snapshot_vanessa_legacy_catalog_v1,snapshot_the_bazaar_patch_18_0_boundary,true,false,"current_rule_match,structured_effects,quality_values,cooldown,buy_price,sell_price,ammo",pet-rock,Pet Rock,bronze,small,"weapon, friend, toy, damage, crit",10,"merchant_aimbot, merchant_dryad, merchant_aila, merchant_ande, merchant_goldie, merchant_jay-jay, merchant_luxe, merchant_midsworth, merchant_quixel, merchant_serafina",10,"night_base, elem_火, elem_雷, elem_地, role_召唤, role_坦克, role_控制, role_治疗, tier_pT1, role_机动压制",Deadly,pal_085,涌泉水獭,https://bazaar-builds.net/db/items/pet-rock.html,"deal 10 / 20 / 40 / 80 damage if this is your only friend, your items have +10 / 15 / 20 / 25% crit chance.",一对一确认来源对象。,hero_001,reference_reserved,"weapon, friend, toy, damage, crit",
bz_van_086,86,item,snapshot_vanessa_legacy_catalog_v1,snapshot_the_bazaar_patch_18_0_boundary,true,false,"current_rule_match,structured_effects,quality_values,cooldown,buy_price,sell_price,ammo",piano,Piano,gold,medium,haste,10,"merchant_tok-s-clocks, merchant_barkun, merchant_chronos, merchant_goldie, merchant_jay-jay, merchant_kina, merchant_luxe, merchant_mittel, merchant_quixel, merchant_serafina",10,"elem_水, elem_雷, elem_冰, elem_无, role_召唤, role_坦克, role_控制, role_治疗, special_merchant, elite_high",Turbo,pal_086,赤炎狻猊,https://bazaar-builds.net/db/items/piano.html,"when you use a friend, haste it for 1 → 2 seconds. adjacent items are friends.",一对一确认来源对象。,hero_001,reference_reserved,haste,
bz_van_087,87,item,snapshot_vanessa_legacy_catalog_v1,snapshot_the_bazaar_patch_18_0_boundary,true,false,"current_rule_match,structured_effects,quality_values,cooldown,buy_price,sell_price,ammo",piranha,Piranha,bronze,small,"aquatic, weapon, friend, damage, charge",10,"merchant_dryad, merchant_nautica, merchant_aila, merchant_ande, merchant_goldie, merchant_jay-jay, merchant_luxe, merchant_midsworth, merchant_quixel, merchant_serafina",10,"night_base, elem_火, elem_雷, elem_地, role_召唤, role_坦克, role_控制, role_治疗, role_输出, role_机动压制",Turbo,pal_087,碧海青蛟,https://bazaar-builds.net/db/items/piranha.html,"deal 15 damage when you use another friend or food, charge this 1 second.",一对一确认来源对象。,hero_001,reference_reserved,"aquatic, weapon, friend, damage, charge",
bz_van_088,88,item,snapshot_vanessa_legacy_catalog_v1,snapshot_the_bazaar_patch_18_0_boundary,true,false,"current_rule_match,structured_effects,quality_values,cooldown,buy_price,sell_price,ammo",pistol-sword,Pistol Sword,gold,medium,"weapon, damage, ammo",10,"merchant_colt, merchant_aila, merchant_barkun, merchant_goldie, merchant_jay-jay, merchant_luxe, merchant_mittel, merchant_quixel, merchant_serafina, merchant_valpak",10,"night_base, elem_水, elem_雷, elem_暗, elem_无, role_召唤, role_坦克, role_控制, role_治疗, role_机动",Deadly,pal_088,冰棘豪猪,https://bazaar-builds.net/db/items/pistol-sword.html,"deal 15 → 30 damage when you use an ammo item, deal 15 → 30 damage.",一对一确认来源对象。,hero_001,reference_reserved,"weapon, damage, ammo",
bz_van_089,89,item,snapshot_vanessa_legacy_catalog_v1,snapshot_the_bazaar_patch_18_0_boundary,true,false,"current_rule_match,structured_effects,quality_values,cooldown,buy_price,sell_price,ammo",pop-snappers,Pop Snappers,bronze,small,"toy, burn, ammo",10,"merchant_colt, merchant_ande, merchant_goldie, merchant_hef, merchant_jay-jay, merchant_kina, merchant_luxe, merchant_midsworth, merchant_quixel, merchant_serafina",10,"elem_火, elem_雷, elem_冰, elem_地, role_召唤, role_坦克, role_控制, role_治疗, role_机动, tier_pT2",Fiery,pal_089,狱火凶獒,https://bazaar-builds.net/db/items/pop-snappers.html,burn 4 / 8 / 12 / 16,一对一确认来源对象。,hero_001,reference_reserved,"toy, burn, ammo",
bz_van_090,90,item,snapshot_vanessa_legacy_catalog_v1,snapshot_the_bazaar_patch_18_0_boundary,true,false,"current_rule_match,structured_effects,quality_values,cooldown,buy_price,sell_price,ammo",port,Port,silver,large,"property, aquatic, ammoreference, charge",10,"merchant_colt, merchant_nautica, merchant_barkun, merchant_goldie, merchant_jay-jay, merchant_kina, merchant_luxe, merchant_midsworth, merchant_mr-morland, merchant_pol",10,"elem_水, elem_雷, elem_冰, elem_地, elem_暗, role_坦克, role_控制, role_输出, role_机动, role_风系铺场",Turbo,pal_090,三首火犬,https://bazaar-builds.net/db/items/port.html,"reload all your items 2 / 3 / 4 ammo and charge them 1 / 2 / 3 seconds at the start of each day, get a small ammo item from any hero.",一对一确认来源对象。,hero_001,reference_reserved,"property, aquatic, charge",ammo
bz_van_091,91,item,snapshot_vanessa_legacy_catalog_v1,snapshot_the_bazaar_patch_18_0_boundary,true,false,"current_rule_match,structured_effects,quality_values,cooldown,buy_price,sell_price,ammo",powder-horn,Powder Horn,bronze,small,"tool, ammoreference",10,"merchant_colt, merchant_ande, merchant_goldie, merchant_jay-jay, merchant_kina, merchant_luxe, merchant_midsworth, merchant_orion, merchant_quixel, merchant_serafina",10,"elem_火, elem_雷, elem_冰, elem_地, role_召唤, role_坦克, role_控制, role_治疗, role_机动, role_远点压制",Deadly,pal_091,覆水龙龟,https://bazaar-builds.net/db/items/powder-horn.html,reload the item to the right of this 1 / 2 / 3 / 4 ammo,一对一确认来源对象。,hero_001,reference_reserved,tool,ammo
bz_van_092,92,item,snapshot_vanessa_legacy_catalog_v1,snapshot_the_bazaar_patch_18_0_boundary,true,false,"current_rule_match,structured_effects,quality_values,cooldown,buy_price,sell_price,ammo",powder-keg,Powder Keg,gold,medium,"weapon, damage, burnreference",10,"merchant_aila, merchant_barkun, merchant_goldie, merchant_hef, merchant_jay-jay, merchant_luxe, merchant_mittel, merchant_quixel, merchant_serafina, merchant_valpak",10,"night_base, elem_水, elem_雷, elem_暗, elem_无, role_召唤, role_坦克, role_控制, role_治疗, tier_pT2",Fiery,pal_092,雷泽青蛟,https://bazaar-builds.net/db/items/powder-keg.html,"deal damage equal to 30 → 40% of an enemy's max health and destroy this when you burn, charge this 2 seconds.",一对一确认来源对象。,hero_001,reference_reserved,"weapon, damage",burn
bz_van_093,93,item,snapshot_vanessa_legacy_catalog_v1,snapshot_the_bazaar_patch_18_0_boundary,true,false,"current_rule_match,structured_effects,quality_values,cooldown,buy_price,sell_price,ammo",pufferfish,Pufferfish,silver,medium,"aquatic, friend, poison, hastereference",10,"merchant_dryad, merchant_nautica, merchant_tok-s-clocks, merchant_barkun, merchant_chronos, merchant_goldie, merchant_jay-jay, merchant_kina, merchant_knightshade, merchant_luxe",10,"elem_水, elem_雷, elem_冰, role_坦克, role_控制, role_输出, special_merchant, elite_high, role_机动压制, role_火系压制",Toxic,pal_093,连理双鹿,https://bazaar-builds.net/db/items/pufferfish.html,"poison 10 / 20 / 30 when you haste, charge this 2 seconds.",一对一确认来源对象。,hero_001,reference_reserved,"aquatic, friend, poison",haste
bz_van_094,94,item,snapshot_vanessa_legacy_catalog_v1,snapshot_the_bazaar_patch_18_0_boundary,true,false,"current_rule_match,structured_effects,quality_values,cooldown,buy_price,sell_price,ammo",ramrod,Ramrod,bronze,medium,"tool, ammoreference, crit",10,"merchant_aimbot, merchant_colt, merchant_barkun, merchant_goldie, merchant_jay-jay, merchant_kina, merchant_luxe, merchant_mittel, merchant_orion, merchant_quixel",10,"elem_水, elem_雷, elem_冰, elem_无, role_召唤, role_坦克, role_控制, role_机动, tier_pT1, role_远点压制",Deadly,pal_094,海棠水鹿,https://bazaar-builds.net/db/items/ramrod.html,"reload adjacent ammo items 1 / 2 / 3 / 4 ammo when you reload an item, it gains +10 / 20 / 30 / 40% crit chance for the fight",一对一确认来源对象。,hero_001,reference_reserved,"tool, crit",ammo
bz_van_095,95,item,snapshot_vanessa_legacy_catalog_v1,snapshot_the_bazaar_patch_18_0_boundary,true,false,"current_rule_match,structured_effects,quality_values,cooldown,buy_price,sell_price,ammo",repeater,Repeater,silver,medium,"weapon, damage, ammo",10,"merchant_colt, merchant_aila, merchant_barkun, merchant_goldie, merchant_jay-jay, merchant_luxe, merchant_mittel, merchant_quixel, merchant_serafina, merchant_silvia",10,"night_base, elem_水, elem_雷, elem_无, role_召唤, role_坦克, role_控制, role_治疗, role_经济, role_机动",Deadly,pal_095,百花灵鹿,https://bazaar-builds.net/db/items/repeater.html,"deal 30 damage when you use another ammo item, use this.",一对一确认来源对象。,hero_001,reference_reserved,"weapon, damage, ammo",
bz_van_096,96,item,snapshot_vanessa_legacy_catalog_v1,snapshot_the_bazaar_patch_18_0_boundary,true,false,"current_rule_match,structured_effects,quality_values,cooldown,buy_price,sell_price,ammo",revolver,Revolver,bronze,small,"weapon, damage, ammo",10,"merchant_colt, merchant_aila, merchant_ande, merchant_goldie, merchant_jay-jay, merchant_luxe, merchant_midsworth, merchant_quixel, merchant_serafina, merchant_silvia",10,"night_base, elem_火, elem_雷, elem_地, role_召唤, role_坦克, role_控制, role_治疗, role_经济, role_机动",Deadly,pal_096,熔岩巨兽,https://bazaar-builds.net/db/items/revolver.html,deal 8 / 16 / 32 / 64 damage,一对一确认来源对象。,hero_001,reference_reserved,"weapon, damage, ammo",
bz_van_097,97,item,snapshot_vanessa_legacy_catalog_v1,snapshot_the_bazaar_patch_18_0_boundary,true,false,"current_rule_match,structured_effects,quality_values,cooldown,buy_price,sell_price,ammo",rifle,Rifle,bronze,medium,"weapon, damage, ammo",10,"merchant_colt, merchant_aila, merchant_barkun, merchant_goldie, merchant_jay-jay, merchant_luxe, merchant_mittel, merchant_quixel, merchant_serafina, merchant_silvia",10,"night_base, elem_水, elem_雷, elem_无, role_召唤, role_坦克, role_控制, role_治疗, role_经济, role_机动",Deadly,pal_097,寒岩巨兽,https://bazaar-builds.net/db/items/rifle.html,deal 20 / 40 / 60 / 80 damage this gains +20 / 40 / 60 / 80 damage for the fight,一对一确认来源对象。,hero_001,reference_reserved,"weapon, damage, ammo",
bz_van_098,98,item,snapshot_vanessa_legacy_catalog_v1,snapshot_the_bazaar_patch_18_0_boundary,true,false,"current_rule_match,structured_effects,quality_values,cooldown,buy_price,sell_price,ammo",rowboat,Rowboat,gold,medium,"aquatic, vehicle, charge, cooldown",10,"merchant_nautica, merchant_tok-s-clocks, merchant_aero, merchant_barkun, merchant_goldie, merchant_jay-jay, merchant_kina, merchant_luxe, merchant_mittel, merchant_quixel",10,"elem_火, elem_水, elem_雷, elem_冰, elem_无, role_召唤, role_坦克, role_控制, role_输出, special_merchant",Turbo,pal_098,云顶巨驼,https://bazaar-builds.net/db/items/rowboat.html,"charge adjacent items 1 → 2 seconds if you have 7 or more unique types, this item's cooldown is reduced by 5 seconds.",一对一确认来源对象。,hero_001,reference_reserved,"aquatic, vehicle, charge, cooldown",
bz_van_099,99,item,snapshot_vanessa_legacy_catalog_v1,snapshot_the_bazaar_patch_18_0_boundary,true,false,"current_rule_match,structured_effects,quality_values,cooldown,buy_price,sell_price,ammo",scimitar-of-the-deep,Scimitar of the Deep,silver,medium,"weapon, relic, aquatic, damage, poison, crit, hastereference",10,"merchant_aimbot, merchant_nautica, merchant_tok-s-clocks, merchant_aila, merchant_barkun, merchant_chronos, merchant_goldie, merchant_jay-jay, merchant_knightshade, merchant_luxe",10,"night_base, elem_水, elem_雷, role_坦克, role_控制, role_输出, special_merchant, elite_high, tier_pT1, role_火系压制",Toxic,pal_099,冰峰巨驼,https://bazaar-builds.net/db/items/scimitar-of-the-deep.html,"deal 20 damage when you crit, poison equal to half this item's damage. when this is hasted, your poison items gain +3 / 6 / 9 poison for the fight.",一对一确认来源对象。,hero_001,reference_reserved,"weapon, relic, aquatic, damage, poison, crit",haste
bz_van_100,100,item,snapshot_vanessa_legacy_catalog_v1,snapshot_the_bazaar_patch_18_0_boundary,true,false,"current_rule_match,structured_effects,quality_values,cooldown,buy_price,sell_price,ammo",sea-shell,Sea Shell,bronze,small,"aquatic, shield",10,"merchant_kev-s-armory, merchant_nautica, merchant_ande, merchant_goldie, merchant_jay-jay, merchant_kina, merchant_luxe, merchant_midsworth, merchant_proteus, merchant_quixel",10,"elem_火, elem_雷, elem_冰, elem_地, elem_龙, role_召唤, role_坦克, role_控制, role_输出, tier_pT3",Shielded,pal_100,青林巨象,https://bazaar-builds.net/db/items/sea-shell.html,shield 10 / 15 / 20 / 25 for each aquatic item you have,一对一确认来源对象。,hero_001,reference_reserved,"aquatic, shield",
bz_van_101,101,item,snapshot_vanessa_legacy_catalog_v1,snapshot_the_bazaar_patch_18_0_boundary,true,false,"current_rule_match,structured_effects,quality_values,cooldown,buy_price,sell_price,ammo",seadog-s-saloon,Seadog's Saloon,silver,large,"aquatic, property, haste, slow",10,"merchant_nautica, merchant_tok-s-clocks, merchant_barkun, merchant_chronos, merchant_cobweb, merchant_goldie, merchant_jay-jay, merchant_kina, merchant_luxe, merchant_midsworth",10,"elem_水, elem_雷, elem_冰, elem_地, role_坦克, role_控制, role_输出, special_merchant, elite_high, role_召唤铺场",Icy,pal_101,白牙雪象,https://bazaar-builds.net/db/items/seadog-s-saloon.html,haste an item for 2 seconds slow an item for 2 seconds this has +1 multicast for each friend you have.,一对一确认来源对象。,hero_001,reference_reserved,"aquatic, property, haste, slow",
bz_van_102,102,item,snapshot_vanessa_legacy_catalog_v1,snapshot_the_bazaar_patch_18_0_boundary,true,false,"current_rule_match,structured_effects,quality_values,cooldown,buy_price,sell_price,ammo",seashadow,Seashadow,silver,medium,"friend, vehicle, cooldown",10,"merchant_dryad, merchant_tok-s-clocks, merchant_aero, merchant_barkun, merchant_goldie, merchant_jay-jay, merchant_kina, merchant_luxe, merchant_mittel, merchant_quixel",10,"elem_火, elem_水, elem_雷, elem_冰, elem_无, role_召唤, role_坦克, role_控制, special_merchant, role_机动压制",Turbo,pal_102,白绒雪猿,https://bazaar-builds.net/db/items/seashadow.html,reduce the cooldown of your other items by 8% for the fight increase this item's cooldown by 4 / 3 / 2 seconds for the fight,一对一确认来源对象。,hero_001,reference_reserved,"friend, vehicle, cooldown",
bz_van_103,103,item,snapshot_vanessa_legacy_catalog_v1,snapshot_the_bazaar_patch_18_0_boundary,true,false,"current_rule_match,structured_effects,quality_values,cooldown,buy_price,sell_price,ammo",seaweed,Seaweed,bronze,small,"aquatic, heal",10,"merchant_nautica, merchant_ande, merchant_goldie, merchant_herma, merchant_jay-jay, merchant_kina, merchant_luxe, merchant_midsworth, merchant_quixel, merchant_serafina",10,"night_base, elem_火, elem_雷, elem_冰, elem_地, role_召唤, role_坦克, role_控制, role_治疗, role_输出",Restorative,pal_103,绿苔巨猿,https://bazaar-builds.net/db/items/seaweed.html,"heal 20 when you use an aquatic item, this gains +5 / 10 / 15 / 20 heal for the fight.",一对一确认来源对象。,hero_001,reference_reserved,"aquatic, heal",
bz_van_104,104,item,snapshot_vanessa_legacy_catalog_v1,snapshot_the_bazaar_patch_18_0_boundary,true,false,"current_rule_match,structured_effects,quality_values,cooldown,buy_price,sell_price,ammo",sextant,Sextant,silver,medium,"aquatic, tool, crit, haste",10,"merchant_aimbot, merchant_nautica, merchant_tok-s-clocks, merchant_barkun, merchant_chronos, merchant_goldie, merchant_jay-jay, merchant_kina, merchant_luxe, merchant_mittel",10,"elem_水, elem_雷, elem_冰, elem_无, role_坦克, role_控制, role_输出, special_merchant, elite_high, tier_pT1",Turbo,pal_104,铁甲巨兕,https://bazaar-builds.net/db/items/sextant.html,"when you crit, haste an item for 1 / 2 / 3 seconds. when you haste, an item gains +10% crit chance for the fight.",一对一确认来源对象。,hero_001,reference_reserved,"aquatic, tool, crit, haste",
bz_van_105,105,item,snapshot_vanessa_legacy_catalog_v1,snapshot_the_bazaar_patch_18_0_boundary,true,false,"current_rule_match,structured_effects,quality_values,cooldown,buy_price,sell_price,ammo",sharkclaws,Sharkclaws,bronze,medium,"aquatic, weapon, damage",10,"merchant_nautica, merchant_aila, merchant_barkun, merchant_goldie, merchant_jay-jay, merchant_luxe, merchant_mittel, merchant_quixel, merchant_serafina, merchant_silvia",10,"night_base, elem_水, elem_雷, elem_无, role_召唤, role_坦克, role_控制, role_治疗, role_输出, role_经济",Deadly,pal_105,云海白鹿,https://bazaar-builds.net/db/items/sharkclaws.html,deal 10 / 20 / 30 / 40 damage your weapons gain +10 / 20 / 30 / 40 damage for the fight,一对一确认来源对象。,hero_001,reference_reserved,"aquatic, weapon, damage",
bz_van_106,106,item,snapshot_vanessa_legacy_catalog_v1,snapshot_the_bazaar_patch_18_0_boundary,true,false,"current_rule_match,structured_effects,quality_values,cooldown,buy_price,sell_price,ammo",sharkray,Sharkray,silver,medium,"aquatic, weapon, friend, ray, damage, hastereference, poisonreference",10,"merchant_dryad, merchant_nautica, merchant_tok-s-clocks, merchant_aila, merchant_barkun, merchant_chronos, merchant_goldie, merchant_jay-jay, merchant_knightshade, merchant_luxe",10,"night_base, elem_水, elem_雷, role_坦克, role_控制, role_输出, special_merchant, elite_high, role_机动压制, role_火系压制",Toxic,pal_106,夜幕巨蝠,https://bazaar-builds.net/db/items/sharkray.html,"deal 20 damage when you haste a friend, your friends gain +5 / 10 / 15 damage and 1 / 2 / 3 poison for the fight.",一对一确认来源对象。,hero_001,reference_reserved,"aquatic, weapon, friend, ray, damage","haste, poison"
bz_van_107,107,item,snapshot_vanessa_legacy_catalog_v1,snapshot_the_bazaar_patch_18_0_boundary,true,false,"current_rule_match,structured_effects,quality_values,cooldown,buy_price,sell_price,ammo",shipwreck,Shipwreck,diamond,large,"aquatic, vehicle, property, relic",10,"merchant_nautica, merchant_aero, merchant_barkun, merchant_jay-jay, merchant_kina, merchant_luxe, merchant_midsworth, merchant_mr-morland, merchant_pol, merchant_serafina",10,"elem_火, elem_水, elem_雷, elem_冰, elem_地, elem_暗, role_控制, role_治疗, role_输出, role_风系铺场",Radiant,pal_107,天羽云螭,https://bazaar-builds.net/db/items/shipwreck.html,your aquatic items have +1 multicast.,一对一确认来源对象。,hero_001,reference_reserved,"aquatic, vehicle, property, relic",
bz_van_108,108,item,snapshot_vanessa_legacy_catalog_v1,snapshot_the_bazaar_patch_18_0_boundary,true,false,"current_rule_match,structured_effects,quality_values,cooldown,buy_price,sell_price,ammo",shoe-blade,Shoe Blade,bronze,small,"weapon, apparel, damage, crit",10,"merchant_aimbot, merchant_aila, merchant_ande, merchant_gaseo, merchant_goldie, merchant_jay-jay, merchant_luxe, merchant_midsworth, merchant_quixel, merchant_serafina",10,"night_base, elem_火, elem_雷, elem_地, role_召唤, role_坦克, role_控制, role_治疗, tier_pT1, role_重甲抗压",Deadly,pal_108,焰羽赤雕,https://bazaar-builds.net/db/items/shoe-blade.html,deal 25 / 50 / 100 / 200 damage this has +100% crit chance on its first use each fight.,一对一确认来源对象。,hero_001,reference_reserved,"weapon, apparel, damage, crit",
bz_van_109,109,item,snapshot_vanessa_legacy_catalog_v1,snapshot_the_bazaar_patch_18_0_boundary,true,false,"current_rule_match,structured_effects,quality_values,cooldown,buy_price,sell_price,ammo",shot-glasses,Shot Glasses,silver,small,"ammo, haste, slow",10,"merchant_colt, merchant_tok-s-clocks, merchant_ande, merchant_chronos, merchant_cobweb, merchant_goldie, merchant_jay-jay, merchant_kina, merchant_luxe, merchant_midsworth",10,"elem_火, elem_雷, elem_冰, elem_地, role_坦克, role_控制, role_机动, special_merchant, elite_high, role_召唤铺场",Icy,pal_109,冥羽黑乌,https://bazaar-builds.net/db/items/shot-glasses.html,haste 4 of your items for 1 second slow 4 of your items for 1 second,一对一确认来源对象。,hero_001,reference_reserved,"ammo, haste, slow",
bz_van_110,110,item,snapshot_vanessa_legacy_catalog_v1,snapshot_the_bazaar_patch_18_0_boundary,true,false,"current_rule_match,structured_effects,quality_values,cooldown,buy_price,sell_price,ammo",shovel,Shovel,bronze,medium,"weapon, tool, damage",10,"merchant_aila, merchant_barkun, merchant_goldie, merchant_jay-jay, merchant_luxe, merchant_mittel, merchant_orion, merchant_quixel, merchant_serafina, merchant_silvia",10,"night_base, elem_水, elem_雷, elem_无, role_召唤, role_坦克, role_控制, role_治疗, role_经济, role_远点压制",Deadly,pal_110,渊鳞黑蛟,https://bazaar-builds.net/db/items/shovel.html,"deal 25 / 50 / 100 / 200 damage at the start of each day, get a small item from any hero.",一对一确认来源对象。,hero_001,reference_reserved,"weapon, tool, damage",
bz_van_111,111,item,snapshot_vanessa_legacy_catalog_v1,snapshot_the_bazaar_patch_18_0_boundary,true,false,"current_rule_match,structured_effects,quality_values,cooldown,buy_price,sell_price,ammo",shuriken,Shuriken,bronze,small,"weapon, damage, ammo",10,"merchant_colt, merchant_aila, merchant_ande, merchant_goldie, merchant_jay-jay, merchant_luxe, merchant_midsworth, merchant_quixel, merchant_serafina, merchant_silvia",10,"night_base, elem_火, elem_雷, elem_地, role_召唤, role_坦克, role_控制, role_治疗, role_经济, role_机动",Deadly,pal_111,毒甲蝎将,https://bazaar-builds.net/db/items/shuriken.html,"deal 5 / 10 / 20 / 40 damage this has multicast equal to its current ammo. when you use this, spend all its ammo.",一对一确认来源对象。,hero_001,reference_reserved,"weapon, damage, ammo",
bz_van_112,112,item,snapshot_vanessa_legacy_catalog_v1,snapshot_the_bazaar_patch_18_0_boundary,true,false,"current_rule_match,structured_effects,quality_values,cooldown,buy_price,sell_price,ammo",slumbering-primordial,Slumbering Primordial,gold,large,"friend, aquatic, weapon, relic, poisonreference, freezereference, burnreference, damage",10,"merchant_dryad, merchant_nautica, merchant_aila, merchant_barkun, merchant_freiya, merchant_goldie, merchant_hef, merchant_jay-jay, merchant_knightshade, merchant_luxe",10,"night_base, elem_水, elem_雷, role_坦克, role_控制, role_输出, tier_pT2, role_机动压制, role_风系牵制, role_火系压制",Fiery,pal_112,石猿战将,https://bazaar-builds.net/db/items/slumbering-primordial.html,"deal 20 → 25 damage when you poison, freeze, or burn, charge this 1 → 2 seconds and this gains +20 → 25 damage for the fight.",一对一确认来源对象。,hero_001,reference_reserved,"friend, aquatic, weapon, relic, damage","poison, freeze, burn"
bz_van_113,113,item,snapshot_vanessa_legacy_catalog_v1,snapshot_the_bazaar_patch_18_0_boundary,true,false,"current_rule_match,structured_effects,quality_values,cooldown,buy_price,sell_price,ammo",sniper-rifle,Sniper Rifle,gold,medium,"weapon, damage",10,"merchant_aila, merchant_barkun, merchant_goldie, merchant_jay-jay, merchant_luxe, merchant_mittel, merchant_quixel, merchant_serafina, merchant_valpak, merchant_vanessa",10,"night_base, elem_水, elem_雷, elem_暗, elem_无, role_召唤, role_坦克, role_控制, role_治疗, elite_high",Deadly,pal_113,覆海蛟王,https://bazaar-builds.net/db/items/sniper-rifle.html,deal 100 damage this deals 5 → 10 times more damage if it is your only weapon.,一对一确认来源对象。,hero_001,reference_reserved,"weapon, damage",
bz_van_114,114,item,snapshot_vanessa_legacy_catalog_v1,snapshot_the_bazaar_patch_18_0_boundary,true,false,"current_rule_match,structured_effects,quality_values,cooldown,buy_price,sell_price,ammo",spyglass,Spyglass,gold,medium,"tool, crit, cooldown, slowreference",10,"merchant_aimbot, merchant_tok-s-clocks, merchant_barkun, merchant_cobweb, merchant_goldie, merchant_jay-jay, merchant_kina, merchant_luxe, merchant_mittel, merchant_orion",10,"elem_水, elem_雷, elem_冰, elem_无, role_坦克, role_控制, special_merchant, tier_pT1, role_召唤铺场, role_远点压制",Icy,pal_114,赤焰龙君,https://bazaar-builds.net/db/items/spyglass.html,"when you slow, an item gains +10% crit chance for the fight. at the start of each fight, increase an enemy items cooldown by 3 → 6 seconds for the fight.",一对一确认来源对象。,hero_001,reference_reserved,"tool, crit, cooldown",slow
bz_van_115,115,item,snapshot_vanessa_legacy_catalog_v1,snapshot_the_bazaar_patch_18_0_boundary,true,false,"current_rule_match,structured_effects,quality_values,cooldown,buy_price,sell_price,ammo",star-chart,Star Chart,bronze,medium,"tool, relic, cooldown, crit",10,"merchant_aimbot, merchant_tok-s-clocks, merchant_barkun, merchant_goldie, merchant_jay-jay, merchant_kina, merchant_luxe, merchant_mittel, merchant_orion, merchant_quixel",10,"elem_水, elem_雷, elem_冰, elem_无, role_召唤, role_坦克, role_控制, special_merchant, tier_pT1, role_远点压制",Turbo,pal_115,南明朱雀,https://bazaar-builds.net/db/items/star-chart.html,adjacent items have +10 / 15 / 20 / 25% crit chance. adjacent items' cooldowns are reduced by 5 / 10 / 15 / 20%.,一对一确认来源对象。,hero_001,reference_reserved,"tool, relic, cooldown, crit",
bz_van_116,116,item,snapshot_vanessa_legacy_catalog_v1,snapshot_the_bazaar_patch_18_0_boundary,true,false,"current_rule_match,structured_effects,quality_values,cooldown,buy_price,sell_price,ammo",stealth-glider,Stealth Glider,silver,large,"vehicle, tech, flying",10,"merchant_pinfeather, merchant_the-tester, merchant_aero, merchant_barkun, merchant_goldie, merchant_jay-jay, merchant_kina, merchant_luxe, merchant_midsworth, merchant_pol",10,"elem_火, elem_水, elem_草, elem_雷, elem_冰, elem_地, role_坦克, role_控制, role_抗压承伤, role_风系铺场",Deadly,pal_116,净瓶青鸾,https://bazaar-builds.net/db/items/stealth-glider.html,an item starts flying. you take 10% less damage for each other flying item you have.,一对一确认来源对象。,hero_001,reference_reserved,"vehicle, tech, flying",
bz_van_117,117,item,snapshot_vanessa_legacy_catalog_v1,snapshot_the_bazaar_patch_18_0_boundary,true,false,"current_rule_match,structured_effects,quality_values,cooldown,buy_price,sell_price,ammo",submarine,Submarine,silver,large,"aquatic, weapon, vehicle, tech, damage, shield",10,"merchant_kev-s-armory, merchant_nautica, merchant_the-tester, merchant_aero, merchant_aila, merchant_barkun, merchant_goldie, merchant_jay-jay, merchant_luxe, merchant_midsworth",10,"night_base, elem_火, elem_水, elem_雷, elem_地, role_坦克, role_控制, role_输出, tier_pT3, role_抗压承伤",Icy,pal_117,九霄熊王,https://bazaar-builds.net/db/items/submarine.html,deal 60 / 120 / 240 damage shield equal to this item's damage if this is your only weapon it is affected by freeze and slow for half as long.,一对一确认来源对象。,hero_001,reference_reserved,"aquatic, weapon, vehicle, tech, damage, shield",
bz_van_118,118,item,snapshot_vanessa_legacy_catalog_v1,snapshot_the_bazaar_patch_18_0_boundary,true,false,"current_rule_match,structured_effects,quality_values,cooldown,buy_price,sell_price,ammo",submersible,Submersible,silver,medium,"aquatic, tool, vehicle, tech, damagereference, shieldreference",10,"merchant_kev-s-armory, merchant_nautica, merchant_the-tester, merchant_aero, merchant_barkun, merchant_goldie, merchant_jay-jay, merchant_kina, merchant_luxe, merchant_mittel",10,"elem_火, elem_水, elem_雷, elem_冰, elem_无, role_坦克, role_控制, role_输出, tier_pT3, role_抗压承伤",Turbo,pal_118,百花鹿仙,https://bazaar-builds.net/db/items/submersible.html,"your leftmost and rightmost aquatic weapon and shield items gain +10 / 20 / 30 damage and +10 / 20 / 30 shield for the fight. if you have another vehicle or large item, this item's cooldown is reduced by 2 seconds.",一对一确认来源对象。,hero_001,reference_reserved,"aquatic, tool, vehicle, tech","damage, shield"
bz_van_119,119,item,snapshot_vanessa_legacy_catalog_v1,snapshot_the_bazaar_patch_18_0_boundary,true,false,"current_rule_match,structured_effects,quality_values,cooldown,buy_price,sell_price,ammo",suppressor,Suppressor,silver,small,"tech, damagereference, cooldown",10,"merchant_the-tester, merchant_tok-s-clocks, merchant_ande, merchant_goldie, merchant_jay-jay, merchant_kina, merchant_luxe, merchant_midsworth, merchant_quixel, merchant_serafina",10,"elem_火, elem_雷, elem_冰, elem_地, role_召唤, role_坦克, role_控制, role_治疗, special_merchant, role_抗压承伤",Turbo,pal_119,黑月狐姬,https://bazaar-builds.net/db/items/suppressor.html,"the weapon to the left of this has +25 / 50 / 75 damage. if you have exactly one weapon, its cooldown is reduced by 5 / 10 / 15%.",一对一确认来源对象。,hero_001,reference_reserved,"tech, cooldown",damage
bz_van_120,120,item,snapshot_vanessa_legacy_catalog_v1,snapshot_the_bazaar_patch_18_0_boundary,true,false,"current_rule_match,structured_effects,quality_values,cooldown,buy_price,sell_price,ammo",swash-buckle,Swash Buckle,gold,medium,"apparel, crit, damagereference, healreference, shieldreference",10,"merchant_aimbot, merchant_kev-s-armory, merchant_barkun, merchant_gaseo, merchant_goldie, merchant_herma, merchant_jay-jay, merchant_kina, merchant_luxe, merchant_mittel",10,"night_base, elem_水, elem_雷, elem_冰, elem_无, role_坦克, role_控制, tier_pT1, tier_pT3, role_重甲抗压",Restorative,pal_120,火云鹏王,https://bazaar-builds.net/db/items/swash-buckle.html,"adjacent items have +20 → 40% crit chance. adjacent items have bonus damage, heal, or shield equal to their crit chance.",一对一确认来源对象。,hero_001,reference_reserved,"apparel, crit","damage, heal, shield"
bz_van_121,121,item,snapshot_vanessa_legacy_catalog_v1,snapshot_the_bazaar_patch_18_0_boundary,true,false,"current_rule_match,structured_effects,quality_values,cooldown,buy_price,sell_price,ammo",switchblade,Switchblade,bronze,small,"weapon, damage",10,"merchant_aila, merchant_ande, merchant_goldie, merchant_jay-jay, merchant_luxe, merchant_midsworth, merchant_quixel, merchant_serafina, merchant_silvia, merchant_valpak",10,"night_base, elem_火, elem_雷, elem_地, elem_暗, role_召唤, role_坦克, role_控制, role_治疗, role_经济",Deadly,pal_121,雷泽龙王,https://bazaar-builds.net/db/items/switchblade.html,"deal 4 / 8 / 12 / 16 damage when you use an adjacent weapon, it gains +4 / 8 / 12 / 16 damage for the fight.",一对一确认来源对象。,hero_001,reference_reserved,"weapon, damage",
bz_van_122,122,item,snapshot_vanessa_legacy_catalog_v1,snapshot_the_bazaar_patch_18_0_boundary,true,false,"current_rule_match,structured_effects,quality_values,cooldown,buy_price,sell_price,ammo",the-boulder,The Boulder,gold,large,"weapon, relic, trap, damage, ammo",10,"merchant_colt, merchant_aila, merchant_barkun, merchant_goldie, merchant_jay-jay, merchant_luxe, merchant_midsworth, merchant_pol, merchant_serafina, merchant_the-antiquarian",10,"night_base, elem_水, elem_雷, elem_冰, elem_地, role_坦克, role_控制, role_治疗, role_机动, role_风系铺场",Restorative,pal_122,玄羽雕尊,https://bazaar-builds.net/db/items/the-boulder.html,deal damage equal to an enemy's max health,一对一确认来源对象。,hero_001,reference_reserved,"weapon, relic, trap, damage, ammo",
bz_van_123,123,item,snapshot_vanessa_legacy_catalog_v1,snapshot_the_bazaar_patch_18_0_boundary,true,false,"current_rule_match,structured_effects,quality_values,cooldown,buy_price,sell_price,ammo",throwing-knives,Throwing Knives,gold,small,"weapon, damage, critreference, ammo",10,"merchant_aimbot, merchant_colt, merchant_aila, merchant_ande, merchant_goldie, merchant_jay-jay, merchant_luxe, merchant_midsworth, merchant_quixel, merchant_serafina",10,"night_base, elem_火, elem_雷, elem_地, role_召唤, role_坦克, role_控制, role_治疗, role_机动, tier_pT1",Deadly,pal_123,白象护法,https://bazaar-builds.net/db/items/throwing-knives.html,"deal 33 damage when you crit with another item, use this.",一对一确认来源对象。,hero_001,reference_reserved,"weapon, damage, ammo",crit
bz_van_124,124,item,snapshot_vanessa_legacy_catalog_v1,snapshot_the_bazaar_patch_18_0_boundary,true,false,"current_rule_match,structured_effects,quality_values,cooldown,buy_price,sell_price,ammo",tiny-cutlass,Tiny Cutlass,bronze,small,"weapon, damage, critreference",1,merchant_vanessa,1,elite_high,Deadly,pal_124,混世魔猿,https://bazaar-builds.net/db/items/tiny-cutlass.html,deal 6 / 12 / 24 / 48 damage this deals double crit damage.,一对一确认来源对象。,hero_001,reference_reserved,"weapon, damage",crit
bz_van_125,125,item,snapshot_vanessa_legacy_catalog_v1,snapshot_the_bazaar_patch_18_0_boundary,true,false,"current_rule_match,structured_effects,quality_values,cooldown,buy_price,sell_price,ammo",torpedo,Torpedo,silver,medium,"aquatic, weapon, tech, damage, ammo",10,"merchant_colt, merchant_nautica, merchant_the-tester, merchant_aila, merchant_barkun, merchant_goldie, merchant_jay-jay, merchant_luxe, merchant_mittel, merchant_quixel",10,"night_base, elem_水, elem_雷, elem_无, role_召唤, role_坦克, role_控制, role_输出, role_机动, role_抗压承伤",Deadly,pal_125,寒狮妖王,https://bazaar-builds.net/db/items/torpedo.html,"deal 100 damage when you use another aquatic or ammo item, this gains 40 / 80 / 120 damage for the fight. if the item is large, double the damage gain.",一对一确认来源对象。,hero_001,reference_reserved,"aquatic, weapon, tech, damage, ammo",
bz_van_126,126,item,snapshot_vanessa_legacy_catalog_v1,snapshot_the_bazaar_patch_18_0_boundary,true,false,"current_rule_match,structured_effects,quality_values,cooldown,buy_price,sell_price,ammo",tortuga,Tortuga,gold,large,"aquatic, friend, vehicle, weapon, damage, haste",10,"merchant_dryad, merchant_nautica, merchant_tok-s-clocks, merchant_aero, merchant_aila, merchant_barkun, merchant_chronos, merchant_goldie, merchant_jay-jay, merchant_luxe",10,"night_base, elem_火, elem_水, elem_雷, role_坦克, role_控制, role_输出, special_merchant, elite_high, role_机动压制",Turbo,pal_126,幽冥獒王,https://bazaar-builds.net/db/items/tortuga.html,"deal 450 → 900 damage haste your other items for 1 second when you use another friend, charge this 2 seconds.",一对一确认来源对象。,hero_001,reference_reserved,"aquatic, friend, vehicle, weapon, damage, haste",
bz_van_127,127,item,snapshot_vanessa_legacy_catalog_v1,snapshot_the_bazaar_patch_18_0_boundary,true,false,"current_rule_match,structured_effects,quality_values,cooldown,buy_price,sell_price,ammo",trebuchet,Trebuchet,silver,large,"weapon, burn, damage, hastereference",10,"merchant_tok-s-clocks, merchant_aila, merchant_barkun, merchant_chronos, merchant_goldie, merchant_hef, merchant_jay-jay, merchant_luxe, merchant_midsworth, merchant_pol",10,"night_base, elem_水, elem_雷, elem_地, role_坦克, role_控制, special_merchant, elite_high, tier_pT2, role_风系铺场",Fiery,pal_127,九天龙君,https://bazaar-builds.net/db/items/trebuchet.html,"deal 75 / 150 / 300 damage burn 8 / 16 / 24 when you use another weapon or haste, charge this 2 seconds.",一对一确认来源对象。,hero_001,reference_reserved,"weapon, burn, damage",haste
bz_van_128,128,item,snapshot_vanessa_legacy_catalog_v1,snapshot_the_bazaar_patch_18_0_boundary,true,false,"current_rule_match,structured_effects,quality_values,cooldown,buy_price,sell_price,ammo",tripwire,Tripwire,gold,medium,"trap, slow",10,"merchant_tok-s-clocks, merchant_barkun, merchant_cobweb, merchant_goldie, merchant_jay-jay, merchant_kina, merchant_luxe, merchant_mittel, merchant_quixel, merchant_serafina",10,"elem_水, elem_雷, elem_冰, elem_无, role_召唤, role_坦克, role_控制, role_治疗, special_merchant, role_召唤铺场",Icy,pal_128,星貂王,https://bazaar-builds.net/db/items/tripwire.html,"when an enemy uses an item, slow it for 1 → 2 seconds.",一对一确认来源对象。,hero_001,reference_reserved,"trap, slow",
bz_van_129,129,item,snapshot_vanessa_legacy_catalog_v1,snapshot_the_bazaar_patch_18_0_boundary,true,false,"current_rule_match,structured_effects,quality_values,cooldown,buy_price,sell_price,ammo",tropical-island,Tropical Island,gold,large,"property, aquatic, regen, slowreference",10,"merchant_nautica, merchant_tok-s-clocks, merchant_barkun, merchant_cobweb, merchant_goldie, merchant_herma, merchant_jay-jay, merchant_kina, merchant_luxe, merchant_midsworth",10,"night_base, elem_水, elem_雷, elem_冰, elem_地, role_坦克, role_控制, role_输出, special_merchant, role_召唤铺场",Icy,pal_129,渊鹤王,https://bazaar-builds.net/db/items/tropical-island.html,"when you slow, regen 5 → 10. at the start of each hour, get a coconut or citrus.",一对一确认来源对象。,hero_001,reference_reserved,"property, aquatic, regen",slow
bz_van_130,130,item,snapshot_vanessa_legacy_catalog_v1,snapshot_the_bazaar_patch_18_0_boundary,true,false,"current_rule_match,structured_effects,quality_values,cooldown,buy_price,sell_price,ammo",turtle-shell,Turtle Shell,gold,medium,"aquatic, shield",10,"merchant_kev-s-armory, merchant_nautica, merchant_barkun, merchant_goldie, merchant_jay-jay, merchant_kina, merchant_luxe, merchant_mittel, merchant_proteus, merchant_quixel",10,"elem_水, elem_雷, elem_冰, elem_龙, elem_无, role_召唤, role_坦克, role_控制, role_输出, tier_pT3",Turbo,pal_130,潮甲君,https://bazaar-builds.net/db/items/turtle-shell.html,"shield 15 your shield items gain +15 → 30 shield for the fight when you use another non-weapon item, charge this 2 seconds.",一对一确认来源对象。,hero_001,reference_reserved,"aquatic, shield",
bz_van_131,131,item,snapshot_vanessa_legacy_catalog_v1,snapshot_the_bazaar_patch_18_0_boundary,true,false,"current_rule_match,structured_effects,quality_values,cooldown,buy_price,sell_price,ammo",vampire-squid,Vampire Squid,silver,small,"aquatic, weapon, friend, damage, critreference",10,"merchant_aimbot, merchant_dryad, merchant_nautica, merchant_aila, merchant_ande, merchant_goldie, merchant_jay-jay, merchant_luxe, merchant_midsworth, merchant_quixel",10,"night_base, elem_火, elem_雷, elem_地, role_召唤, role_坦克, role_控制, role_输出, tier_pT1, role_机动压制",Deadly,pal_131,碧蜂妖,https://bazaar-builds.net/db/items/vampire-squid.html,deal 15 / 30 / 60 damage this has +damage equal to its crit chance.,一对一确认来源对象。,hero_001,reference_reserved,"aquatic, weapon, friend, damage",crit
bz_van_132,132,item,snapshot_vanessa_legacy_catalog_v1,snapshot_the_bazaar_patch_18_0_boundary,true,false,"current_rule_match,structured_effects,quality_values,cooldown,buy_price,sell_price,ammo",volcanic-vents,Volcanic Vents,bronze,medium,"aquatic, burn",10,"merchant_nautica, merchant_barkun, merchant_goldie, merchant_hef, merchant_jay-jay, merchant_kina, merchant_luxe, merchant_mittel, merchant_quixel, merchant_serafina",10,"elem_水, elem_雷, elem_冰, elem_无, role_召唤, role_坦克, role_控制, role_治疗, role_输出, tier_pT2",Fiery,pal_132,烬隼童,https://bazaar-builds.net/db/items/volcanic-vents.html,burn 3 / 6 / 9 / 12,一对一确认来源对象。,hero_001,reference_reserved,"aquatic, burn",
bz_van_133,133,item,snapshot_vanessa_legacy_catalog_v1,snapshot_the_bazaar_patch_18_0_boundary,true,false,"current_rule_match,structured_effects,quality_values,cooldown,buy_price,sell_price,ammo",wanted-poster,Wanted Poster,silver,medium,"crit, experience",10,"merchant_aimbot, merchant_barkun, merchant_goldie, merchant_jay-jay, merchant_kina, merchant_luxe, merchant_mittel, merchant_quixel, merchant_serafina, merchant_silvia",10,"elem_水, elem_雷, elem_冰, elem_无, role_召唤, role_坦克, role_控制, role_治疗, role_经济, tier_pT1",Deadly,pal_133,雷貉卫,https://bazaar-builds.net/db/items/wanted-poster.html,"when you win a fight against a hero, gain 1 xp. if you won the fight with this, gain 1 additional xp. your items have +10 / 20 / 30% crit chance.",一对一确认来源对象。,hero_001,reference_reserved,"crit, experience",
bz_van_134,134,item,snapshot_vanessa_legacy_catalog_v1,snapshot_the_bazaar_patch_18_0_boundary,true,false,"current_rule_match,structured_effects,quality_values,cooldown,buy_price,sell_price,ammo",water-wheel,Water Wheel,silver,large,"aquatic, property, haste",10,"merchant_nautica, merchant_tok-s-clocks, merchant_barkun, merchant_chronos, merchant_goldie, merchant_jay-jay, merchant_kina, merchant_luxe, merchant_midsworth, merchant_mr-morland",10,"elem_水, elem_雷, elem_冰, elem_地, elem_暗, role_坦克, role_控制, role_输出, special_merchant, elite_high",Turbo,pal_134,沧雀卫,https://bazaar-builds.net/db/items/water-wheel.html,"haste your other items for 2 seconds when you use an adjacent item, charge this 2 seconds.",一对一确认来源对象。,hero_001,reference_reserved,"aquatic, property, haste",
bz_van_135,135,item,snapshot_vanessa_legacy_catalog_v1,snapshot_the_bazaar_patch_18_0_boundary,true,false,"current_rule_match,structured_effects,quality_values,cooldown,buy_price,sell_price,ammo",weather-glass,Weather Glass,silver,medium,"tool, burn, poison, slowreference, freezereference",10,"merchant_tok-s-clocks, merchant_barkun, merchant_cobweb, merchant_freiya, merchant_goldie, merchant_hef, merchant_jay-jay, merchant_kina, merchant_knightshade, merchant_luxe",10,"elem_水, elem_雷, elem_冰, role_坦克, role_控制, special_merchant, tier_pT2, role_召唤铺场, role_风系牵制, role_火系压制",Fiery,pal_135,赤蝎精,https://bazaar-builds.net/db/items/weather-glass.html,"burn 4 poison 4 if you have another item with burn, poison, slow, or freeze, this has +1 multicast for each.",一对一确认来源对象。,hero_001,reference_reserved,"tool, burn, poison","slow, freeze"
bz_van_136,136,item,snapshot_vanessa_legacy_catalog_v1,snapshot_the_bazaar_patch_18_0_boundary,true,false,"current_rule_match,structured_effects,quality_values,cooldown,buy_price,sell_price,ammo",wetware,Wetware,bronze,medium,"aquatic, apparel, tech, shield, techreference, damagereference",10,"merchant_kev-s-armory, merchant_nautica, merchant_the-tester, merchant_barkun, merchant_gaseo, merchant_goldie, merchant_jay-jay, merchant_kina, merchant_luxe, merchant_mittel",10,"elem_水, elem_雷, elem_冰, elem_无, role_坦克, role_控制, role_输出, tier_pT3, role_抗压承伤, role_重甲抗压",Turbo,pal_136,沧熊童,https://bazaar-builds.net/db/items/wetware.html,"shield 10 when you use a weapon, this gains +15 / 25 / 35 / 45 shield for the fight. if you have another tech item, this item's cooldown is reduced by 2 seconds.",一对一确认来源对象。,hero_001,reference_reserved,"aquatic, apparel, tech, shield","tech, damage"
bz_van_137,137,item,snapshot_vanessa_legacy_catalog_v1,snapshot_the_bazaar_patch_18_0_boundary,true,false,"current_rule_match,structured_effects,quality_values,cooldown,buy_price,sell_price,ammo",yeti-crab,Yeti Crab,bronze,small,"aquatic, friend, freeze, poisonreference",10,"merchant_dryad, merchant_nautica, merchant_ande, merchant_freiya, merchant_goldie, merchant_jay-jay, merchant_kina, merchant_knightshade, merchant_luxe, merchant_midsworth",10,"elem_火, elem_雷, elem_冰, elem_地, role_坦克, role_控制, role_输出, role_机动压制, role_风系牵制, role_火系压制",Icy,pal_137,雪貂童,https://bazaar-builds.net/db/items/yeti-crab.html,"freeze an item for 1 second when you freeze, adjacent poison items gain +2 / 4 / 6 / 8 poison for the fight.",一对一确认来源对象。,hero_001,reference_reserved,"aquatic, friend, freeze",poison
bz_van_138,138,item,snapshot_vanessa_legacy_catalog_v1,snapshot_the_bazaar_patch_18_0_boundary,true,false,"current_rule_match,structured_effects,quality_values,cooldown,buy_price,sell_price,ammo",zoarcid,Zoarcid,bronze,small,"aquatic, weapon, friend, damage, haste, burnreference",10,"merchant_dryad, merchant_nautica, merchant_tok-s-clocks, merchant_aila, merchant_ande, merchant_chronos, merchant_goldie, merchant_hef, merchant_jay-jay, merchant_luxe",10,"night_base, elem_火, elem_雷, role_坦克, role_控制, role_输出, special_merchant, elite_high, tier_pT2, role_机动压制",Fiery,pal_138,烬蜂童,https://bazaar-builds.net/db/items/zoarcid.html,"deal 20 damage haste adjacent items for 2 seconds when you burn, charge this 1 second.",一对一确认来源对象。,hero_001,reference_reserved,"aquatic, weapon, friend, damage, haste",burn
bz_van_139,139,skill,snapshot_vanessa_legacy_catalog_v1,snapshot_the_bazaar_patch_18_0_boundary,true,false,"current_rule_match,structured_trigger,structured_effects,quality_values,owner_scope,trainer_availability",alacrity,Alacrity,gold,medium,"charge, critreference",5,"trainer_adira, trainer_nufu, trainer_orlin, trainer_vermir, trainer_zara",5,"elem_水, elem_龙, elem_无, role_召唤, special_merchant",Turbo,pal_139,雷鲭王,https://bazaar-builds.net/db/skills/alacrity.html,"the first 5 → 10 times you crit each fight, charge an item 1 second.",一对一确认来源对象。,,reference_reserved,,
bz_van_140,140,skill,snapshot_vanessa_legacy_catalog_v1,snapshot_the_bazaar_patch_18_0_boundary,true,false,"current_rule_match,structured_trigger,structured_effects,quality_values,owner_scope,trainer_availability",arbitrage,Arbitrage,silver,medium,economyreference,4,"trainer_adira, trainer_argenta, trainer_nufu, trainer_orlin",4,"elem_水, elem_雷, elem_龙, elem_无",Golden,pal_140,冥雀卫,https://bazaar-builds.net/db/skills/arbitrage.html,your rerolls cost 1 / 2 / 3 less gold.,一对一确认来源对象。,,reference_reserved,,
bz_van_141,141,skill,snapshot_vanessa_legacy_catalog_v1,snapshot_the_bazaar_patch_18_0_boundary,true,false,"current_rule_match,structured_trigger,structured_effects,quality_values,owner_scope,trainer_availability",arms-dealer,Arms Dealer,bronze,medium,"weapon, health",6,"trainer_adira, trainer_argenta, trainer_nufu, trainer_orlin, trainer_regenald, trainer_ryukon",6,"elem_水, elem_雷, elem_龙, elem_无, role_坦克, tier_pT2",Restorative,pal_141,沧鸾仔,https://bazaar-builds.net/db/skills/arms-dealer.html,"when you buy a weapon, gain 10 / 20 / 30 / 40 max health.",一对一确认来源对象。,,reference_reserved,,
bz_van_142,142,skill,snapshot_vanessa_legacy_catalog_v1,snapshot_the_bazaar_patch_18_0_boundary,true,false,"current_rule_match,structured_trigger,structured_effects,quality_values,owner_scope,trainer_availability",artillery-spotter,Artillery Spotter,bronze,medium,crit,5,"trainer_adira, trainer_argenta, trainer_nufu, trainer_orlin, trainer_vermir",5,"elem_水, elem_雷, elem_龙, elem_无, role_召唤",Deadly,pal_142,霆螳灵,https://bazaar-builds.net/db/skills/artillery-spotter.html,"if you have 5 or fewer items, your items have +10 / 20 / 30 / 40% crit chance.",一对一确认来源对象。,,reference_reserved,,
bz_van_143,143,skill,snapshot_vanessa_legacy_catalog_v1,snapshot_the_bazaar_patch_18_0_boundary,true,false,"current_rule_match,structured_trigger,structured_effects,quality_values,owner_scope,trainer_availability",balanced-friendship,Balanced Friendship,silver,medium,"friend, shieldreference, damagereference",5,"trainer_adira, trainer_argenta, trainer_fortis, trainer_nufu, trainer_orlin",5,"elem_水, elem_雷, elem_龙, elem_无, role_召唤铺场",Shielded,pal_143,山熊卫,https://bazaar-builds.net/db/skills/balanced-friendship.html,"when you use a friend, your weapons gain +2 / 4 / 6 damage and shield items gain +2 / 4 / 6 shield for the fight.",一对一确认来源对象。,,reference_reserved,,
bz_van_144,144,skill,snapshot_vanessa_legacy_catalog_v1,snapshot_the_bazaar_patch_18_0_boundary,true,false,"current_rule_match,structured_trigger,structured_effects,quality_values,owner_scope,trainer_availability",barnacle-crusted,Barnacle Crusted,gold,medium,"aquatic, cooldown",4,"trainer_adira, trainer_nufu, trainer_old-zane, trainer_orlin",4,"elem_水, elem_地, elem_龙, elem_无",Turbo,pal_144,沧燕侯,https://bazaar-builds.net/db/skills/barnacle-crusted.html,the cooldown of your aquatic items is reduced by 5 → 10%.,一对一确认来源对象。,,reference_reserved,,
bz_van_145,145,skill,snapshot_vanessa_legacy_catalog_v1,snapshot_the_bazaar_patch_18_0_boundary,true,false,"current_rule_match,structured_trigger,structured_effects,quality_values,owner_scope,trainer_availability",beautiful-friendship,Beautiful Friendship,silver,medium,"friend, damagereference",4,"trainer_adira, trainer_argenta, trainer_nufu, trainer_orlin",4,"elem_水, elem_雷, elem_龙, elem_无",Deadly,pal_145,螭蜂妖,https://bazaar-builds.net/db/skills/beautiful-friendship.html,your weapons have +5 / 10 / 15 damage for each friend item you have.,一对一确认来源对象。,,reference_reserved,,
bz_van_146,146,skill,snapshot_vanessa_legacy_catalog_v1,snapshot_the_bazaar_patch_18_0_boundary,true,false,"current_rule_match,structured_trigger,structured_effects,quality_values,owner_scope,trainer_availability",berserker,Berserker,silver,medium,"weapon, cooldown",6,"trainer_adira, trainer_argenta, trainer_nufu, trainer_old-zane, trainer_orlin, trainer_ryukon",6,"elem_水, elem_雷, elem_地, elem_龙, elem_无, role_坦克",Turbo,pal_146,沧鲤将,https://bazaar-builds.net/db/skills/berserker.html,"while your enemy has more health than you, your weapons' cooldowns are reduced by 5 / 10 / 15%.",一对一确认来源对象。,,reference_reserved,,
bz_van_147,147,skill,snapshot_vanessa_legacy_catalog_v1,snapshot_the_bazaar_patch_18_0_boundary,true,false,"current_rule_match,structured_trigger,structured_effects,quality_values,owner_scope,trainer_availability",big-guns,Big Guns,diamond,medium,"weapon, damagereference",3,"trainer_adira, trainer_nufu, trainer_ryukon",3,"elem_水, elem_龙, role_坦克",Deadly,pal_147,沙狮神,https://bazaar-builds.net/db/skills/big-guns.html,double the damage of your large weapons.,一对一确认来源对象。,,reference_reserved,,
bz_van_148,148,skill,snapshot_vanessa_legacy_catalog_v1,snapshot_the_bazaar_patch_18_0_boundary,true,false,"current_rule_match,structured_trigger,structured_effects,quality_values,owner_scope,trainer_availability",big-numbers,Big Numbers,gold,medium,crit,4,"trainer_adira, trainer_nufu, trainer_orlin, trainer_vermir",4,"elem_水, elem_龙, elem_无, role_召唤",Deadly,pal_148,震狼君,https://bazaar-builds.net/db/skills/big-numbers.html,your large items have +25 → 50% crit chance,一对一确认来源对象。,,reference_reserved,,
bz_van_149,149,skill,snapshot_vanessa_legacy_catalog_v1,snapshot_the_bazaar_patch_18_0_boundary,true,false,"current_rule_match,structured_trigger,structured_effects,quality_values,owner_scope,trainer_availability",bloodhound,Bloodhound,silver,medium,charge,5,"trainer_adira, trainer_argenta, trainer_nufu, trainer_orlin, trainer_zara",5,"elem_水, elem_雷, elem_龙, elem_无, special_merchant",Turbo,pal_149,渊鹿妖,https://bazaar-builds.net/db/skills/bloodhound.html,"the first time an enemy falls below half health each fight, charge your items 1 / 2 / 3 seconds.",一对一确认来源对象。,,reference_reserved,,
bz_van_150,150,skill,snapshot_vanessa_legacy_catalog_v1,snapshot_the_bazaar_patch_18_0_boundary,true,false,"current_rule_match,structured_trigger,structured_effects,quality_values,owner_scope,trainer_availability",bold-under-pressure,Bold Under Pressure,silver,medium,haste,5,"trainer_adira, trainer_argenta, trainer_nufu, trainer_orlin, trainer_zara",5,"elem_水, elem_雷, elem_龙, elem_无, special_merchant",Turbo,pal_150,汐蝶卫,https://bazaar-builds.net/db/skills/bold-under-pressure.html,"the first time you fall below half health each fight, haste 2 / 4 / 6 items for 2 seconds.",一对一确认来源对象。,,reference_reserved,,
bz_van_151,151,skill,snapshot_vanessa_legacy_catalog_v1,snapshot_the_bazaar_patch_18_0_boundary,true,false,"current_rule_match,structured_trigger,structured_effects,quality_values,owner_scope,trainer_availability",building-crescendo,Building Crescendo,gold,medium,crit,4,"trainer_adira, trainer_nufu, trainer_orlin, trainer_vermir",4,"elem_水, elem_龙, elem_无, role_召唤",Deadly,pal_151,电鹰君,https://bazaar-builds.net/db/skills/building-crescendo.html,"when you use an item, your items gain 1 → 2% crit chance for the fight.",一对一确认来源对象。,,reference_reserved,,
bz_van_152,152,skill,snapshot_vanessa_legacy_catalog_v1,snapshot_the_bazaar_patch_18_0_boundary,true,false,"current_rule_match,structured_trigger,structured_effects,quality_values,owner_scope,trainer_availability",bullet-time,Bullet Time,gold,medium,"slow, ammoreference",6,"trainer_adira, trainer_c4, trainer_nufu, trainer_old-zane, trainer_orlin, trainer_slohmor-lumbra",6,"elem_水, elem_地, elem_龙, elem_无, role_经济, tier_pT1",Icy,pal_152,鸣鳗王,https://bazaar-builds.net/db/skills/bullet-time.html,"the first 4 → 8 times you use an ammo item each fight, slow an item for 1 second.",一对一确认来源对象。,,reference_reserved,,
bz_van_153,153,skill,snapshot_vanessa_legacy_catalog_v1,snapshot_the_bazaar_patch_18_0_boundary,true,false,"current_rule_match,structured_trigger,structured_effects,quality_values,owner_scope,trainer_availability",captain-s-charge,Captain's Charge,silver,medium,haste,5,"trainer_adira, trainer_argenta, trainer_nufu, trainer_orlin, trainer_zara",5,"elem_水, elem_雷, elem_龙, elem_无, special_merchant",Turbo,pal_153,震狐卫,https://bazaar-builds.net/db/skills/captain-s-charge.html,"the first time you use a large item each fight, haste 2 / 3 / 4 items for 3 seconds.",一对一确认来源对象。,,reference_reserved,,
bz_van_154,154,skill,snapshot_vanessa_legacy_catalog_v1,snapshot_the_bazaar_patch_18_0_boundary,true,false,"current_rule_match,structured_trigger,structured_effects,quality_values,owner_scope,trainer_availability",chemical-fire,Chemical Fire,silver,medium,"poisonreference, burnreference",6,"trainer_adira, trainer_argenta, trainer_malafang, trainer_nufu, trainer_orlin, trainer_professor-riggle",6,"elem_水, elem_雷, elem_龙, elem_无, role_治疗, role_输出",Fiery,pal_154,朱蛛将,https://bazaar-builds.net/db/skills/chemical-fire.html,your burn items have +2 / 4 / 6 burn. your poison items have +2 / 4 / 6 poison.,一对一确认来源对象。,,reference_reserved,,
bz_van_155,155,skill,snapshot_vanessa_legacy_catalog_v1,snapshot_the_bazaar_patch_18_0_boundary,true,false,"current_rule_match,structured_trigger,structured_effects,quality_values,owner_scope,trainer_availability",circle-of-life,Circle of Life,diamond,medium,"weapon, lifesteal",3,"trainer_adira, trainer_nufu, trainer_ryukon",3,"elem_水, elem_龙, role_坦克",Deadly,pal_155,沧鲤祖,https://bazaar-builds.net/db/skills/circle-of-life.html,your leftmost weapon has lifesteal.,一对一确认来源对象。,,reference_reserved,,
bz_van_156,156,skill,snapshot_vanessa_legacy_catalog_v1,snapshot_the_bazaar_patch_18_0_boundary,true,false,"current_rule_match,structured_trigger,structured_effects,quality_values,owner_scope,trainer_availability",command-ship,Command Ship,gold,medium,"vehicle, cooldown",3,"trainer_adira, trainer_nufu, trainer_orlin",3,"elem_水, elem_龙, elem_无",Turbo,pal_156,角马王,https://bazaar-builds.net/db/skills/command-ship.html,"if you have a vehicle, your non-vehicle items' cooldowns are reduced by 5 → 10%.",一对一确认来源对象。,,reference_reserved,,
bz_van_157,157,skill,snapshot_vanessa_legacy_catalog_v1,snapshot_the_bazaar_patch_18_0_boundary,true,false,"current_rule_match,structured_trigger,structured_effects,quality_values,owner_scope,trainer_availability",conflagration,Conflagration,silver,medium,burnreference,5,"trainer_adira, trainer_argenta, trainer_malafang, trainer_nufu, trainer_orlin",5,"elem_水, elem_雷, elem_龙, elem_无, role_治疗",Fiery,pal_157,焰鹰妖,https://bazaar-builds.net/db/skills/conflagration.html,"when you use an item with burn, that item gains 1 / 2 / 3 burn for the fight.",一对一确认来源对象。,,reference_reserved,,
bz_van_158,158,skill,snapshot_vanessa_legacy_catalog_v1,snapshot_the_bazaar_patch_18_0_boundary,true,false,"current_rule_match,structured_trigger,structured_effects,quality_values,owner_scope,trainer_availability",crashing-waves,Crashing Waves,gold,medium,"weapon, aquatic, haste, damagereference",6,"trainer_adira, trainer_nufu, trainer_old-zane, trainer_orlin, trainer_ryukon, trainer_zara",6,"elem_水, elem_地, elem_龙, elem_无, role_坦克, special_merchant",Turbo,pal_158,澜蜂尊,https://bazaar-builds.net/db/skills/crashing-waves.html,"the first 5 → 10 times you use an aquatic item each fight, haste a weapon for 1 second.",一对一确认来源对象。,,reference_reserved,,
bz_van_159,159,skill,snapshot_vanessa_legacy_catalog_v1,snapshot_the_bazaar_patch_18_0_boundary,true,false,"current_rule_match,structured_trigger,structured_effects,quality_values,owner_scope,trainer_availability",creeping-chill,Creeping Chill,silver,medium,"slowreference, freeze",6,"trainer_adira, trainer_argenta, trainer_bjorn, trainer_nufu, trainer_orlin, trainer_slohmor-lumbra",6,"elem_水, elem_雷, elem_龙, elem_无, role_控制, role_经济",Icy,pal_159,凝鳗卫,https://bazaar-builds.net/db/skills/creeping-chill.html,"the first time you slow each fight, freeze an item for 2 / 3 / 4 seconds.",一对一确认来源对象。,,reference_reserved,,
bz_van_160,160,skill,snapshot_vanessa_legacy_catalog_v1,snapshot_the_bazaar_patch_18_0_boundary,true,false,"current_rule_match,structured_trigger,structured_effects,quality_values,owner_scope,trainer_availability",creeping-toxins,Creeping Toxins,gold,medium,"charge, poisonreference, slowreference",6,"trainer_adira, trainer_nufu, trainer_orlin, trainer_professor-riggle, trainer_slohmor-lumbra, trainer_zara",6,"elem_水, elem_龙, elem_无, role_输出, role_经济, special_merchant",Icy,pal_160,青鳗君,https://bazaar-builds.net/db/skills/creeping-toxins.html,"the first 4 → 8 times you slow each fight, charge a poison item 1 second.",一对一确认来源对象。,,reference_reserved,,
bz_van_161,161,skill,snapshot_vanessa_legacy_catalog_v1,snapshot_the_bazaar_patch_18_0_boundary,true,false,"current_rule_match,structured_trigger,structured_effects,quality_values,owner_scope,trainer_availability",deadly-eye,Deadly Eye,bronze,medium,"weapon, crit",6,"trainer_adira, trainer_argenta, trainer_nufu, trainer_orlin, trainer_ryukon, trainer_vermir",6,"elem_水, elem_雷, elem_龙, elem_无, role_召唤, role_坦克",Deadly,pal_161,电鹰童,https://bazaar-builds.net/db/skills/deadly-eye.html,your weapons have +5 / 10 / 15 / 20% crit chance.,一对一确认来源对象。,,reference_reserved,,
bz_van_162,162,skill,snapshot_vanessa_legacy_catalog_v1,snapshot_the_bazaar_patch_18_0_boundary,true,false,"current_rule_match,structured_trigger,structured_effects,quality_values,owner_scope,trainer_availability",deadly-waters,Deadly Waters,bronze,medium,"aquatic, damagereference",5,"trainer_adira, trainer_argenta, trainer_nufu, trainer_old-zane, trainer_orlin",5,"elem_水, elem_雷, elem_地, elem_龙, elem_无",Deadly,pal_162,澜鲨童,https://bazaar-builds.net/db/skills/deadly-waters.html,your aquatic weapons deal +10 / 20 / 30 / 40 damage.,一对一确认来源对象。,,reference_reserved,,
bz_van_163,163,skill,snapshot_vanessa_legacy_catalog_v1,snapshot_the_bazaar_patch_18_0_boundary,true,false,"current_rule_match,structured_trigger,structured_effects,quality_values,owner_scope,trainer_availability",defensive-stance,Defensive Stance,silver,medium,"weapon, shieldreference, damagereference",6,"trainer_adira, trainer_argenta, trainer_fortis, trainer_nufu, trainer_orlin, trainer_ryukon",6,"elem_水, elem_雷, elem_龙, elem_无, role_坦克, role_召唤铺场",Shielded,pal_163,石甲将,https://bazaar-builds.net/db/skills/defensive-stance.html,"when you use a weapon, your shield items gain 3 / 6 / 9 shield for the fight.",一对一确认来源对象。,,reference_reserved,,
bz_van_164,164,skill,snapshot_vanessa_legacy_catalog_v1,snapshot_the_bazaar_patch_18_0_boundary,true,false,"current_rule_match,structured_trigger,structured_effects,quality_values,owner_scope,trainer_availability",denizens-of-the-deep,Denizens of the Deep,gold,medium,"aquatic, friend, burn, poison",6,"trainer_adira, trainer_malafang, trainer_nufu, trainer_old-zane, trainer_orlin, trainer_professor-riggle",6,"elem_水, elem_地, elem_龙, elem_无, role_治疗, role_输出",Fiery,pal_164,朱蛛侯,https://bazaar-builds.net/db/skills/denizens-of-the-deep.html,"the first 4 → 8 times you use an aquatic friend each fight, poison 5 and burn 5.",一对一确认来源对象。,,reference_reserved,,
bz_van_165,165,skill,snapshot_vanessa_legacy_catalog_v1,snapshot_the_bazaar_patch_18_0_boundary,true,false,"current_rule_match,structured_trigger,structured_effects,quality_values,owner_scope,trainer_availability",depth-charge,Depth Charge,gold,medium,"weapon, aquatic, ammo, damagereference",6,"trainer_adira, trainer_c4, trainer_nufu, trainer_old-zane, trainer_orlin, trainer_ryukon",6,"elem_水, elem_地, elem_龙, elem_无, role_坦克, tier_pT1",Turbo,pal_165,渊猿王,https://bazaar-builds.net/db/skills/depth-charge.html,"if you have exactly one weapon, it has +5 → 10 max ammo. ...if it is also aquatic, it has +25 → 50 damage.",一对一确认来源对象。,,reference_reserved,,
bz_van_166,166,skill,snapshot_vanessa_legacy_catalog_v1,snapshot_the_bazaar_patch_18_0_boundary,true,false,"current_rule_match,structured_trigger,structured_effects,quality_values,owner_scope,trainer_availability",desperate-cleanse,Desperate Cleanse,diamond,medium,,2,"trainer_adira, trainer_nufu",2,"elem_水, elem_龙",Fiery,pal_166,焰蚌圣,https://bazaar-builds.net/db/skills/desperate-cleanse.html,"the first time you fall below half health each fight, remove freeze and slow from your items and cleanse half your burn and poison.",一对一确认来源对象。,,reference_reserved,,
bz_van_167,167,skill,snapshot_vanessa_legacy_catalog_v1,snapshot_the_bazaar_patch_18_0_boundary,true,false,"current_rule_match,structured_trigger,structured_effects,quality_values,owner_scope,trainer_availability",desperate-strike,Desperate Strike,silver,medium,crit,5,"trainer_adira, trainer_argenta, trainer_nufu, trainer_orlin, trainer_vermir",5,"elem_水, elem_雷, elem_龙, elem_无, role_召唤",Restorative,pal_167,渊兔妖,https://bazaar-builds.net/db/skills/desperate-strike.html,"while you have less health than your enemy, your items have +20 / 40 / 60% crit chance.",一对一确认来源对象。,,reference_reserved,,
bz_van_168,168,skill,snapshot_vanessa_legacy_catalog_v1,snapshot_the_bazaar_patch_18_0_boundary,true,false,"current_rule_match,structured_trigger,structured_effects,quality_values,owner_scope,trainer_availability",double-down,Double Down,diamond,medium,"weapon, damagereference",3,"trainer_adira, trainer_nufu, trainer_ryukon",3,"elem_水, elem_龙, role_坦克",Restorative,pal_168,澜兔祖,https://bazaar-builds.net/db/skills/double-down.html,"the first time you fall below half health each fight, double the damage of your leftmost weapon for the fight.",一对一确认来源对象。,,reference_reserved,,
bz_van_169,169,skill,snapshot_vanessa_legacy_catalog_v1,snapshot_the_bazaar_patch_18_0_boundary,true,false,"current_rule_match,structured_trigger,structured_effects,quality_values,owner_scope,trainer_availability",emergency-burn,Emergency Burn,silver,medium,burn,5,"trainer_adira, trainer_argenta, trainer_malafang, trainer_nufu, trainer_orlin",5,"elem_水, elem_雷, elem_龙, elem_无, role_治疗",Fiery,pal_169,朱鹤将,https://bazaar-builds.net/db/skills/emergency-burn.html,"the first time you fall below half health each fight, burn 20 / 30 / 40.",一对一确认来源对象。,,reference_reserved,,
bz_van_170,170,skill,snapshot_vanessa_legacy_catalog_v1,snapshot_the_bazaar_patch_18_0_boundary,true,false,"current_rule_match,structured_trigger,structured_effects,quality_values,owner_scope,trainer_availability",exposing-toxins,Exposing Toxins,silver,medium,"poisonreference, crit",6,"trainer_adira, trainer_argenta, trainer_nufu, trainer_orlin, trainer_professor-riggle, trainer_vermir",6,"elem_水, elem_雷, elem_龙, elem_无, role_召唤, role_输出",Toxic,pal_170,青蝎卫,https://bazaar-builds.net/db/skills/exposing-toxins.html,"when you poison, your items gain +1 / 2 / 3% crit chance for the fight.",一对一确认来源对象。,,reference_reserved,,
bz_van_171,171,skill,snapshot_vanessa_legacy_catalog_v1,snapshot_the_bazaar_patch_18_0_boundary,true,false,"current_rule_match,structured_trigger,structured_effects,quality_values,owner_scope,trainer_availability",fiery,Fiery,bronze,medium,burnreference,5,"trainer_adira, trainer_argenta, trainer_malafang, trainer_nufu, trainer_orlin",5,"elem_水, elem_雷, elem_龙, elem_无, role_治疗",Fiery,pal_171,赤狼童,https://bazaar-builds.net/db/skills/fiery.html,your burn items have +1 / 2 / 3 / 4 burn.,一对一确认来源对象。,,reference_reserved,,
bz_van_172,172,skill,snapshot_vanessa_legacy_catalog_v1,snapshot_the_bazaar_patch_18_0_boundary,true,false,"current_rule_match,structured_trigger,structured_effects,quality_values,owner_scope,trainer_availability",final-dose,Final Dose,bronze,medium,poisonreference,5,"trainer_adira, trainer_argenta, trainer_nufu, trainer_orlin, trainer_professor-riggle",5,"elem_水, elem_雷, elem_龙, elem_无, role_输出",Toxic,pal_172,森蟒仔,https://bazaar-builds.net/db/skills/final-dose.html,your rightmost poison item has +2 / 4 / 6 / 8 poison.,一对一确认来源对象。,,reference_reserved,,
bz_van_173,173,skill,snapshot_vanessa_legacy_catalog_v1,snapshot_the_bazaar_patch_18_0_boundary,true,false,"current_rule_match,structured_trigger,structured_effects,quality_values,owner_scope,trainer_availability",final-flame,Final Flame,bronze,medium,burnreference,5,"trainer_adira, trainer_argenta, trainer_malafang, trainer_nufu, trainer_orlin",5,"elem_水, elem_雷, elem_龙, elem_无, role_治疗",Fiery,pal_173,燎鹰兽,https://bazaar-builds.net/db/skills/final-flame.html,your rightmost burn item has +2 / 4 / 6 / 8 burn.,一对一确认来源对象。,,reference_reserved,,
bz_van_174,174,skill,snapshot_vanessa_legacy_catalog_v1,snapshot_the_bazaar_patch_18_0_boundary,true,false,"current_rule_match,structured_trigger,structured_effects,quality_values,owner_scope,trainer_availability",first-flames,First Flames,silver,medium,burn,5,"trainer_adira, trainer_argenta, trainer_malafang, trainer_nufu, trainer_orlin",5,"elem_水, elem_雷, elem_龙, elem_无, role_治疗",Fiery,pal_174,焰狼将,https://bazaar-builds.net/db/skills/first-flames.html,"the first time you use a large item each fight, burn 20 / 40 / 60.",一对一确认来源对象。,,reference_reserved,,
bz_van_175,175,skill,snapshot_vanessa_legacy_catalog_v1,snapshot_the_bazaar_patch_18_0_boundary,true,false,"current_rule_match,structured_trigger,structured_effects,quality_values,owner_scope,trainer_availability",first-strike,First Strike,gold,medium,crit,4,"trainer_adira, trainer_nufu, trainer_orlin, trainer_vermir",4,"elem_水, elem_龙, elem_无, role_召唤",Deadly,pal_175,电豹尊,https://bazaar-builds.net/db/skills/first-strike.html,"your items have +75 → 100% crit chance. when you use an item, all your items lose 10% crit chance for the fight.",一对一确认来源对象。,,reference_reserved,,
bz_van_176,176,skill,snapshot_vanessa_legacy_catalog_v1,snapshot_the_bazaar_patch_18_0_boundary,true,false,"current_rule_match,structured_trigger,structured_effects,quality_values,owner_scope,trainer_availability",flanking-criticals,Flanking Criticals,silver,medium,crit,5,"trainer_adira, trainer_argenta, trainer_nufu, trainer_orlin, trainer_vermir",5,"elem_水, elem_雷, elem_龙, elem_无, role_召唤",Deadly,pal_176,电螳精,https://bazaar-builds.net/db/skills/flanking-criticals.html,"the first time you use a large item each fight, adjacent items gain 20 / 40 / 60% crit chance for the fight.",一对一确认来源对象。,,reference_reserved,,
bz_van_177,177,skill,snapshot_vanessa_legacy_catalog_v1,snapshot_the_bazaar_patch_18_0_boundary,true,false,"current_rule_match,structured_trigger,structured_effects,quality_values,owner_scope,trainer_availability",flashy-mechanic,Flashy Mechanic,silver,medium,"tool, crit",5,"trainer_adira, trainer_argenta, trainer_nufu, trainer_orlin, trainer_vermir",5,"elem_水, elem_雷, elem_龙, elem_无, role_召唤",Deadly,pal_177,霆狼卫,https://bazaar-builds.net/db/skills/flashy-mechanic.html,"when you use a tool, items adjacent to it gain 3 / 6 / 9% crit chance.",一对一确认来源对象。,,reference_reserved,,
bz_van_178,178,skill,snapshot_vanessa_legacy_catalog_v1,snapshot_the_bazaar_patch_18_0_boundary,true,false,"current_rule_match,structured_trigger,structured_effects,quality_values,owner_scope,trainer_availability",flashy-pilot,Flashy Pilot,silver,medium,"vehicle, crit",5,"trainer_adira, trainer_argenta, trainer_nufu, trainer_orlin, trainer_vermir",5,"elem_水, elem_雷, elem_龙, elem_无, role_召唤",Deadly,pal_178,闪鲲妖,https://bazaar-builds.net/db/skills/flashy-pilot.html,"when you use a vehicle, your items gain 3 / 6 / 9% crit chance.",一对一确认来源对象。,,reference_reserved,,
bz_van_179,179,skill,snapshot_vanessa_legacy_catalog_v1,snapshot_the_bazaar_patch_18_0_boundary,true,false,"current_rule_match,structured_trigger,structured_effects,quality_values,owner_scope,trainer_availability",flashy-reload,Flashy Reload,gold,medium,"ammo, critreference",5,"trainer_adira, trainer_c4, trainer_nufu, trainer_orlin, trainer_vermir",5,"elem_水, elem_龙, elem_无, role_召唤, tier_pT1",Deadly,pal_179,震鹰王,https://bazaar-builds.net/db/skills/flashy-reload.html,"the first 3 → 6 times you crit each fight, reload another item.",一对一确认来源对象。,,reference_reserved,,
bz_van_180,180,skill,snapshot_vanessa_legacy_catalog_v1,snapshot_the_bazaar_patch_18_0_boundary,true,false,"current_rule_match,structured_trigger,structured_effects,quality_values,owner_scope,trainer_availability",flurry-of-blows,Flurry of Blows,gold,medium,"weapon, charge, damagereference",6,"trainer_adira, trainer_nufu, trainer_old-zane, trainer_orlin, trainer_ryukon, trainer_zara",6,"elem_水, elem_地, elem_龙, elem_无, role_坦克, special_merchant",Turbo,pal_180,鸣马王,https://bazaar-builds.net/db/skills/flurry-of-blows.html,"the first 4 → 8 times you use a weapon each fight, charge an item 1 second.",一对一确认来源对象。,,reference_reserved,,
bz_van_181,181,skill,snapshot_vanessa_legacy_catalog_v1,snapshot_the_bazaar_patch_18_0_boundary,true,false,"current_rule_match,structured_trigger,structured_effects,quality_values,owner_scope,trainer_availability",focused-rage,Focused Rage,diamond,medium,crit,4,"trainer_adira, trainer_nufu, trainer_old-zane, trainer_vermir",4,"elem_水, elem_地, elem_龙, role_召唤",Restorative,pal_181,碧兔神,https://bazaar-builds.net/db/skills/focused-rage.html,"the first time you fall below half health each fight, your items gain +50% crit chance for the fight.",一对一确认来源对象。,,reference_reserved,,
bz_van_182,182,skill,snapshot_vanessa_legacy_catalog_v1,snapshot_the_bazaar_patch_18_0_boundary,true,false,"current_rule_match,structured_trigger,structured_effects,quality_values,owner_scope,trainer_availability",friend-of-the-sea,Friend of the Sea,diamond,medium,"aquatic, friend",3,"trainer_adira, trainer_nufu, trainer_old-zane",3,"elem_水, elem_地, elem_龙",Radiant,pal_182,渊蚁皇,https://bazaar-builds.net/db/skills/friend-of-the-sea.html,your aquatic items are friends.,一对一确认来源对象。,,reference_reserved,,
bz_van_183,183,skill,snapshot_vanessa_legacy_catalog_v1,snapshot_the_bazaar_patch_18_0_boundary,true,false,"current_rule_match,structured_trigger,structured_effects,quality_values,owner_scope,trainer_availability",frontal-shielding,Frontal Shielding,bronze,medium,shieldreference,5,"trainer_adira, trainer_argenta, trainer_fortis, trainer_nufu, trainer_orlin",5,"elem_水, elem_雷, elem_龙, elem_无, role_召唤铺场",Shielded,pal_183,垒牦灵,https://bazaar-builds.net/db/skills/frontal-shielding.html,your leftmost shield item has +10 / 20 / 30 / 40 shield.,一对一确认来源对象。,,reference_reserved,,
bz_van_184,184,skill,snapshot_vanessa_legacy_catalog_v1,snapshot_the_bazaar_patch_18_0_boundary,true,false,"current_rule_match,structured_trigger,structured_effects,quality_values,owner_scope,trainer_availability",frontline-logistics,Frontline Logistics,silver,medium,"weapon, ammoreference, damagereference",6,"trainer_adira, trainer_argenta, trainer_c4, trainer_nufu, trainer_orlin, trainer_ryukon",6,"elem_水, elem_雷, elem_龙, elem_无, role_坦克, tier_pT1",Deadly,pal_184,雷鹰将,https://bazaar-builds.net/db/skills/frontline-logistics.html,"when you use an ammo item, your weapons gain +3 / 6 / 9 damage for the fight.",一对一确认来源对象。,,reference_reserved,,
bz_van_185,185,skill,snapshot_vanessa_legacy_catalog_v1,snapshot_the_bazaar_patch_18_0_boundary,true,false,"current_rule_match,structured_trigger,structured_effects,quality_values,owner_scope,trainer_availability",frostfire,Frostfire,silver,medium,"burnreference, freeze",6,"trainer_adira, trainer_argenta, trainer_bjorn, trainer_malafang, trainer_nufu, trainer_orlin",6,"elem_水, elem_雷, elem_龙, elem_无, role_控制, role_治疗",Fiery,pal_185,烬鳗将,https://bazaar-builds.net/db/skills/frostfire.html,"the first time you burn each fight, freeze an item for 2 / 3 / 4 seconds.",一对一确认来源对象。,,reference_reserved,,
bz_van_186,186,skill,snapshot_vanessa_legacy_catalog_v1,snapshot_the_bazaar_patch_18_0_boundary,true,false,"current_rule_match,structured_trigger,structured_effects,quality_values,owner_scope,trainer_availability",glass-cannon,Glass Cannon,diamond,medium,"weapon, damagereference",4,"trainer_adira, trainer_nufu, trainer_old-zane, trainer_ryukon",4,"elem_水, elem_地, elem_龙, role_坦克",Deadly,pal_186,角豹神,https://bazaar-builds.net/db/skills/glass-cannon.html,all weapons have double damage.,一对一确认来源对象。,,reference_reserved,,
bz_van_187,187,skill,snapshot_vanessa_legacy_catalog_v1,snapshot_the_bazaar_patch_18_0_boundary,true,false,"current_rule_match,structured_trigger,structured_effects,quality_values,owner_scope,trainer_availability",gunner,Gunner,silver,medium,ammo,5,"trainer_adira, trainer_argenta, trainer_c4, trainer_nufu, trainer_orlin",5,"elem_水, elem_雷, elem_龙, elem_无, tier_pT1",Deadly,pal_187,雷鹰卫,https://bazaar-builds.net/db/skills/gunner.html,your items have +1 / 2 / 3 max ammo.,一对一确认来源对象。,,reference_reserved,,
bz_van_188,188,skill,snapshot_vanessa_legacy_catalog_v1,snapshot_the_bazaar_patch_18_0_boundary,true,false,"current_rule_match,structured_trigger,structured_effects,quality_values,owner_scope,trainer_availability",hardened-shield,Hardened Shield,silver,medium,shieldreference,5,"trainer_adira, trainer_argenta, trainer_fortis, trainer_nufu, trainer_orlin",5,"elem_水, elem_雷, elem_龙, elem_无, role_召唤铺场",Shielded,pal_188,岩獒精,https://bazaar-builds.net/db/skills/hardened-shield.html,your shield items have +10 / 20 / 30 shield for each weapon your enemy has.,一对一确认来源对象。,,reference_reserved,,
bz_van_189,189,skill,snapshot_vanessa_legacy_catalog_v1,snapshot_the_bazaar_patch_18_0_boundary,true,false,"current_rule_match,structured_trigger,structured_effects,quality_values,owner_scope,trainer_availability",healthy-heart,Healthy Heart,diamond,medium,"health, heal",3,"trainer_adira, trainer_nufu, trainer_regenald",3,"elem_水, elem_龙, tier_pT2",Fiery,pal_189,烬鹿祖,https://bazaar-builds.net/db/skills/healthy-heart.html,"the first time you fall below half health each fight, heal equal to 30% of your max health and cleanse half your burn and poison.",一对一确认来源对象。,,reference_reserved,,
bz_van_190,190,skill,snapshot_vanessa_legacy_catalog_v1,snapshot_the_bazaar_patch_18_0_boundary,true,false,"current_rule_match,structured_trigger,structured_effects,quality_values,owner_scope,trainer_availability",healthy-jolt,Healthy Jolt,silver,medium,"healreference, haste",6,"trainer_adira, trainer_argenta, trainer_nufu, trainer_orlin, trainer_regenald, trainer_zara",6,"elem_水, elem_雷, elem_龙, elem_无, special_merchant, tier_pT2",Turbo,pal_190,潮鹤精,https://bazaar-builds.net/db/skills/healthy-jolt.html,"the first time you over-heal each fight, haste your items for 1 / 2 / 3 seconds.",一对一确认来源对象。,,reference_reserved,,
bz_van_191,191,skill,snapshot_vanessa_legacy_catalog_v1,snapshot_the_bazaar_patch_18_0_boundary,true,false,"current_rule_match,structured_trigger,structured_effects,quality_values,owner_scope,trainer_availability",heated-shells,Heated Shells,silver,medium,"burn, ammo",6,"trainer_adira, trainer_argenta, trainer_c4, trainer_malafang, trainer_nufu, trainer_orlin",6,"elem_水, elem_雷, elem_龙, elem_无, role_治疗, tier_pT1",Fiery,pal_191,焰豹将,https://bazaar-builds.net/db/skills/heated-shells.html,"the first 4 / 8 / 12 times you use an ammo item each fight, burn 5.",一对一确认来源对象。,,reference_reserved,,
bz_van_192,192,skill,snapshot_vanessa_legacy_catalog_v1,snapshot_the_bazaar_patch_18_0_boundary,true,false,"current_rule_match,structured_trigger,structured_effects,quality_values,owner_scope,trainer_availability",heavy-firepower,Heavy Firepower,silver,medium,"weapon, damagereference",5,"trainer_adira, trainer_argenta, trainer_nufu, trainer_orlin, trainer_ryukon",5,"elem_水, elem_雷, elem_龙, elem_无, role_坦克",Fiery,pal_192,赤鼋妖,https://bazaar-builds.net/db/skills/heavy-firepower.html,"if you have 5 or fewer items, your weapons have +25 / 50 / 75 damage.",一对一确认来源对象。,,reference_reserved,,
bz_van_193,193,skill,snapshot_vanessa_legacy_catalog_v1,snapshot_the_bazaar_patch_18_0_boundary,true,false,"current_rule_match,structured_trigger,structured_effects,quality_values,owner_scope,trainer_availability",honed-arsenal,Honed Arsenal,silver,medium,"weapon, crit",6,"trainer_adira, trainer_argenta, trainer_nufu, trainer_orlin, trainer_ryukon, trainer_vermir",6,"elem_水, elem_雷, elem_龙, elem_无, role_召唤, role_坦克",Deadly,pal_193,雷狼卫,https://bazaar-builds.net/db/skills/honed-arsenal.html,your items have +2 / 4 / 6% crit chance per weapon you have.,一对一确认来源对象。,,reference_reserved,,
bz_van_194,194,skill,snapshot_vanessa_legacy_catalog_v1,snapshot_the_bazaar_patch_18_0_boundary,true,false,"current_rule_match,structured_trigger,structured_effects,quality_values,owner_scope,trainer_availability",honed-strike,Honed Strike,gold,medium,crit,4,"trainer_adira, trainer_nufu, trainer_orlin, trainer_vermir",4,"elem_水, elem_龙, elem_无, role_召唤",Deadly,pal_194,电虎侯,https://bazaar-builds.net/db/skills/honed-strike.html,"when you use an item, it gains +5 → 10% crit chance for the fight.",一对一确认来源对象。,,reference_reserved,,
bz_van_195,195,skill,snapshot_vanessa_legacy_catalog_v1,snapshot_the_bazaar_patch_18_0_boundary,true,false,"current_rule_match,structured_trigger,structured_effects,quality_values,owner_scope,trainer_availability",hot-spot,Hot Spot,silver,medium,burn,5,"trainer_adira, trainer_argenta, trainer_malafang, trainer_nufu, trainer_orlin",5,"elem_水, elem_雷, elem_龙, elem_无, role_治疗",Fiery,pal_195,燎狼将,https://bazaar-builds.net/db/skills/hot-spot.html,"the first 4 / 8 / 12 times you use your leftmost item each fight, burn 5.",一对一确认来源对象。,,reference_reserved,,
bz_van_196,196,skill,snapshot_vanessa_legacy_catalog_v1,snapshot_the_bazaar_patch_18_0_boundary,true,false,"current_rule_match,structured_trigger,structured_effects,quality_values,owner_scope,trainer_availability",ice-bullets,Ice Bullets,gold,medium,"freezereference, ammo, damagereference",6,"trainer_adira, trainer_bjorn, trainer_c4, trainer_nufu, trainer_old-zane, trainer_orlin",6,"elem_水, elem_地, elem_龙, elem_无, role_控制, tier_pT1",Icy,pal_196,凛鳗王,https://bazaar-builds.net/db/skills/ice-bullets.html,"the first 3 → 6 times you freeze each fight, reload another item.",一对一确认来源对象。,,reference_reserved,,
bz_van_197,197,skill,snapshot_vanessa_legacy_catalog_v1,snapshot_the_bazaar_patch_18_0_boundary,true,false,"current_rule_match,structured_trigger,structured_effects,quality_values,owner_scope,trainer_availability",ice-smasher,Ice Smasher,diamond,medium,"weapon, damagereference",3,"trainer_adira, trainer_nufu, trainer_ryukon",3,"elem_水, elem_龙, role_坦克",Icy,pal_197,寒狐祖,https://bazaar-builds.net/db/skills/ice-smasher.html,"your leftmost item is affected by freeze for half as long. if you have exactly one weapon, all your items are affected by freeze for half as long instead.",一对一确认来源对象。,,reference_reserved,,
bz_van_198,198,skill,snapshot_vanessa_legacy_catalog_v1,snapshot_the_bazaar_patch_18_0_boundary,true,false,"current_rule_match,structured_trigger,structured_effects,quality_values,owner_scope,trainer_availability",immolating-spark,Immolating Spark,bronze,medium,burnreference,5,"trainer_adira, trainer_argenta, trainer_malafang, trainer_nufu, trainer_orlin",5,"elem_水, elem_雷, elem_龙, elem_无, role_治疗",Fiery,pal_198,赤虎仔,https://bazaar-builds.net/db/skills/immolating-spark.html,your leftmost burn item has +2 / 4 / 6 / 8 burn.,一对一确认来源对象。,,reference_reserved,,
bz_van_199,199,skill,snapshot_vanessa_legacy_catalog_v1,snapshot_the_bazaar_patch_18_0_boundary,true,false,"current_rule_match,structured_trigger,structured_effects,quality_values,owner_scope,trainer_availability",improved-toxins,Improved Toxins,bronze,medium,poisonreference,5,"trainer_adira, trainer_argenta, trainer_nufu, trainer_orlin, trainer_professor-riggle",5,"elem_水, elem_雷, elem_龙, elem_无, role_输出",Toxic,pal_199,藤貂仔,https://bazaar-builds.net/db/skills/improved-toxins.html,your poison items have +1 / 2 / 3 / 4 poison.,一对一确认来源对象。,,reference_reserved,,
bz_van_200,200,skill,snapshot_vanessa_legacy_catalog_v1,snapshot_the_bazaar_patch_18_0_boundary,true,false,"current_rule_match,structured_trigger,structured_effects,quality_values,owner_scope,trainer_availability",improvised-burn,Improvised Burn,gold,medium,"burnreference, critreference",5,"trainer_adira, trainer_malafang, trainer_nufu, trainer_orlin, trainer_vermir",5,"elem_水, elem_龙, elem_无, role_召唤, role_治疗",Fiery,pal_200,烬豹侯,https://bazaar-builds.net/db/skills/improvised-burn.html,"when you crit, your burn items gain 2 → 4 burn for the fight.",一对一确认来源对象。,,reference_reserved,,
bz_van_201,201,skill,snapshot_vanessa_legacy_catalog_v1,snapshot_the_bazaar_patch_18_0_boundary,true,false,"current_rule_match,structured_trigger,structured_effects,quality_values,owner_scope,trainer_availability",improvised-heal,Improvised Heal,silver,medium,"healreference, critreference",7,"trainer_adira, trainer_argenta, trainer_nufu, trainer_old-zane, trainer_orlin, trainer_regenald, trainer_vermir",7,"elem_水, elem_雷, elem_地, elem_龙, elem_无, role_召唤, tier_pT2",Restorative,pal_201,潮鸾卫,https://bazaar-builds.net/db/skills/improvised-heal.html,"when you crit, your heal items gain +10 / 20 / 30 heal for the fight.",一对一确认来源对象。,,reference_reserved,,
bz_van_202,202,skill,snapshot_vanessa_legacy_catalog_v1,snapshot_the_bazaar_patch_18_0_boundary,true,false,"current_rule_match,structured_trigger,structured_effects,quality_values,owner_scope,trainer_availability",improvised-poison,Improvised Poison,gold,medium,"poisonreference, critreference",5,"trainer_adira, trainer_nufu, trainer_orlin, trainer_professor-riggle, trainer_vermir",5,"elem_水, elem_龙, elem_无, role_召唤, role_输出",Toxic,pal_202,苔狐侯,https://bazaar-builds.net/db/skills/improvised-poison.html,"when you crit, your poison items gain 2 → 4 poison for the fight.",一对一确认来源对象。,,reference_reserved,,
bz_van_203,203,skill,snapshot_vanessa_legacy_catalog_v1,snapshot_the_bazaar_patch_18_0_boundary,true,false,"current_rule_match,structured_trigger,structured_effects,quality_values,owner_scope,trainer_availability",improvised-protection,Improvised Protection,silver,medium,"shieldreference, critreference",6,"trainer_adira, trainer_argenta, trainer_fortis, trainer_nufu, trainer_orlin, trainer_vermir",6,"elem_水, elem_雷, elem_龙, elem_无, role_召唤, role_召唤铺场",Shielded,pal_203,霆熊卫,https://bazaar-builds.net/db/skills/improvised-protection.html,"when you crit, your shield items gain 5 / 10 / 15 shield for the fight.",一对一确认来源对象。,,reference_reserved,,
bz_van_204,204,skill,snapshot_vanessa_legacy_catalog_v1,snapshot_the_bazaar_patch_18_0_boundary,true,false,"current_rule_match,structured_trigger,structured_effects,quality_values,owner_scope,trainer_availability",improvised-weaponry,Improvised Weaponry,silver,medium,"weapon, damagereference, critreference",6,"trainer_adira, trainer_argenta, trainer_nufu, trainer_orlin, trainer_ryukon, trainer_vermir",6,"elem_水, elem_雷, elem_龙, elem_无, role_召唤, role_坦克",Deadly,pal_204,闪鲨将,https://bazaar-builds.net/db/skills/improvised-weaponry.html,"when you crit, your weapons gain 5 / 10 / 15 damage for the fight.",一对一确认来源对象。,,reference_reserved,,
bz_van_205,205,skill,snapshot_vanessa_legacy_catalog_v1,snapshot_the_bazaar_patch_18_0_boundary,true,false,"current_rule_match,structured_trigger,structured_effects,quality_values,owner_scope,trainer_availability",inexorable,Inexorable,silver,medium,crit,6,"trainer_adira, trainer_argenta, trainer_nufu, trainer_old-zane, trainer_orlin, trainer_vermir",6,"elem_水, elem_雷, elem_地, elem_龙, elem_无, role_召唤",Deadly,pal_205,雷隼卫,https://bazaar-builds.net/db/skills/inexorable.html,"your items have +2% crit chance. when you start a fight, this gains +2 / 3 / 4% crit chance bonus.",一对一确认来源对象。,,reference_reserved,,
bz_van_206,206,skill,snapshot_vanessa_legacy_catalog_v1,snapshot_the_bazaar_patch_18_0_boundary,true,false,"current_rule_match,structured_trigger,structured_effects,quality_values,owner_scope,trainer_availability",initial-chill,Initial Chill,silver,medium,freeze,5,"trainer_adira, trainer_argenta, trainer_bjorn, trainer_nufu, trainer_orlin",5,"elem_水, elem_雷, elem_龙, elem_无, role_控制",Icy,pal_206,霜狐卫,https://bazaar-builds.net/db/skills/initial-chill.html,"the first time you use a large item each fight, freeze an item for 3 / 4 / 5 seconds.",一对一确认来源对象。,,reference_reserved,,
bz_van_207,207,skill,snapshot_vanessa_legacy_catalog_v1,snapshot_the_bazaar_patch_18_0_boundary,true,false,"current_rule_match,structured_trigger,structured_effects,quality_values,owner_scope,trainer_availability",initial-dose,Initial Dose,bronze,medium,poisonreference,5,"trainer_adira, trainer_argenta, trainer_nufu, trainer_orlin, trainer_professor-riggle",5,"elem_水, elem_雷, elem_龙, elem_无, role_输出",Toxic,pal_207,森蛇童,https://bazaar-builds.net/db/skills/initial-dose.html,your leftmost poison item has +2 / 4 / 6 / 8 poison.,一对一确认来源对象。,,reference_reserved,,
bz_van_208,208,skill,snapshot_vanessa_legacy_catalog_v1,snapshot_the_bazaar_patch_18_0_boundary,true,false,"current_rule_match,structured_trigger,structured_effects,quality_values,owner_scope,trainer_availability",invigorating-cold,Invigorating Cold,silver,medium,"haste, freezereference",6,"trainer_adira, trainer_argenta, trainer_bjorn, trainer_nufu, trainer_orlin, trainer_zara",6,"elem_水, elem_雷, elem_龙, elem_无, role_控制, special_merchant",Icy,pal_208,冰蛙将,https://bazaar-builds.net/db/skills/invigorating-cold.html,"the first time you freeze each fight, haste 1 / 2 / 3 item(s) for 2 seconds.",一对一确认来源对象。,,reference_reserved,,
bz_van_209,209,skill,snapshot_vanessa_legacy_catalog_v1,snapshot_the_bazaar_patch_18_0_boundary,true,false,"current_rule_match,structured_trigger,structured_effects,quality_values,owner_scope,trainer_availability",iron-sharpens-iron,Iron Sharpens Iron,silver,medium,"weapon, damagereference",5,"trainer_adira, trainer_argenta, trainer_nufu, trainer_orlin, trainer_ryukon",5,"elem_水, elem_雷, elem_龙, elem_无, role_坦克",Golden,pal_209,夜貉精,https://bazaar-builds.net/db/skills/iron-sharpens-iron.html,"your leftmost weapon has +8 damage. when you buy a weapon, this gains +1 / 2 / 3 damage bonus.",一对一确认来源对象。,,reference_reserved,,
bz_van_210,210,skill,snapshot_vanessa_legacy_catalog_v1,snapshot_the_bazaar_patch_18_0_boundary,true,false,"current_rule_match,structured_trigger,structured_effects,quality_values,owner_scope,trainer_availability",keen-eye,Keen Eye,bronze,medium,crit,5,"trainer_adira, trainer_argenta, trainer_nufu, trainer_orlin, trainer_vermir",5,"elem_水, elem_雷, elem_龙, elem_无, role_召唤",Deadly,pal_210,震豹童,https://bazaar-builds.net/db/skills/keen-eye.html,your items have +4 / 8 / 12 / 16% crit chance.,一对一确认来源对象。,,reference_reserved,,
bz_van_211,211,skill,snapshot_vanessa_legacy_catalog_v1,snapshot_the_bazaar_patch_18_0_boundary,true,false,"current_rule_match,structured_trigger,structured_effects,quality_values,owner_scope,trainer_availability",knife-tricks,Knife Tricks,diamond,medium,"weapon, cooldown, damagereference",3,"trainer_adira, trainer_nufu, trainer_ryukon",3,"elem_水, elem_龙, role_坦克",Turbo,pal_211,夜雀皇,https://bazaar-builds.net/db/skills/knife-tricks.html,"when you use a weapon, reduce its cooldown by 4% for the fight.",一对一确认来源对象。,,reference_reserved,,
bz_van_212,212,skill,snapshot_vanessa_legacy_catalog_v1,snapshot_the_bazaar_patch_18_0_boundary,true,false,"current_rule_match,structured_trigger,structured_effects,quality_values,owner_scope,trainer_availability",large-appetites,Large Appetites,silver,medium,health,5,"trainer_adira, trainer_argenta, trainer_nufu, trainer_orlin, trainer_regenald",5,"elem_水, elem_雷, elem_龙, elem_无, tier_pT2",Restorative,pal_212,沧鹤妖,https://bazaar-builds.net/db/skills/large-appetites.html,"if you have 5 or fewer items, you have +500 / 1000 / 2000 max health.",一对一确认来源对象。,,reference_reserved,,
bz_van_213,213,skill,snapshot_vanessa_legacy_catalog_v1,snapshot_the_bazaar_patch_18_0_boundary,true,false,"current_rule_match,structured_trigger,structured_effects,quality_values,owner_scope,trainer_availability",left-eye,Left Eye,bronze,medium,crit,5,"trainer_adira, trainer_argenta, trainer_nufu, trainer_orlin, trainer_vermir",5,"elem_水, elem_雷, elem_龙, elem_无, role_召唤",Deadly,pal_213,震鹰童,https://bazaar-builds.net/db/skills/left-eye.html,your leftmost item has +8 / 16 / 24 / 32% crit chance.,一对一确认来源对象。,,reference_reserved,,
bz_van_214,214,skill,snapshot_vanessa_legacy_catalog_v1,snapshot_the_bazaar_patch_18_0_boundary,true,false,"current_rule_match,structured_trigger,structured_effects,quality_values,owner_scope,trainer_availability",left-handed,Left-Handed,bronze,medium,"weapon, damagereference",5,"trainer_adira, trainer_argenta, trainer_nufu, trainer_orlin, trainer_ryukon",5,"elem_水, elem_雷, elem_龙, elem_无, role_坦克",Deadly,pal_214,角鲨兽,https://bazaar-builds.net/db/skills/left-handed.html,your leftmost weapon deals +10 / 20 / 30 / 40 damage.,一对一确认来源对象。,,reference_reserved,,
bz_van_215,215,skill,snapshot_vanessa_legacy_catalog_v1,snapshot_the_bazaar_patch_18_0_boundary,true,false,"current_rule_match,structured_trigger,structured_effects,quality_values,owner_scope,trainer_availability",lefty-loosey,Lefty Loosey,gold,medium,haste,4,"trainer_adira, trainer_nufu, trainer_orlin, trainer_zara",4,"elem_水, elem_龙, elem_无, special_merchant",Turbo,pal_215,角隼尊,https://bazaar-builds.net/db/skills/lefty-loosey.html,"the first 5 → 10 times you use your leftmost item each fight, haste an item for 1 second.",一对一确认来源对象。,,reference_reserved,,
bz_van_216,216,skill,snapshot_vanessa_legacy_catalog_v1,snapshot_the_bazaar_patch_18_0_boundary,true,false,"current_rule_match,structured_trigger,structured_effects,quality_values,owner_scope,trainer_availability",lethargy,Lethargy,silver,medium,cooldown,4,"trainer_adira, trainer_argenta, trainer_nufu, trainer_orlin",4,"elem_水, elem_雷, elem_龙, elem_无",Turbo,pal_216,霆鲭将,https://bazaar-builds.net/db/skills/lethargy.html,all item cooldowns are increased by 1 / 2 / 3 seconds.,一对一确认来源对象。,,reference_reserved,,
bz_van_217,217,skill,snapshot_vanessa_legacy_catalog_v1,snapshot_the_bazaar_patch_18_0_boundary,true,false,"current_rule_match,structured_trigger,structured_effects,quality_values,owner_scope,trainer_availability",lifting,Lifting,silver,medium,"weapon, damagereference",5,"trainer_adira, trainer_argenta, trainer_nufu, trainer_orlin, trainer_ryukon",5,"elem_水, elem_雷, elem_龙, elem_无, role_坦克",Golden,pal_217,震雀将,https://bazaar-builds.net/db/skills/lifting.html,"your weapons have +1 damage. when you buy a weapon, this gains +1 / 2 / 3 damage bonus.",一对一确认来源对象。,,reference_reserved,,
bz_van_218,218,skill,snapshot_vanessa_legacy_catalog_v1,snapshot_the_bazaar_patch_18_0_boundary,true,false,"current_rule_match,structured_trigger,structured_effects,quality_values,owner_scope,trainer_availability",living-flame,Living Flame,diamond,medium,"burnreference, cooldown",3,"trainer_adira, trainer_malafang, trainer_nufu",3,"elem_水, elem_龙, role_治疗",Fiery,pal_218,赤鹤皇,https://bazaar-builds.net/db/skills/living-flame.html,"the first time you fall below half health each fight, your burn items' cooldowns are halved for the fight.",一对一确认来源对象。,,reference_reserved,,
bz_van_219,219,skill,snapshot_vanessa_legacy_catalog_v1,snapshot_the_bazaar_patch_18_0_boundary,true,false,"current_rule_match,structured_trigger,structured_effects,quality_values,owner_scope,trainer_availability",loaded-fury,Loaded Fury,silver,medium,"ammo, damagereference",6,"trainer_adira, trainer_argenta, trainer_c4, trainer_nufu, trainer_old-zane, trainer_orlin",6,"elem_水, elem_雷, elem_地, elem_龙, elem_无, tier_pT1",Deadly,pal_219,霆狼妖,https://bazaar-builds.net/db/skills/loaded-fury.html,your weapons have +1 / 2 / 3 damage for each ammo on your items.,一对一确认来源对象。,,reference_reserved,,
bz_van_220,220,skill,snapshot_vanessa_legacy_catalog_v1,snapshot_the_bazaar_patch_18_0_boundary,true,false,"current_rule_match,structured_trigger,structured_effects,quality_values,owner_scope,trainer_availability",master-diver,Master Diver,gold,medium,aquatic,4,"trainer_adira, trainer_nufu, trainer_old-zane, trainer_orlin",4,"elem_水, elem_地, elem_龙, elem_无",Turbo,pal_220,碧雀君,https://bazaar-builds.net/db/skills/master-diver.html,your leftmost item is aquatic and has its cooldown reduced by 3 → 6%.,一对一确认来源对象。,,reference_reserved,,
bz_van_221,221,skill,snapshot_vanessa_legacy_catalog_v1,snapshot_the_bazaar_patch_18_0_boundary,true,false,"current_rule_match,structured_trigger,structured_effects,quality_values,owner_scope,trainer_availability",master-sniper,Master Sniper,diamond,medium,"weapon, ammo, damagereference",5,"trainer_adira, trainer_c4, trainer_nufu, trainer_old-zane, trainer_ryukon",5,"elem_水, elem_地, elem_龙, role_坦克, tier_pT1",Deadly,pal_221,霆虎神,https://bazaar-builds.net/db/skills/master-sniper.html,your leftmost ammo weapon has double damage and +1 max ammo.,一对一确认来源对象。,,reference_reserved,,
bz_van_222,222,skill,snapshot_vanessa_legacy_catalog_v1,snapshot_the_bazaar_patch_18_0_boundary,true,false,"current_rule_match,structured_trigger,structured_effects,quality_values,owner_scope,trainer_availability",mixed-message,Mixed Message,gold,medium,"weapon, charge, damagereference",5,"trainer_adira, trainer_nufu, trainer_orlin, trainer_ryukon, trainer_zara",5,"elem_水, elem_龙, elem_无, role_坦克, special_merchant",Turbo,pal_222,雷猿王,https://bazaar-builds.net/db/skills/mixed-message.html,"the first 3 → 6 times you use a non-weapon item each fight, charge a weapon 1 second.",一对一确认来源对象。,,reference_reserved,,
bz_van_223,223,skill,snapshot_vanessa_legacy_catalog_v1,snapshot_the_bazaar_patch_18_0_boundary,true,false,"current_rule_match,structured_trigger,structured_effects,quality_values,owner_scope,trainer_availability",moth-to-a-flame,Moth to a Flame,diamond,medium,"regen, burnreference",4,"trainer_adira, trainer_malafang, trainer_nufu, trainer_regenald",4,"elem_水, elem_龙, role_治疗, tier_pT2",Fiery,pal_223,燎蚌皇,https://bazaar-builds.net/db/skills/moth-to-a-flame.html,you have +regen equal to half the burn on an enemy.,一对一确认来源对象。,,reference_reserved,,
bz_van_224,224,skill,snapshot_vanessa_legacy_catalog_v1,snapshot_the_bazaar_patch_18_0_boundary,true,false,"current_rule_match,structured_trigger,structured_effects,quality_values,owner_scope,trainer_availability",net-launcher,Net Launcher,silver,medium,slow,5,"trainer_adira, trainer_argenta, trainer_nufu, trainer_orlin, trainer_slohmor-lumbra",5,"elem_水, elem_雷, elem_龙, elem_无, role_经济",Icy,pal_224,夜蝎卫,https://bazaar-builds.net/db/skills/net-launcher.html,"the first time you use a large item each fight, slow 2 / 3 / 4 item(s) for 3 seconds.",一对一确认来源对象。,,reference_reserved,,
bz_van_225,225,skill,snapshot_vanessa_legacy_catalog_v1,snapshot_the_bazaar_patch_18_0_boundary,true,false,"current_rule_match,structured_trigger,structured_effects,quality_values,owner_scope,trainer_availability",noisy-cricket,Noisy Cricket,silver,medium,"weapon, damagereference",5,"trainer_adira, trainer_argenta, trainer_nufu, trainer_orlin, trainer_ryukon",5,"elem_水, elem_雷, elem_龙, elem_无, role_坦克",Deadly,pal_225,星隼精,https://bazaar-builds.net/db/skills/noisy-cricket.html,"if you have at least 7 items, your weapons deal +20 / 30 / 40 damage.",一对一确认来源对象。,,reference_reserved,,
bz_van_226,226,skill,snapshot_vanessa_legacy_catalog_v1,snapshot_the_bazaar_patch_18_0_boundary,true,false,"current_rule_match,structured_trigger,structured_effects,quality_values,owner_scope,trainer_availability",oceanic-rush,Oceanic Rush,silver,medium,"aquatic, haste",6,"trainer_adira, trainer_argenta, trainer_nufu, trainer_old-zane, trainer_orlin, trainer_zara",6,"elem_水, elem_雷, elem_地, elem_龙, elem_无, special_merchant",Turbo,pal_226,潮雀妖,https://bazaar-builds.net/db/skills/oceanic-rush.html,"the first time you use an item each fight, haste 1 / 2 / 3 aquatic item(s) for 2 seconds.",一对一确认来源对象。,,reference_reserved,,
bz_van_227,227,skill,snapshot_vanessa_legacy_catalog_v1,snapshot_the_bazaar_patch_18_0_boundary,true,false,"current_rule_match,structured_trigger,structured_effects,quality_values,owner_scope,trainer_availability",outmaneuver,Outmaneuver,gold,medium,"vehicle, haste, slowreference",5,"trainer_adira, trainer_nufu, trainer_orlin, trainer_slohmor-lumbra, trainer_zara",5,"elem_水, elem_龙, elem_无, role_经济, special_merchant",Icy,pal_227,蛟蛙侯,https://bazaar-builds.net/db/skills/outmaneuver.html,"the first 5 → 10 times you slow each fight, haste a vehicle for 2 seconds.",一对一确认来源对象。,,reference_reserved,,
bz_van_228,228,skill,snapshot_vanessa_legacy_catalog_v1,snapshot_the_bazaar_patch_18_0_boundary,true,false,"current_rule_match,structured_trigger,structured_effects,quality_values,owner_scope,trainer_availability",paralytic-poison,Paralytic Poison,silver,medium,"poisonreference, freeze",6,"trainer_adira, trainer_argenta, trainer_bjorn, trainer_nufu, trainer_orlin, trainer_professor-riggle",6,"elem_水, elem_雷, elem_龙, elem_无, role_控制, role_输出",Icy,pal_228,凛蝎卫,https://bazaar-builds.net/db/skills/paralytic-poison.html,"the first time you poison each fight, freeze an item for 2 / 3 / 4 seconds.",一对一确认来源对象。,,reference_reserved,,
bz_van_229,229,skill,snapshot_vanessa_legacy_catalog_v1,snapshot_the_bazaar_patch_18_0_boundary,true,false,"current_rule_match,structured_trigger,structured_effects,quality_values,owner_scope,trainer_availability",parting-shot,Parting Shot,gold,medium,"crit, ammoreference",5,"trainer_adira, trainer_c4, trainer_nufu, trainer_orlin, trainer_vermir",5,"elem_水, elem_龙, elem_无, role_召唤, tier_pT1",Deadly,pal_229,闪狼侯,https://bazaar-builds.net/db/skills/parting-shot.html,"when you use an item with ammo, it gains +10 → 15% crit chance for the fight.",一对一确认来源对象。,,reference_reserved,,
bz_van_230,230,skill,snapshot_vanessa_legacy_catalog_v1,snapshot_the_bazaar_patch_18_0_boundary,true,false,"current_rule_match,structured_trigger,structured_effects,quality_values,owner_scope,trainer_availability",peaceful-eye,Peaceful Eye,bronze,medium,crit,5,"trainer_adira, trainer_argenta, trainer_nufu, trainer_orlin, trainer_vermir",5,"elem_水, elem_雷, elem_龙, elem_无, role_召唤",Deadly,pal_230,震隼灵,https://bazaar-builds.net/db/skills/peaceful-eye.html,your non-weapon items have +5 / 10 / 15 / 20% crit chance.,一对一确认来源对象。,,reference_reserved,,
bz_van_231,231,skill,snapshot_vanessa_legacy_catalog_v1,snapshot_the_bazaar_patch_18_0_boundary,true,false,"current_rule_match,structured_trigger,structured_effects,quality_values,owner_scope,trainer_availability",poisonous-opener,Poisonous Opener,silver,medium,poison,5,"trainer_adira, trainer_argenta, trainer_nufu, trainer_orlin, trainer_professor-riggle",5,"elem_水, elem_雷, elem_龙, elem_无, role_输出",Toxic,pal_231,苔蛛将,https://bazaar-builds.net/db/skills/poisonous-opener.html,"the first time you use a large item each fight, poison 20 / 40 / 60.",一对一确认来源对象。,,reference_reserved,,
bz_van_232,232,skill,snapshot_vanessa_legacy_catalog_v1,snapshot_the_bazaar_patch_18_0_boundary,true,false,"current_rule_match,structured_trigger,structured_effects,quality_values,owner_scope,trainer_availability",quality-over-quantity,Quality over Quantity,gold,medium,"weapon, lifesteal, crit",5,"trainer_adira, trainer_nufu, trainer_orlin, trainer_ryukon, trainer_vermir",5,"elem_水, elem_龙, elem_无, role_召唤, role_坦克",Deadly,pal_232,汐羊王,https://bazaar-builds.net/db/skills/quality-over-quantity.html,"if you have exactly one weapon, it has lifesteal and 5 → 10% crit chance.",一对一确认来源对象。,,reference_reserved,,
bz_van_233,233,skill,snapshot_vanessa_legacy_catalog_v1,snapshot_the_bazaar_patch_18_0_boundary,true,false,"current_rule_match,structured_trigger,structured_effects,quality_values,owner_scope,trainer_availability",quick-defenses,Quick Defenses,gold,medium,"shieldreference, cooldown",4,"trainer_adira, trainer_fortis, trainer_nufu, trainer_orlin",4,"elem_水, elem_龙, elem_无, role_召唤铺场",Turbo,pal_233,山象王,https://bazaar-builds.net/db/skills/quick-defenses.html,your shield items' cooldowns are reduced by 5 → 10%.,一对一确认来源对象。,,reference_reserved,,
bz_van_234,234,skill,snapshot_vanessa_legacy_catalog_v1,snapshot_the_bazaar_patch_18_0_boundary,true,false,"current_rule_match,structured_trigger,structured_effects,quality_values,owner_scope,trainer_availability",quick-freeze,Quick Freeze,silver,medium,"hastereference, freeze",6,"trainer_adira, trainer_argenta, trainer_bjorn, trainer_nufu, trainer_orlin, trainer_zara",6,"elem_水, elem_雷, elem_龙, elem_无, role_控制, special_merchant",Icy,pal_234,寒蟒卫,https://bazaar-builds.net/db/skills/quick-freeze.html,"the first time you haste each fight, freeze an item for 2 / 3 / 4 seconds.",一对一确认来源对象。,,reference_reserved,,
bz_van_235,235,skill,snapshot_vanessa_legacy_catalog_v1,snapshot_the_bazaar_patch_18_0_boundary,true,false,"current_rule_match,structured_trigger,structured_effects,quality_values,owner_scope,trainer_availability",quick-ignition,Quick Ignition,silver,medium,"burnreference, haste",6,"trainer_adira, trainer_argenta, trainer_malafang, trainer_nufu, trainer_orlin, trainer_zara",6,"elem_水, elem_雷, elem_龙, elem_无, role_治疗, special_merchant",Fiery,pal_235,朱鲭将,https://bazaar-builds.net/db/skills/quick-ignition.html,"the first time you use an item each fight, haste 1 / 2 / 3 burn item(s) for 2 seconds.",一对一确认来源对象。,,reference_reserved,,
bz_van_236,236,skill,snapshot_vanessa_legacy_catalog_v1,snapshot_the_bazaar_patch_18_0_boundary,true,false,"current_rule_match,structured_trigger,structured_effects,quality_values,owner_scope,trainer_availability",re-tooled,Re-Tooled,diamond,medium,tool,2,"trainer_adira, trainer_nufu",2,"elem_水, elem_龙",Shiny,pal_236,寒鹰祖,https://bazaar-builds.net/db/skills/re-tooled.html,your leftmost tool has +1 multicast.,一对一确认来源对象。,,reference_reserved,,
bz_van_237,237,skill,snapshot_vanessa_legacy_catalog_v1,snapshot_the_bazaar_patch_18_0_boundary,true,false,"current_rule_match,structured_trigger,structured_effects,quality_values,owner_scope,trainer_availability",reaching-the-summit,Reaching the Summit,gold,medium,"freezereference, crit",5,"trainer_adira, trainer_bjorn, trainer_nufu, trainer_orlin, trainer_vermir",5,"elem_水, elem_龙, elem_无, role_召唤, role_控制",Icy,pal_237,寒蝎尊,https://bazaar-builds.net/db/skills/reaching-the-summit.html,"when you freeze, your items gain +3 → 6% crit chance for the fight.",一对一确认来源对象。,,reference_reserved,,
bz_van_238,238,skill,snapshot_vanessa_legacy_catalog_v1,snapshot_the_bazaar_patch_18_0_boundary,true,false,"current_rule_match,structured_trigger,structured_effects,quality_values,owner_scope,trainer_availability",rear-shielding,Rear Shielding,bronze,medium,shieldreference,5,"trainer_adira, trainer_argenta, trainer_fortis, trainer_nufu, trainer_orlin",5,"elem_水, elem_雷, elem_龙, elem_无, role_召唤铺场",Shielded,pal_238,石甲兽,https://bazaar-builds.net/db/skills/rear-shielding.html,your rightmost shield item has +10 / 20 / 30 / 40 shield.,一对一确认来源对象。,,reference_reserved,,
bz_van_239,239,skill,snapshot_vanessa_legacy_catalog_v1,snapshot_the_bazaar_patch_18_0_boundary,true,false,"current_rule_match,structured_trigger,structured_effects,quality_values,owner_scope,trainer_availability",reel-em-in,Reel 'Em In,diamond,medium,cooldown,3,"trainer_adira, trainer_nufu, trainer_old-zane",3,"elem_水, elem_地, elem_龙",Turbo,pal_239,沧鹤神,https://bazaar-builds.net/db/skills/reel-em-in.html,"the first time an enemy falls below half health each fight, your items' cooldowns are halved for the fight.",一对一确认来源对象。,,reference_reserved,,
bz_van_240,240,skill,snapshot_vanessa_legacy_catalog_v1,snapshot_the_bazaar_patch_18_0_boundary,true,false,"current_rule_match,structured_trigger,structured_effects,quality_values,owner_scope,trainer_availability",regenerative,Regenerative,silver,medium,regen,5,"trainer_adira, trainer_argenta, trainer_nufu, trainer_orlin, trainer_regenald",5,"elem_水, elem_雷, elem_龙, elem_无, tier_pT2",Mossy,pal_240,碧蚌将,https://bazaar-builds.net/db/skills/regenerative.html,you have +10 / 20 / 30 regen.,一对一确认来源对象。,,reference_reserved,,
bz_van_241,241,skill,snapshot_vanessa_legacy_catalog_v1,snapshot_the_bazaar_patch_18_0_boundary,true,false,"current_rule_match,structured_trigger,structured_effects,quality_values,owner_scope,trainer_availability",repair-mechanic,Repair Mechanic,gold,medium,,3,"trainer_adira, trainer_nufu, trainer_orlin",3,"elem_水, elem_龙, elem_无",Obsidian,pal_241,墨蝎王,https://bazaar-builds.net/db/skills/repair-mechanic.html,"the first 1 → 2 times one of your items is destroyed each fight, repair it.",一对一确认来源对象。,,reference_reserved,,
bz_van_242,242,skill,snapshot_vanessa_legacy_catalog_v1,snapshot_the_bazaar_patch_18_0_boundary,true,false,"current_rule_match,structured_trigger,structured_effects,quality_values,owner_scope,trainer_availability",right-eye,Right Eye,bronze,medium,crit,5,"trainer_adira, trainer_argenta, trainer_nufu, trainer_orlin, trainer_vermir",5,"elem_水, elem_雷, elem_龙, elem_无, role_召唤",Deadly,pal_242,鸣螳仔,https://bazaar-builds.net/db/skills/right-eye.html,your rightmost item has +8 / 16 / 24 / 32% crit chance.,一对一确认来源对象。,,reference_reserved,,
bz_van_243,243,skill,snapshot_vanessa_legacy_catalog_v1,snapshot_the_bazaar_patch_18_0_boundary,true,false,"current_rule_match,structured_trigger,structured_effects,quality_values,owner_scope,trainer_availability",right-handed,Right-Handed,bronze,medium,"weapon, damagereference",5,"trainer_adira, trainer_argenta, trainer_nufu, trainer_orlin, trainer_ryukon",5,"elem_水, elem_雷, elem_龙, elem_无, role_坦克",Deadly,pal_243,岩豹兽,https://bazaar-builds.net/db/skills/right-handed.html,your rightmost weapon has +10 / 20 / 30 / 40 damage.,一对一确认来源对象。,,reference_reserved,,
bz_van_244,244,skill,snapshot_vanessa_legacy_catalog_v1,snapshot_the_bazaar_patch_18_0_boundary,true,false,"current_rule_match,structured_trigger,structured_effects,quality_values,owner_scope,trainer_availability",righty-tighty,Righty Tighty,silver,medium,"slowreference, charge",6,"trainer_adira, trainer_argenta, trainer_nufu, trainer_orlin, trainer_slohmor-lumbra, trainer_zara",6,"elem_水, elem_雷, elem_龙, elem_无, role_经济, special_merchant",Icy,pal_244,雷蛛妖,https://bazaar-builds.net/db/skills/righty-tighty.html,"the first 3 / 6 / 9 times you use your rightmost item each fight, charge a slow item 1 second.",一对一确认来源对象。,,reference_reserved,,
bz_van_245,245,skill,snapshot_vanessa_legacy_catalog_v1,snapshot_the_bazaar_patch_18_0_boundary,true,false,"current_rule_match,structured_trigger,structured_effects,quality_values,owner_scope,trainer_availability",sabotage,Sabotage,gold,medium,"tool, slow",4,"trainer_adira, trainer_nufu, trainer_orlin, trainer_slohmor-lumbra",4,"elem_水, elem_龙, elem_无, role_经济",Icy,pal_245,角蛙君,https://bazaar-builds.net/db/skills/sabotage.html,"the first 5 → 10 times you use a tool each fight, slow an item for 1 second.",一对一确认来源对象。,,reference_reserved,,
bz_van_246,246,skill,snapshot_vanessa_legacy_catalog_v1,snapshot_the_bazaar_patch_18_0_boundary,true,false,"current_rule_match,structured_trigger,structured_effects,quality_values,owner_scope,trainer_availability",searing-flames,Searing Flames,silver,medium,"burnreference, hastereference",6,"trainer_adira, trainer_argenta, trainer_malafang, trainer_nufu, trainer_orlin, trainer_zara",6,"elem_水, elem_雷, elem_龙, elem_无, role_治疗, special_merchant",Fiery,pal_246,燎隼精,https://bazaar-builds.net/db/skills/searing-flames.html,"when one of your burn items is hasted, it gains 1 / 2 / 3 burn for the fight.",一对一确认来源对象。,,reference_reserved,,
bz_van_247,247,skill,snapshot_vanessa_legacy_catalog_v1,snapshot_the_bazaar_patch_18_0_boundary,true,false,"current_rule_match,structured_trigger,structured_effects,quality_values,owner_scope,trainer_availability",second-wind,Second Wind,silver,medium,"heal, healthreference",5,"trainer_adira, trainer_argenta, trainer_nufu, trainer_orlin, trainer_regenald",5,"elem_水, elem_雷, elem_龙, elem_无, tier_pT2",Restorative,pal_247,潮羊卫,https://bazaar-builds.net/db/skills/second-wind.html,"the first time you use a large item each fight, heal equal to 20 / 40 / 60% of your max health.",一对一确认来源对象。,,reference_reserved,,
bz_van_248,248,skill,snapshot_vanessa_legacy_catalog_v1,snapshot_the_bazaar_patch_18_0_boundary,true,false,"current_rule_match,structured_trigger,structured_effects,quality_values,owner_scope,trainer_availability",sharp-corners,Sharp Corners,silver,medium,"weapon, shieldreference, damagereference",6,"trainer_adira, trainer_argenta, trainer_fortis, trainer_nufu, trainer_orlin, trainer_ryukon",6,"elem_水, elem_雷, elem_龙, elem_无, role_坦克, role_召唤铺场",Shielded,pal_248,岳熊精,https://bazaar-builds.net/db/skills/sharp-corners.html,"when you shield, your weapons gain +2 / 4 / 6 damage for the fight.",一对一确认来源对象。,,reference_reserved,,
bz_van_249,249,skill,snapshot_vanessa_legacy_catalog_v1,snapshot_the_bazaar_patch_18_0_boundary,true,false,"current_rule_match,structured_trigger,structured_effects,quality_values,owner_scope,trainer_availability",sharpshooter,Sharpshooter,diamond,medium,"weapon, damagereference, crit",4,"trainer_adira, trainer_nufu, trainer_ryukon, trainer_vermir",4,"elem_水, elem_龙, role_召唤, role_坦克",Deadly,pal_249,霆鲨皇,https://bazaar-builds.net/db/skills/sharpshooter.html,"your leftmost and rightmost weapons have +10% crit chance. if you only have one weapon, it deals double crit damage.",一对一确认来源对象。,,reference_reserved,,
bz_van_250,250,skill,snapshot_vanessa_legacy_catalog_v1,snapshot_the_bazaar_patch_18_0_boundary,true,false,"current_rule_match,structured_trigger,structured_effects,quality_values,owner_scope,trainer_availability",shatter,Shatter,silver,medium,"weapon, freezereference, damagereference",6,"trainer_adira, trainer_argenta, trainer_bjorn, trainer_nufu, trainer_orlin, trainer_ryukon",6,"elem_水, elem_雷, elem_龙, elem_无, role_坦克, role_控制",Icy,pal_250,霜貂卫,https://bazaar-builds.net/db/skills/shatter.html,"when you freeze, your weapons gain +5 / 10 / 15 damage for the fight.",一对一确认来源对象。,,reference_reserved,,
bz_van_251,251,skill,snapshot_vanessa_legacy_catalog_v1,snapshot_the_bazaar_patch_18_0_boundary,true,false,"current_rule_match,structured_trigger,structured_effects,quality_values,owner_scope,trainer_availability",shield-bash,Shield Bash,gold,medium,"weapon, charge, damagereference",5,"trainer_adira, trainer_nufu, trainer_orlin, trainer_ryukon, trainer_zara",5,"elem_水, elem_龙, elem_无, role_坦克, special_merchant",Turbo,pal_251,霆牦王,https://bazaar-builds.net/db/skills/shield-bash.html,"the first 4 → 8 times an enemy uses a non-weapon item each fight, charge a weapon 1 second.",一对一确认来源对象。,,reference_reserved,,
bz_van_252,252,skill,snapshot_vanessa_legacy_catalog_v1,snapshot_the_bazaar_patch_18_0_boundary,true,false,"current_rule_match,structured_trigger,structured_effects,quality_values,owner_scope,trainer_availability",sick-burn,Sick Burn,gold,medium,"charge, poisonreference, burnreference",6,"trainer_adira, trainer_malafang, trainer_nufu, trainer_orlin, trainer_professor-riggle, trainer_zara",6,"elem_水, elem_龙, elem_无, role_治疗, role_输出, special_merchant",Fiery,pal_252,炎蛛尊,https://bazaar-builds.net/db/skills/sick-burn.html,"the first 4 → 8 times you poison each fight, charge a burn item 1 second.",一对一确认来源对象。,,reference_reserved,,
bz_van_253,253,skill,snapshot_vanessa_legacy_catalog_v1,snapshot_the_bazaar_patch_18_0_boundary,true,false,"current_rule_match,structured_trigger,structured_effects,quality_values,owner_scope,trainer_availability",slow-and-steady,Slow and Steady,silver,medium,"weapon, damagereference, slowreference",6,"trainer_adira, trainer_argenta, trainer_nufu, trainer_orlin, trainer_ryukon, trainer_slohmor-lumbra",6,"elem_水, elem_雷, elem_龙, elem_无, role_坦克, role_经济",Icy,pal_253,炎鳗精,https://bazaar-builds.net/db/skills/slow-and-steady.html,"when you slow, your weapons gain 2 / 4 / 6 damage for the fight.",一对一确认来源对象。,,reference_reserved,,
bz_van_254,254,skill,snapshot_vanessa_legacy_catalog_v1,snapshot_the_bazaar_patch_18_0_boundary,true,false,"current_rule_match,structured_trigger,structured_effects,quality_values,owner_scope,trainer_availability",slow-burn,Slow Burn,gold,medium,"charge, burnreference, slowreference",6,"trainer_adira, trainer_malafang, trainer_nufu, trainer_orlin, trainer_slohmor-lumbra, trainer_zara",6,"elem_水, elem_龙, elem_无, role_治疗, role_经济, special_merchant",Fiery,pal_254,赤蟒王,https://bazaar-builds.net/db/skills/slow-burn.html,"the first 4 → 8 times you slow each fight, charge a burn item 1 second.",一对一确认来源对象。,,reference_reserved,,
bz_van_255,255,skill,snapshot_vanessa_legacy_catalog_v1,snapshot_the_bazaar_patch_18_0_boundary,true,false,"current_rule_match,structured_trigger,structured_effects,quality_values,owner_scope,trainer_availability",slowed-targets,Slowed Targets,silver,medium,"slowreference, crit",6,"trainer_adira, trainer_argenta, trainer_nufu, trainer_orlin, trainer_slohmor-lumbra, trainer_vermir",6,"elem_水, elem_雷, elem_龙, elem_无, role_召唤, role_经济",Icy,pal_255,电蟒精,https://bazaar-builds.net/db/skills/slowed-targets.html,"when you slow, your items gain +1 / 2 / 3% crit chance for the fight.",一对一确认来源对象。,,reference_reserved,,
bz_van_256,256,skill,snapshot_vanessa_legacy_catalog_v1,snapshot_the_bazaar_patch_18_0_boundary,true,false,"current_rule_match,structured_trigger,structured_effects,quality_values,owner_scope,trainer_availability",static-acceleration,Static Acceleration,silver,medium,"hastereference, crit",6,"trainer_adira, trainer_argenta, trainer_nufu, trainer_orlin, trainer_vermir, trainer_zara",6,"elem_水, elem_雷, elem_龙, elem_无, role_召唤, special_merchant",Turbo,pal_256,震隼将,https://bazaar-builds.net/db/skills/static-acceleration.html,"when you haste, your items gain +1 / 2 / 3% crit chance for the fight.",一对一确认来源对象。,,reference_reserved,,
bz_van_257,257,skill,snapshot_vanessa_legacy_catalog_v1,snapshot_the_bazaar_patch_18_0_boundary,true,false,"current_rule_match,structured_trigger,structured_effects,quality_values,owner_scope,trainer_availability",steelstorm,Steelstorm,silver,medium,"weapon, damagereference",6,"trainer_adira, trainer_argenta, trainer_nufu, trainer_old-zane, trainer_orlin, trainer_ryukon",6,"elem_水, elem_雷, elem_地, elem_龙, elem_无, role_坦克",Deadly,pal_257,翠隼将,https://bazaar-builds.net/db/skills/steelstorm.html,your weapons have +4 / 6 / 8 damage for each weapon you have.,一对一确认来源对象。,,reference_reserved,,
bz_van_258,258,skill,snapshot_vanessa_legacy_catalog_v1,snapshot_the_bazaar_patch_18_0_boundary,true,false,"current_rule_match,structured_trigger,structured_effects,quality_values,owner_scope,trainer_availability",stop-that,Stop That!,silver,medium,slow,5,"trainer_adira, trainer_argenta, trainer_nufu, trainer_orlin, trainer_slohmor-lumbra",5,"elem_水, elem_雷, elem_龙, elem_无, role_经济",Icy,pal_258,汐蝶精,https://bazaar-builds.net/db/skills/stop-that.html,"the first time you fall below half health each fight, slow all enemy items for 1 / 2 / 3 seconds.",一对一确认来源对象。,,reference_reserved,,
bz_van_259,259,skill,snapshot_vanessa_legacy_catalog_v1,snapshot_the_bazaar_patch_18_0_boundary,true,false,"current_rule_match,structured_trigger,structured_effects,quality_values,owner_scope,trainer_availability",streamline-weapon,Streamline Weapon,silver,medium,"weapon, damagereference, hastereference",6,"trainer_adira, trainer_argenta, trainer_nufu, trainer_orlin, trainer_ryukon, trainer_zara",6,"elem_水, elem_雷, elem_龙, elem_无, role_坦克, special_merchant",Turbo,pal_259,朱雀妖,https://bazaar-builds.net/db/skills/streamline-weapon.html,"when one of your weapons is hasted, it gains +5 / 10 / 15 damage.",一对一确认来源对象。,,reference_reserved,,
bz_van_260,260,skill,snapshot_vanessa_legacy_catalog_v1,snapshot_the_bazaar_patch_18_0_boundary,true,false,"current_rule_match,structured_trigger,structured_effects,quality_values,owner_scope,trainer_availability",strength,Strength,bronze,medium,"weapon, damagereference",5,"trainer_adira, trainer_argenta, trainer_nufu, trainer_orlin, trainer_ryukon",5,"elem_水, elem_雷, elem_龙, elem_无, role_坦克",Deadly,pal_260,云隼兽,https://bazaar-builds.net/db/skills/strength.html,your weapons deal +5 / 10 / 15 / 20 damage.,一对一确认来源对象。,,reference_reserved,,
bz_van_261,261,skill,snapshot_vanessa_legacy_catalog_v1,snapshot_the_bazaar_patch_18_0_boundary,true,false,"current_rule_match,structured_trigger,structured_effects,quality_values,owner_scope,trainer_availability",stunning-strike,Stunning Strike,silver,medium,"critreference, freeze",6,"trainer_adira, trainer_argenta, trainer_bjorn, trainer_nufu, trainer_orlin, trainer_vermir",6,"elem_水, elem_雷, elem_龙, elem_无, role_召唤, role_控制",Icy,pal_261,寒貂卫,https://bazaar-builds.net/db/skills/stunning-strike.html,"the first time you crit each fight, freeze an item for 3 / 4 / 5 seconds.",一对一确认来源对象。,,reference_reserved,,
bz_van_262,262,skill,snapshot_vanessa_legacy_catalog_v1,snapshot_the_bazaar_patch_18_0_boundary,true,false,"current_rule_match,structured_trigger,structured_effects,quality_values,owner_scope,trainer_availability",submerged,Submerged,silver,medium,"weapon, aquatic, damagereference, shieldreference",7,"trainer_adira, trainer_argenta, trainer_fortis, trainer_nufu, trainer_old-zane, trainer_orlin, trainer_ryukon",7,"elem_水, elem_雷, elem_地, elem_龙, elem_无, role_坦克, role_召唤铺场",Shielded,pal_262,澜象将,https://bazaar-builds.net/db/skills/submerged.html,your weapons have +3 / 6 / 9 damage for each aquatic item you have. your shield items have +3 / 6 / 9 shield for each aquatic item you have.,一对一确认来源对象。,,reference_reserved,,
bz_van_263,263,skill,snapshot_vanessa_legacy_catalog_v1,snapshot_the_bazaar_patch_18_0_boundary,true,false,"current_rule_match,structured_trigger,structured_effects,quality_values,owner_scope,trainer_availability",supply-cache,Supply Cache,bronze,medium,,4,"trainer_adira, trainer_argenta, trainer_nufu, trainer_orlin",4,"elem_水, elem_雷, elem_龙, elem_无",Heavy,pal_263,沙鹰仔,https://bazaar-builds.net/db/skills/supply-cache.html,"at the start of each day, get a loot item.",一对一确认来源对象。,,reference_reserved,,
bz_van_264,264,skill,snapshot_vanessa_legacy_catalog_v1,snapshot_the_bazaar_patch_18_0_boundary,true,false,"current_rule_match,structured_trigger,structured_effects,quality_values,owner_scope,trainer_availability",tempering,Tempering,silver,medium,"weapon, damagereference",5,"trainer_adira, trainer_argenta, trainer_nufu, trainer_orlin, trainer_ryukon",5,"elem_水, elem_雷, elem_龙, elem_无, role_坦克",Deadly,pal_264,蛟鲨精,https://bazaar-builds.net/db/skills/tempering.html,"when you use a weapon, it gains +3 / 6 / 9 damage for the fight.",一对一确认来源对象。,,reference_reserved,,
bz_van_265,265,skill,snapshot_vanessa_legacy_catalog_v1,snapshot_the_bazaar_patch_18_0_boundary,true,false,"current_rule_match,structured_trigger,structured_effects,quality_values,owner_scope,trainer_availability",temporal-strike,Temporal Strike,gold,medium,"weapon, slowreference, charge",6,"trainer_adira, trainer_nufu, trainer_orlin, trainer_ryukon, trainer_slohmor-lumbra, trainer_zara",6,"elem_水, elem_龙, elem_无, role_坦克, role_经济, special_merchant",Icy,pal_265,电狐王,https://bazaar-builds.net/db/skills/temporal-strike.html,"the first 4 → 8 times you slow each fight, charge a weapon 1 second.",一对一确认来源对象。,,reference_reserved,,
bz_van_266,266,skill,snapshot_vanessa_legacy_catalog_v1,snapshot_the_bazaar_patch_18_0_boundary,true,false,"current_rule_match,structured_trigger,structured_effects,quality_values,owner_scope,trainer_availability",the-best-defense,The Best Defense,silver,medium,"weapon, damagereference",6,"trainer_adira, trainer_argenta, trainer_nufu, trainer_old-zane, trainer_orlin, trainer_ryukon",6,"elem_水, elem_雷, elem_地, elem_龙, elem_无, role_坦克",Deadly,pal_266,沧狮将,https://bazaar-builds.net/db/skills/the-best-defense.html,"when you use a weapon, weapons adjacent to it gain +3 / 6 / 9 damage for the fight.",一对一确认来源对象。,,reference_reserved,,
bz_van_267,267,skill,snapshot_vanessa_legacy_catalog_v1,snapshot_the_bazaar_patch_18_0_boundary,true,false,"current_rule_match,structured_trigger,structured_effects,quality_values,owner_scope,trainer_availability",tiny-dancer,Tiny Dancer,gold,medium,cooldown,3,"trainer_adira, trainer_nufu, trainer_orlin",3,"elem_水, elem_龙, elem_无",Turbo,pal_267,炎鲭侯,https://bazaar-builds.net/db/skills/tiny-dancer.html,"if you have at least 7 items, your items' cooldowns are reduced by 5 → 10%.",一对一确认来源对象。,,reference_reserved,,
bz_van_268,268,skill,snapshot_vanessa_legacy_catalog_v1,snapshot_the_bazaar_patch_18_0_boundary,true,false,"current_rule_match,structured_trigger,structured_effects,quality_values,owner_scope,trainer_availability",toughness,Toughness,bronze,medium,shieldreference,5,"trainer_adira, trainer_argenta, trainer_fortis, trainer_nufu, trainer_orlin",5,"elem_水, elem_雷, elem_龙, elem_无, role_召唤铺场",Shielded,pal_268,石牦灵,https://bazaar-builds.net/db/skills/toughness.html,your shield items have +5 / 10 / 15 / 20 shield.,一对一确认来源对象。,,reference_reserved,,
bz_van_269,269,skill,snapshot_vanessa_legacy_catalog_v1,snapshot_the_bazaar_patch_18_0_boundary,true,false,"current_rule_match,structured_trigger,structured_effects,quality_values,owner_scope,trainer_availability",toxic-flame,Toxic Flame,silver,medium,"poisonreference, burnreference",6,"trainer_adira, trainer_argenta, trainer_malafang, trainer_nufu, trainer_orlin, trainer_professor-riggle",6,"elem_水, elem_雷, elem_龙, elem_无, role_治疗, role_输出",Fiery,pal_269,焰蝎妖,https://bazaar-builds.net/db/skills/toxic-flame.html,"when you burn, your poison items gain +1 / 2 / 3 poison for the fight.",一对一确认来源对象。,,reference_reserved,,
bz_van_270,270,skill,snapshot_vanessa_legacy_catalog_v1,snapshot_the_bazaar_patch_18_0_boundary,true,false,"current_rule_match,structured_trigger,structured_effects,quality_values,owner_scope,trainer_availability",toxic-weapons,Toxic Weapons,silver,medium,"weapon, poisonreference",6,"trainer_adira, trainer_argenta, trainer_nufu, trainer_orlin, trainer_professor-riggle, trainer_ryukon",6,"elem_水, elem_雷, elem_龙, elem_无, role_坦克, role_输出",Toxic,pal_270,芽蛛将,https://bazaar-builds.net/db/skills/toxic-weapons.html,your poison items have +2 / 3 / 4 poison for each weapon you have.,一对一确认来源对象。,,reference_reserved,,
bz_van_271,271,skill,snapshot_vanessa_legacy_catalog_v1,snapshot_the_bazaar_patch_18_0_boundary,true,false,"current_rule_match,structured_trigger,structured_effects,quality_values,owner_scope,trainer_availability",toxicity,Toxicity,silver,medium,"damagereference, poisonreference",5,"trainer_adira, trainer_argenta, trainer_nufu, trainer_orlin, trainer_professor-riggle",5,"elem_水, elem_雷, elem_龙, elem_无, role_输出",Toxic,pal_271,青蛇将,https://bazaar-builds.net/db/skills/toxicity.html,"when you poison, your weapons gain 2 / 4 / 6 damage for the fight.",一对一确认来源对象。,,reference_reserved,,
bz_van_272,272,skill,snapshot_vanessa_legacy_catalog_v1,snapshot_the_bazaar_patch_18_0_boundary,true,false,"current_rule_match,structured_trigger,structured_effects,quality_values,owner_scope,trainer_availability",toxin-injector,Toxin Injector,silver,medium,"poisonreference, haste",6,"trainer_adira, trainer_argenta, trainer_nufu, trainer_orlin, trainer_professor-riggle, trainer_zara",6,"elem_水, elem_雷, elem_龙, elem_无, role_输出, special_merchant",Toxic,pal_272,芽貂卫,https://bazaar-builds.net/db/skills/toxin-injector.html,"the first time you use an item each fight, haste 1 / 2 / 3 poison item(s) for 2 seconds.",一对一确认来源对象。,,reference_reserved,,
bz_van_273,273,skill,snapshot_vanessa_legacy_catalog_v1,snapshot_the_bazaar_patch_18_0_boundary,true,false,"current_rule_match,structured_trigger,structured_effects,quality_values,owner_scope,trainer_availability",tracer-fire,Tracer Fire,silver,medium,"burnreference, crit",6,"trainer_adira, trainer_argenta, trainer_malafang, trainer_nufu, trainer_orlin, trainer_vermir",6,"elem_水, elem_雷, elem_龙, elem_无, role_召唤, role_治疗",Fiery,pal_273,燎鹰卫,https://bazaar-builds.net/db/skills/tracer-fire.html,"when you burn, your items gain +1 / 2 / 3% crit chance for the fight.",一对一确认来源对象。,,reference_reserved,,
bz_van_274,274,skill,snapshot_vanessa_legacy_catalog_v1,snapshot_the_bazaar_patch_18_0_boundary,true,false,"current_rule_match,structured_trigger,structured_effects,quality_values,owner_scope,trainer_availability",venomous-blade,Venomous Blade,gold,medium,"weapon, charge, poisonreference, damagereference",6,"trainer_adira, trainer_nufu, trainer_orlin, trainer_professor-riggle, trainer_ryukon, trainer_zara",6,"elem_水, elem_龙, elem_无, role_坦克, role_输出, special_merchant",Toxic,pal_274,苔貂王,https://bazaar-builds.net/db/skills/venomous-blade.html,"the first 4 → 8 times you use a weapon each fight, charge a poison item 1 second.",一对一确认来源对象。,,reference_reserved,,
bz_van_275,275,skill,snapshot_vanessa_legacy_catalog_v1,snapshot_the_bazaar_patch_18_0_boundary,true,false,"current_rule_match,structured_trigger,structured_effects,quality_values,owner_scope,trainer_availability",venomous-vitality,Venomous Vitality,diamond,medium,"regen, poisonreference",4,"trainer_adira, trainer_nufu, trainer_professor-riggle, trainer_regenald",4,"elem_水, elem_龙, role_输出, tier_pT2",Toxic,pal_275,青鹿祖,https://bazaar-builds.net/db/skills/venomous-vitality.html,you have +regen equal to half the poison on an enemy.,一对一确认来源对象。,,reference_reserved,,
bz_van_276,276,skill,snapshot_vanessa_legacy_catalog_v1,snapshot_the_bazaar_patch_18_0_boundary,true,false,"current_rule_match,structured_trigger,structured_effects,quality_values,owner_scope,trainer_availability",warm-hugs,Warm Hugs,silver,medium,"friend, burn",5,"trainer_adira, trainer_argenta, trainer_malafang, trainer_nufu, trainer_orlin",5,"elem_水, elem_雷, elem_龙, elem_无, role_治疗",Fiery,pal_276,焰蟾卫,https://bazaar-builds.net/db/skills/warm-hugs.html,"the first 4 / 8 / 12 times you use a friend each fight, burn 5.",一对一确认来源对象。,,reference_reserved,,
bz_van_277,277,merchant_package,snapshot_vanessa_legacy_catalog_v1,snapshot_the_bazaar_patch_18_0_boundary,true,false,"current_rule_match,structured_effects,reward_payload,sell_target,availability",package-f218t3kc5j6h9jfksw0pwqlwhp,Chronos' Package,silver,Large,"package, large, silver, chronos",2,"merchant_chronos, merchant_silvia",2,"role_经济, elite_high",Turbo,pal_277,克诺大兽,https://bazaardb.gg/card/f218t3kc5j6h9jfksw0pwqlwhp/Chronos'-Package,"When you sell this to Chronos, get an Enchanted large Haste item and 3 XP",BazaarDB Patch 16.2 商人包卡；归属 Chronos，品质 白银，占格 Large。,,reference_reserved,,
bz_van_278,278,merchant_package,snapshot_vanessa_legacy_catalog_v1,snapshot_the_bazaar_patch_18_0_boundary,true,false,"current_rule_match,structured_effects,reward_payload,sell_target,availability",package-ncgf4n4q63560gx7hxcfn9c505,Chronos' Package,gold,Medium,"package, medium, gold, chronos",2,"merchant_chronos, merchant_goldie",2,"role_坦克, elite_high",Turbo,pal_278,克诺中兽,https://bazaardb.gg/card/ncgf4n4q63560gx7hxcfn9c505/Chronos'-Package,"When you sell this to Chronos, get an Enchanted medium Haste item and 3 XP",BazaarDB Patch 16.2 商人包卡；归属 Chronos，品质 黄金，占格 Medium。,,reference_reserved,,
bz_van_279,279,merchant_package,snapshot_vanessa_legacy_catalog_v1,snapshot_the_bazaar_patch_18_0_boundary,true,false,"current_rule_match,structured_effects,reward_payload,sell_target,availability",package-1830w2cgyw37txgy21hdzb83p8d,Chronos' Package,gold,Small,"package, small, gold, chronos",2,"merchant_chronos, merchant_goldie",2,"role_坦克, elite_high",Turbo,pal_279,克诺小兽,https://bazaardb.gg/card/1830w2cgyw37txgy21hdzb83p8d/Chronos'-Package,"When you sell this to Chronos, get an Enchanted small Haste item and 3 XP",BazaarDB Patch 16.2 商人包卡；归属 Chronos，品质 黄金，占格 Small。,,reference_reserved,,
bz_van_280,280,merchant_package,snapshot_vanessa_legacy_catalog_v1,snapshot_the_bazaar_patch_18_0_boundary,true,false,"current_rule_match,structured_effects,reward_payload,sell_target,availability",package-wfcd4scmx9j3pkbmlz6pc03370,Cobweb's Package,gold,Small,"package, small, gold, cobweb",2,"merchant_cobweb, merchant_goldie",2,"role_坦克, role_召唤铺场",Icy,pal_280,蛛婆小兽,https://bazaardb.gg/card/wfcd4scmx9j3pkbmlz6pc03370/Cobweb's-Package,"When you sell this to Cobweb, get an Enchanted small Slow item and 3 XP",BazaarDB Patch 16.2 商人包卡；归属 Cobweb，品质 黄金，占格 Small。,,reference_reserved,,
bz_van_281,281,merchant_package,snapshot_vanessa_legacy_catalog_v1,snapshot_the_bazaar_patch_18_0_boundary,true,false,"current_rule_match,structured_effects,reward_payload,sell_target,availability",package-159tfz2f4t0mdw54lfcj7x055dm,Cobweb's Package,silver,Large,"package, large, silver, cobweb",2,"merchant_cobweb, merchant_silvia",2,"role_经济, role_召唤铺场",Icy,pal_281,蛛婆大兽,https://bazaardb.gg/card/159tfz2f4t0mdw54lfcj7x055dm/Cobweb's-Package,"When you sell this to Cobweb, get an Enchanted large Slow item and 3 XP",BazaarDB Patch 16.2 商人包卡；归属 Cobweb，品质 白银，占格 Large。,,reference_reserved,,
bz_van_282,282,merchant_package,snapshot_vanessa_legacy_catalog_v1,snapshot_the_bazaar_patch_18_0_boundary,true,false,"current_rule_match,structured_effects,reward_payload,sell_target,availability",package-163g8y2315csbbykvsbtl7sf0nc,Cobweb's Package,gold,Medium,"package, medium, gold, cobweb",2,"merchant_cobweb, merchant_goldie",2,"role_坦克, role_召唤铺场",Icy,pal_282,蛛婆中兽,https://bazaardb.gg/card/163g8y2315csbbykvsbtl7sf0nc/Cobweb's-Package,"When you sell this to Cobweb, get an Enchanted medium Slow item and 3 XP",BazaarDB Patch 16.2 商人包卡；归属 Cobweb，品质 黄金，占格 Medium。,,reference_reserved,,
bz_van_283,283,merchant_package,snapshot_vanessa_legacy_catalog_v1,snapshot_the_bazaar_patch_18_0_boundary,true,false,"current_rule_match,structured_effects,reward_payload,sell_target,availability",package-7m1snlcjqqvcxj06vmy1f7l8s,Freiya's Package,gold,Small,"package, small, gold, freiya",2,"merchant_freiya, merchant_goldie",2,"role_坦克, role_风系牵制",Icy,pal_283,芙蕾小兽,https://bazaardb.gg/card/7m1snlcjqqvcxj06vmy1f7l8s/Freiya's-Package,"When you sell this to Freiya, get an Enchanted small Freeze item and 3 XP",BazaarDB Patch 16.2 商人包卡；归属 Freiya，品质 黄金，占格 Small。,,reference_reserved,,
bz_van_284,284,merchant_package,snapshot_vanessa_legacy_catalog_v1,snapshot_the_bazaar_patch_18_0_boundary,true,false,"current_rule_match,structured_effects,reward_payload,sell_target,availability",package-131c1qvbbsys7vfkd0f02mdgs2v,Freiya's Package,silver,Large,"package, large, silver, freiya",2,"merchant_freiya, merchant_silvia",2,"role_经济, role_风系牵制",Icy,pal_284,芙蕾大兽,https://bazaardb.gg/card/131c1qvbbsys7vfkd0f02mdgs2v/Freiya's-Package,"When you sell this to Freiya, get an Enchanted large Freeze item and 3 XP",BazaarDB Patch 16.2 商人包卡；归属 Freiya，品质 白银，占格 Large。,,reference_reserved,,
bz_van_285,285,merchant_package,snapshot_vanessa_legacy_catalog_v1,snapshot_the_bazaar_patch_18_0_boundary,true,false,"current_rule_match,structured_effects,reward_payload,sell_target,availability",package-173tq0djxk84lwtsnmhmgf5shv4,Freiya's Package,gold,Medium,"package, medium, gold, freiya",2,"merchant_freiya, merchant_goldie",2,"role_坦克, role_风系牵制",Icy,pal_285,芙蕾中兽,https://bazaardb.gg/card/173tq0djxk84lwtsnmhmgf5shv4/Freiya's-Package,"When you sell this to Freiya, get an Enchanted medium Freeze item and 3 XP",BazaarDB Patch 16.2 商人包卡；归属 Freiya，品质 黄金，占格 Medium。,,reference_reserved,,
bz_van_286,286,merchant_package,snapshot_vanessa_legacy_catalog_v1,snapshot_the_bazaar_patch_18_0_boundary,true,false,"current_rule_match,structured_effects,reward_payload,sell_target,availability",package-h712blm38cpyypfd2vz1h41033,Hef's Package,gold,Small,"package, small, gold, hef",2,"merchant_hef, merchant_goldie",2,"role_坦克, tier_pT2",Fiery,pal_286,赫夫小兽,https://bazaardb.gg/card/h712blm38cpyypfd2vz1h41033/Hef's-Package,"When you sell this to Hef, get an Enchanted small Burn item and 3 XP",BazaarDB Patch 16.2 商人包卡；归属 Hef，品质 黄金，占格 Small。,,reference_reserved,,
bz_van_287,287,merchant_package,snapshot_vanessa_legacy_catalog_v1,snapshot_the_bazaar_patch_18_0_boundary,true,false,"current_rule_match,structured_effects,reward_payload,sell_target,availability",package-sv9f3flz5w0n52y0vsc0wh9wng,Hef's Package,gold,Medium,"package, medium, gold, hef",2,"merchant_hef, merchant_goldie",2,"role_坦克, tier_pT2",Fiery,pal_287,赫夫中兽,https://bazaardb.gg/card/sv9f3flz5w0n52y0vsc0wh9wng/Hef's-Package,"When you sell this to Hef, get an Enchanted medium Burn item and 3 XP",BazaarDB Patch 16.2 商人包卡；归属 Hef，品质 黄金，占格 Medium。,,reference_reserved,,
bz_van_288,288,merchant_package,snapshot_vanessa_legacy_catalog_v1,snapshot_the_bazaar_patch_18_0_boundary,true,false,"current_rule_match,structured_effects,reward_payload,sell_target,availability",package-1248d5kqswqgq2vl3508qtb008m,Hef's Package,silver,Large,"package, large, silver, hef",2,"merchant_hef, merchant_silvia",2,"role_经济, tier_pT2",Fiery,pal_288,赫夫大兽,https://bazaardb.gg/card/1248d5kqswqgq2vl3508qtb008m/Hef's-Package,"When you sell this to Hef, get an Enchanted large Burn item and 3 XP",BazaarDB Patch 16.2 商人包卡；归属 Hef，品质 白银，占格 Large。,,reference_reserved,,
bz_van_289,289,merchant_package,snapshot_vanessa_legacy_catalog_v1,snapshot_the_bazaar_patch_18_0_boundary,true,false,"current_rule_match,structured_effects,reward_payload,sell_target,availability",package-j6qx837pfswxzqc4ww2dc8cn26,Knightshade's Package,silver,Large,"package, large, silver, knightshade",2,"merchant_knightshade, merchant_silvia",2,"role_经济, role_火系压制",Toxic,pal_289,夜爵大兽,https://bazaardb.gg/card/j6qx837pfswxzqc4ww2dc8cn26/Knightshade's-Package,"When you sell this to Knightshade, get an Enchanted large Poison item and 3 XP",BazaarDB Patch 16.2 商人包卡；归属 Knightshade，品质 白银，占格 Large。,,reference_reserved,,
bz_van_290,290,merchant_package,snapshot_vanessa_legacy_catalog_v1,snapshot_the_bazaar_patch_18_0_boundary,true,false,"current_rule_match,structured_effects,reward_payload,sell_target,availability",package-12nhmjmcp091f2ygsldzhmhz98s,Knightshade's Package,gold,Small,"package, small, gold, knightshade",2,"merchant_knightshade, merchant_goldie",2,"role_坦克, role_火系压制",Toxic,pal_290,夜爵小兽,https://bazaardb.gg/card/12nhmjmcp091f2ygsldzhmhz98s/Knightshade's-Package,"When you sell this to Knightshade, get an Enchanted small Poison item and 3 XP",BazaarDB Patch 16.2 商人包卡；归属 Knightshade，品质 黄金，占格 Small。,,reference_reserved,,
bz_van_291,291,merchant_package,snapshot_vanessa_legacy_catalog_v1,snapshot_the_bazaar_patch_18_0_boundary,true,false,"current_rule_match,structured_effects,reward_payload,sell_target,availability",package-16thw896fbtb1bbcgxdvdvyfjxj,Knightshade's Package,gold,Medium,"package, medium, gold, knightshade",2,"merchant_knightshade, merchant_goldie",2,"role_坦克, role_火系压制",Toxic,pal_291,夜爵中兽,https://bazaardb.gg/card/16thw896fbtb1bbcgxdvdvyfjxj/Knightshade's-Package,"When you sell this to Knightshade, get an Enchanted medium Poison item and 3 XP",BazaarDB Patch 16.2 商人包卡；归属 Knightshade，品质 黄金，占格 Medium。,,reference_reserved,,
bz_van_292,292,merchant_package,snapshot_vanessa_legacy_catalog_v1,snapshot_the_bazaar_patch_18_0_boundary,true,false,"current_rule_match,structured_effects,reward_payload,sell_target,availability",package-50gcjjwth8xgyj90vt55mkmgqd,Serafina's Package,gold,Small,"package, small, gold, serafina",2,"merchant_serafina, merchant_goldie",2,"role_坦克, role_治疗",Golden,pal_292,瑟菲小兽,https://bazaardb.gg/card/50gcjjwth8xgyj90vt55mkmgqd/Serafina's-Package,"When you sell this to Serafina, get an Enchanted small Enchanted item and 3 XP",BazaarDB Patch 16.2 商人包卡；归属 Serafina，品质 黄金，占格 Small。,,reference_reserved,,
bz_van_293,293,merchant_package,snapshot_vanessa_legacy_catalog_v1,snapshot_the_bazaar_patch_18_0_boundary,true,false,"current_rule_match,structured_effects,reward_payload,sell_target,availability",package-cy4hpgy1y2xnym63yvwg071mzw,Serafina's Package,silver,Large,"package, large, silver, serafina",2,"merchant_serafina, merchant_silvia",2,"role_治疗, role_经济",Golden,pal_293,瑟菲大兽,https://bazaardb.gg/card/cy4hpgy1y2xnym63yvwg071mzw/Serafina's-Package,"When you sell this to Serafina, get an Enchanted large Enchanted item and 3 XP",BazaarDB Patch 16.2 商人包卡；归属 Serafina，品质 白银，占格 Large。,,reference_reserved,,
bz_van_294,294,merchant_package,snapshot_vanessa_legacy_catalog_v1,snapshot_the_bazaar_patch_18_0_boundary,true,false,"current_rule_match,structured_effects,reward_payload,sell_target,availability",package-f6lwwcfwd4xqcvjv5px15lhq13,Serafina's Package,gold,Medium,"package, medium, gold, serafina",2,"merchant_serafina, merchant_goldie",2,"role_坦克, role_治疗",Golden,pal_294,瑟菲中兽,https://bazaardb.gg/card/f6lwwcfwd4xqcvjv5px15lhq13/Serafina's-Package,"When you sell this to Serafina, get an Enchanted medium Enchanted item and 3 XP",BazaarDB Patch 16.2 商人包卡；归属 Serafina，品质 黄金，占格 Medium。,,reference_reserved,,
bz_van_295,295,merchant_package,snapshot_vanessa_legacy_catalog_v1,snapshot_the_bazaar_patch_18_0_boundary,true,false,"current_rule_match,structured_effects,reward_payload,sell_target,availability",package-426bb3vg2yty1v7mymfp2ghb6m,凯夫军械库的包裹,bronze,Medium,"package, medium, bronze, kev-s-armory",2,"merchant_kev-s-armory, merchant_curio",2,"elem_草, tier_pT3",Shielded,pal_295,凯夫中兽,https://bazaardb.gg/card/426bb3vg2yty1v7mymfp2ghb6m/%E5%87%AF%E5%A4%AB%E5%86%9B%E6%A2%B0%E5%BA%93%E7%9A%84%E5%8C%85%E8%A3%B9,当你将此物品出售给凯夫军械库时，获得一件附魔的中型生命值或护盾物品和1经验值,BazaarDB Patch 16.2 商人包卡；归属 Kev's Armory，品质 青铜，占格 Medium。,,reference_reserved,,
bz_van_296,296,merchant_package,snapshot_vanessa_legacy_catalog_v1,snapshot_the_bazaar_patch_18_0_boundary,true,false,"current_rule_match,structured_effects,reward_payload,sell_target,availability",package-w2ycn8hnjgst53zfv551lxg43c,凯夫军械库的包裹,bronze,Small,"package, small, bronze, kev-s-armory",2,"merchant_kev-s-armory, merchant_curio",2,"elem_草, tier_pT3",Shielded,pal_296,凯夫小兽,https://bazaardb.gg/card/w2ycn8hnjgst53zfv551lxg43c/%E5%87%AF%E5%A4%AB%E5%86%9B%E6%A2%B0%E5%BA%93%E7%9A%84%E5%8C%85%E8%A3%B9,当你将此物品出售给凯夫军械库时，获得一件附魔小型生命值或护盾物品和1经验值,BazaarDB Patch 16.2 商人包卡；归属 Kev's Armory，品质 青铜，占格 Small。,,reference_reserved,,
bz_van_297,297,merchant_package,snapshot_vanessa_legacy_catalog_v1,snapshot_the_bazaar_patch_18_0_boundary,true,false,"current_rule_match,structured_effects,reward_payload,sell_target,availability",package-d0nwqszdh6pcpm8qgglzkdjd6t,加瑟欧的包裹,silver,Medium,"package, medium, silver, gaseo",2,"merchant_gaseo, merchant_silvia",2,"role_经济, role_重甲抗压",Heavy,pal_297,加瑟中兽,https://bazaardb.gg/card/d0nwqszdh6pcpm8qgglzkdjd6t/%E5%8A%A0%E7%91%9F%E6%AC%A7%E7%9A%84%E5%8C%85%E8%A3%B9,当你将此物品出售给加瑟奥时，获得一件来自任意英雄的附魔中型服饰物品和2经验值,BazaarDB Patch 16.2 商人包卡；归属 Gaseo，品质 白银，占格 Medium。,,reference_reserved,,
bz_van_298,298,merchant_package,snapshot_vanessa_legacy_catalog_v1,snapshot_the_bazaar_patch_18_0_boundary,true,false,"current_rule_match,structured_effects,reward_payload,sell_target,availability",package-hqx14lgbby55nl3hfq0vtbw0s1,加瑟欧的包裹,silver,Large,"package, large, silver, gaseo",2,"merchant_gaseo, merchant_silvia",2,"role_经济, role_重甲抗压",Golden,pal_298,加瑟大兽,https://bazaardb.gg/card/hqx14lgbby55nl3hfq0vtbw0s1/%E5%8A%A0%E7%91%9F%E6%AC%A7%E7%9A%84%E5%8C%85%E8%A3%B9,"When you sell this to Gaseo, get an Enchanted large Apparel from any Hero item and 2 XP",BazaarDB Patch 16.2 商人包卡；归属 Gaseo，品质 白银，占格 Large。,,reference_reserved,,
bz_van_299,299,merchant_package,snapshot_vanessa_legacy_catalog_v1,snapshot_the_bazaar_patch_18_0_boundary,true,false,"current_rule_match,structured_effects,reward_payload,sell_target,availability",package-xlqj7p0yz2jqk3zmpzfcynlngv,加瑟欧的包裹,silver,Small,"package, small, silver, gaseo",2,"merchant_gaseo, merchant_silvia",2,"role_经济, role_重甲抗压",Shiny,pal_299,加瑟小兽,https://bazaardb.gg/card/xlqj7p0yz2jqk3zmpzfcynlngv/%E5%8A%A0%E7%91%9F%E6%AC%A7%E7%9A%84%E5%8C%85%E8%A3%B9,当你将此物品出售给加瑟奥时，获得一件来自任意英雄的附魔小型服饰物品和2经验值,BazaarDB Patch 16.2 商人包卡；归属 Gaseo，品质 白银，占格 Small。,,reference_reserved,,
bz_van_300,300,merchant_package,snapshot_vanessa_legacy_catalog_v1,snapshot_the_bazaar_patch_18_0_boundary,true,false,"current_rule_match,structured_effects,reward_payload,sell_target,availability",package-9n0mmw727gx0lqxwc106vc3d56,古董商的包裹,silver,Large,"package, large, silver, the-antiquarian",2,"merchant_the-antiquarian, merchant_silvia",2,"elem_冰, role_经济",Shiny,pal_300,古董大兽,https://bazaardb.gg/card/9n0mmw727gx0lqxwc106vc3d56/%E5%8F%A4%E8%91%A3%E5%95%86%E7%9A%84%E5%8C%85%E8%A3%B9,当你将此物品出售给古董商时，获得一件附魔的来自任意英雄的大型遗物物品和2经验值,BazaarDB Patch 16.2 商人包卡；归属 The Antiquarian，品质 白银，占格 Large。,,reference_reserved,,
bz_van_301,301,merchant_package,snapshot_vanessa_legacy_catalog_v1,snapshot_the_bazaar_patch_18_0_boundary,true,false,"current_rule_match,structured_effects,reward_payload,sell_target,availability",package-g4vvkglpx9tb8bsjpyf6bwv8wz,古董商的包裹,silver,Medium,"package, medium, silver, the-antiquarian",2,"merchant_the-antiquarian, merchant_silvia",2,"elem_冰, role_经济",Shiny,pal_301,古董中兽,https://bazaardb.gg/card/g4vvkglpx9tb8bsjpyf6bwv8wz/%E5%8F%A4%E8%91%A3%E5%95%86%E7%9A%84%E5%8C%85%E8%A3%B9,当你将此物品出售给古董商时，获得一件附魔的来自任意英雄的中型遗物物品和2经验值,BazaarDB Patch 16.2 商人包卡；归属 The Antiquarian，品质 白银，占格 Medium。,,reference_reserved,,
bz_van_302,302,merchant_package,snapshot_vanessa_legacy_catalog_v1,snapshot_the_bazaar_patch_18_0_boundary,true,false,"current_rule_match,structured_effects,reward_payload,sell_target,availability",package-189qq1qtqht3wfq4c127lhxl7kl,古董商的包裹,silver,Small,"package, small, silver, the-antiquarian",2,"merchant_the-antiquarian, merchant_silvia",2,"elem_冰, role_经济",Heavy,pal_302,古董小兽,https://bazaardb.gg/card/189qq1qtqht3wfq4c127lhxl7kl/%E5%8F%A4%E8%91%A3%E5%95%86%E7%9A%84%E5%8C%85%E8%A3%B9,当你将此物品出售给古董商时，获得一件来自任意英雄的附魔小型遗物物品和2经验值,BazaarDB Patch 16.2 商人包卡；归属 The Antiquarian，品质 白银，占格 Small。,,reference_reserved,,
bz_van_303,303,merchant_package,snapshot_vanessa_legacy_catalog_v1,snapshot_the_bazaar_patch_18_0_boundary,true,false,"current_rule_match,structured_effects,reward_payload,sell_target,availability",package-33g6mpvd8hzb4q8v9pl2mykw5b,吉娜的包裹,bronze,Small,"package, small, bronze, kina",2,"merchant_kina, merchant_curio",2,"elem_草, elem_冰",Heavy,pal_303,吉娜小兽,https://bazaardb.gg/card/33g6mpvd8hzb4q8v9pl2mykw5b/%E5%90%89%E5%A8%9C%E7%9A%84%E5%8C%85%E8%A3%B9,当你将此物品出售给吉娜时，获得一件附魔的小型非武器物品和1经验值,BazaarDB Patch 16.2 商人包卡；归属 Kina，品质 青铜，占格 Small。,,reference_reserved,,
bz_van_304,304,merchant_package,snapshot_vanessa_legacy_catalog_v1,snapshot_the_bazaar_patch_18_0_boundary,true,false,"current_rule_match,structured_effects,reward_payload,sell_target,availability",package-fg7hq22jf8x8kxv1v4v45v2cbb,吉娜的包裹,silver,Large,"package, large, silver, kina",2,"merchant_kina, merchant_silvia",2,"elem_冰, role_经济",Heavy,pal_304,吉娜大兽,https://bazaardb.gg/card/fg7hq22jf8x8kxv1v4v45v2cbb/%E5%90%89%E5%A8%9C%E7%9A%84%E5%8C%85%E8%A3%B9,当你将此物品出售给吉娜时，获得一件附魔大型非武器物品和1经验值,BazaarDB Patch 16.2 商人包卡；归属 Kina，品质 白银，占格 Large。,,reference_reserved,,
bz_van_305,305,merchant_package,snapshot_vanessa_legacy_catalog_v1,snapshot_the_bazaar_patch_18_0_boundary,true,false,"current_rule_match,structured_effects,reward_payload,sell_target,availability",package-zkvfkgt2s0lm5lnyv374g6g2zf,吉娜的包裹,bronze,Medium,"package, medium, bronze, kina",2,"merchant_kina, merchant_curio",2,"elem_草, elem_冰",Heavy,pal_305,吉娜中兽,https://bazaardb.gg/card/zkvfkgt2s0lm5lnyv374g6g2zf/%E5%90%89%E5%A8%9C%E7%9A%84%E5%8C%85%E8%A3%B9,当你将此物品出售给吉娜时，获得一件附魔中型非武器物品和1经验值,BazaarDB Patch 16.2 商人包卡；归属 Kina，品质 青铜，占格 Medium。,,reference_reserved,,
bz_van_306,306,merchant_package,snapshot_vanessa_legacy_catalog_v1,snapshot_the_bazaar_patch_18_0_boundary,true,false,"current_rule_match,structured_effects,reward_payload,sell_target,availability",package-dkw1847l39701nps9b3t1kygvj,塔季扬娜的包裹,silver,Medium,"package, medium, silver, tatiana",2,"merchant_tatiana, merchant_silvia",2,"role_经济, role_重甲抗压",Heavy,pal_306,塔季中兽,https://bazaardb.gg/card/dkw1847l39701nps9b3t1kygvj/%E5%A1%94%E5%AD%A3%E6%89%AC%E5%A8%9C%E7%9A%84%E5%8C%85%E8%A3%B9,当你将此物品出售给塔季扬娜时，获得一件来自任意英雄的附魔中型玩具物品和2经验值,BazaarDB Patch 16.2 商人包卡；归属 Tatiana，品质 白银，占格 Medium。,,reference_reserved,,
bz_van_307,307,merchant_package,snapshot_vanessa_legacy_catalog_v1,snapshot_the_bazaar_patch_18_0_boundary,true,false,"current_rule_match,structured_effects,reward_payload,sell_target,availability",package-nbv09z89wvw2883h5x77pljfgp,塔季扬娜的包裹,silver,Large,"package, large, silver, tatiana",2,"merchant_tatiana, merchant_silvia",2,"role_经济, role_重甲抗压",Golden,pal_307,塔季大兽,https://bazaardb.gg/card/nbv09z89wvw2883h5x77pljfgp/%E5%A1%94%E5%AD%A3%E6%89%AC%E5%A8%9C%E7%9A%84%E5%8C%85%E8%A3%B9,"When you sell this to Tatiana, get an Enchanted large Toy from any Hero item and 2 XP",BazaarDB Patch 16.2 商人包卡；归属 Tatiana，品质 白银，占格 Large。,,reference_reserved,,
bz_van_308,308,merchant_package,snapshot_vanessa_legacy_catalog_v1,snapshot_the_bazaar_patch_18_0_boundary,true,false,"current_rule_match,structured_effects,reward_payload,sell_target,availability",package-qkm34wg75xdg06cw6zy6bd0gxq,塔季扬娜的包裹,silver,Small,"package, small, silver, tatiana",2,"merchant_tatiana, merchant_silvia",2,"role_经济, role_重甲抗压",Shiny,pal_308,塔季小兽,https://bazaardb.gg/card/qkm34wg75xdg06cw6zy6bd0gxq/%E5%A1%94%E5%AD%A3%E6%89%AC%E5%A8%9C%E7%9A%84%E5%8C%85%E8%A3%B9,当你将此物品出售给塔季扬娜时，获得一件来自任意英雄的附魔小型玩具物品和2经验值,BazaarDB Patch 16.2 商人包卡；归属 Tatiana，品质 白银，占格 Small。,,reference_reserved,,
bz_van_309,309,merchant_package,snapshot_vanessa_legacy_catalog_v1,snapshot_the_bazaar_patch_18_0_boundary,true,false,"current_rule_match,structured_effects,reward_payload,sell_target,availability",package-dfkspdnf3pqwszc2b806tdc6nb,奥利恩的包裹,bronze,Medium,"package, medium, bronze, orion",2,"merchant_orion, merchant_curio",2,"elem_草, role_远点压制",Shiny,pal_309,奥利中兽,https://bazaardb.gg/card/dfkspdnf3pqwszc2b806tdc6nb/%E5%A5%A5%E5%88%A9%E6%81%A9%E7%9A%84%E5%8C%85%E8%A3%B9,当你将此物品出售给奥利恩时，获得一件附魔中型工具物品和1经验值,BazaarDB Patch 16.2 商人包卡；归属 Orion，品质 青铜，占格 Medium。,,reference_reserved,,
bz_van_310,310,merchant_package,snapshot_vanessa_legacy_catalog_v1,snapshot_the_bazaar_patch_18_0_boundary,true,false,"current_rule_match,structured_effects,reward_payload,sell_target,availability",package-17h0z69n2mqbczxptgnw7tl7pkq,奥利恩的包裹,bronze,Small,"package, small, bronze, orion",2,"merchant_orion, merchant_curio",2,"elem_草, role_远点压制",Shiny,pal_310,奥利小兽,https://bazaardb.gg/card/17h0z69n2mqbczxptgnw7tl7pkq/%E5%A5%A5%E5%88%A9%E6%81%A9%E7%9A%84%E5%8C%85%E8%A3%B9,当你将此物品出售给奥利恩时，获得一件附魔小型工具物品和1经验值,BazaarDB Patch 16.2 商人包卡；归属 Orion，品质 青铜，占格 Small。,,reference_reserved,,
bz_van_311,311,merchant_package,snapshot_vanessa_legacy_catalog_v1,snapshot_the_bazaar_patch_18_0_boundary,true,false,"current_rule_match,structured_effects,reward_payload,sell_target,availability",package-dylnnqgn7f1nqzl8j6cd6lg1pd,安德的包裹,silver,Large,"package, large, silver, ande",2,"merchant_ande, merchant_silvia",2,"elem_火, role_经济",Heavy,pal_311,安德大兽,https://bazaardb.gg/card/dylnnqgn7f1nqzl8j6cd6lg1pd/%E5%AE%89%E5%BE%B7%E7%9A%84%E5%8C%85%E8%A3%B9,当你将此物品出售给安德时，获得一件附魔小型物品和1经验值,BazaarDB Patch 16.2 商人包卡；归属 Ande，品质 白银，占格 Large。,,reference_reserved,,
bz_van_312,312,merchant_package,snapshot_vanessa_legacy_catalog_v1,snapshot_the_bazaar_patch_18_0_boundary,true,false,"current_rule_match,structured_effects,reward_payload,sell_target,availability",package-qd5w22vt5vwz5dffv220bkv62g,安德的包裹,bronze,Small,"package, small, bronze, ande",2,"merchant_ande, merchant_curio",2,"elem_火, elem_草",Shiny,pal_312,安德小兽,https://bazaardb.gg/card/qd5w22vt5vwz5dffv220bkv62g/%E5%AE%89%E5%BE%B7%E7%9A%84%E5%8C%85%E8%A3%B9,当你将此物品出售给安德时，获得一件附魔小型物品和1经验值,BazaarDB Patch 16.2 商人包卡；归属 Ande，品质 青铜，占格 Small。,,reference_reserved,,
bz_van_313,313,merchant_package,snapshot_vanessa_legacy_catalog_v1,snapshot_the_bazaar_patch_18_0_boundary,true,false,"current_rule_match,structured_effects,reward_payload,sell_target,availability",package-zdc19wy9j399gqbx2vglkqn3sm,安德的包裹,bronze,Medium,"package, medium, bronze, ande",2,"merchant_ande, merchant_curio",2,"elem_火, elem_草",Heavy,pal_313,安德中兽,https://bazaardb.gg/card/zdc19wy9j399gqbx2vglkqn3sm/%E5%AE%89%E5%BE%B7%E7%9A%84%E5%8C%85%E8%A3%B9,当你将此物品出售给安德时，获得一件附魔小型物品和1经验值,BazaarDB Patch 16.2 商人包卡；归属 Ande，品质 青铜，占格 Medium。,,reference_reserved,,
bz_van_314,314,merchant_package,snapshot_vanessa_legacy_catalog_v1,snapshot_the_bazaar_patch_18_0_boundary,true,false,"current_rule_match,structured_effects,reward_payload,sell_target,availability",package-9t7m49cvv0459n19tb0mwn0hj1,寇特的包裹,silver,Large,"package, large, silver, colt",2,"merchant_colt, merchant_silvia",2,"role_经济, role_机动",Shiny,pal_314,寇特大兽,https://bazaardb.gg/card/9t7m49cvv0459n19tb0mwn0hj1/%E5%AF%87%E7%89%B9%E7%9A%84%E5%8C%85%E8%A3%B9,当你将此物品出售给寇特时，获得一件附魔的大型弹药物品和1经验值,BazaarDB Patch 16.2 商人包卡；归属 Colt，品质 白银，占格 Large。,,reference_reserved,,
bz_van_315,315,merchant_package,snapshot_vanessa_legacy_catalog_v1,snapshot_the_bazaar_patch_18_0_boundary,true,false,"current_rule_match,structured_effects,reward_payload,sell_target,availability",package-jl553m7s0ky15f5m5klcd7s4k3,寇特的包裹,bronze,Small,"package, small, bronze, colt",2,"merchant_colt, merchant_curio",2,"elem_草, role_机动",Heavy,pal_315,寇特小兽,https://bazaardb.gg/card/jl553m7s0ky15f5m5klcd7s4k3/%E5%AF%87%E7%89%B9%E7%9A%84%E5%8C%85%E8%A3%B9,当你将此物品出售给寇特时，获得一件附魔的小型弹药物品和1经验值,BazaarDB Patch 16.2 商人包卡；归属 Colt，品质 青铜，占格 Small。,,reference_reserved,,
bz_van_316,316,merchant_package,snapshot_vanessa_legacy_catalog_v1,snapshot_the_bazaar_patch_18_0_boundary,true,false,"current_rule_match,structured_effects,reward_payload,sell_target,availability",package-vq31zvwb1bk8zwc8qw42k12z7g,寇特的包裹,bronze,Medium,"package, medium, bronze, colt",2,"merchant_colt, merchant_curio",2,"elem_草, role_机动",Shiny,pal_316,寇特中兽,https://bazaardb.gg/card/vq31zvwb1bk8zwc8qw42k12z7g/%E5%AF%87%E7%89%B9%E7%9A%84%E5%8C%85%E8%A3%B9,当你将此物品出售给寇特时，获得一件附魔的中型弹药物品和1经验值,BazaarDB Patch 16.2 商人包卡；归属 Colt，品质 青铜，占格 Medium。,,reference_reserved,,
bz_van_317,317,merchant_package,snapshot_vanessa_legacy_catalog_v1,snapshot_the_bazaar_patch_18_0_boundary,true,false,"current_rule_match,structured_effects,reward_payload,sell_target,availability",package-m0s99bw7l6kf4hyq0xmbgvxh25,库里欧的包裹,bronze,Medium,"package, medium, bronze, curio",1,merchant_curio,1,elem_草,Shiny,pal_317,库里中兽,https://bazaardb.gg/card/m0s99bw7l6kf4hyq0xmbgvxh25/%E5%BA%93%E9%87%8C%E6%AC%A7%E7%9A%84%E5%8C%85%E8%A3%B9,当你将此物品出售给库里欧时，获得一件附魔中型中立物品和1经验值,BazaarDB Patch 16.2 商人包卡；归属 Curio，品质 青铜，占格 Medium。,,reference_reserved,,
bz_van_318,318,merchant_package,snapshot_vanessa_legacy_catalog_v1,snapshot_the_bazaar_patch_18_0_boundary,true,false,"current_rule_match,structured_effects,reward_payload,sell_target,availability",package-nmw0xq330ln798gkddym9hhk2b,库里欧的包裹,bronze,Small,"package, small, bronze, curio",1,merchant_curio,1,elem_草,Heavy,pal_318,库里小兽,https://bazaardb.gg/card/nmw0xq330ln798gkddym9hhk2b/%E5%BA%93%E9%87%8C%E6%AC%A7%E7%9A%84%E5%8C%85%E8%A3%B9,当你将此物品出售给库里欧时，获得一件附魔的小型中立物品和1经验值,BazaarDB Patch 16.2 商人包卡；归属 Curio，品质 青铜，占格 Small。,,reference_reserved,,
bz_van_319,319,merchant_package,snapshot_vanessa_legacy_catalog_v1,snapshot_the_bazaar_patch_18_0_boundary,true,false,"current_rule_match,structured_effects,reward_payload,sell_target,availability",package-18690zzzjb0wlm87ympm4c54pbt,库里欧的包裹,silver,Large,"package, large, silver, curio",2,"merchant_curio, merchant_silvia",2,"elem_草, role_经济",Shiny,pal_319,库里大兽,https://bazaardb.gg/card/18690zzzjb0wlm87ympm4c54pbt/%E5%BA%93%E9%87%8C%E6%AC%A7%E7%9A%84%E5%8C%85%E8%A3%B9,当你将此物品出售给库里欧时，获得一件附魔的大型中立物品和1经验值,BazaarDB Patch 16.2 商人包卡；归属 Curio，品质 白银，占格 Large。,,reference_reserved,,
bz_van_320,320,merchant_package,snapshot_vanessa_legacy_catalog_v1,snapshot_the_bazaar_patch_18_0_boundary,true,false,"current_rule_match,structured_effects,reward_payload,sell_target,availability",package-2wc3wmj500bzmj5nz54308zmcw,戈尔迪的包裹,silver,Small,"package, small, silver, goldie",2,"merchant_goldie, merchant_silvia",2,"role_坦克, role_经济",Golden,pal_320,戈迪小兽,https://bazaardb.gg/card/2wc3wmj500bzmj5nz54308zmcw/%E6%88%88%E5%B0%94%E8%BF%AA%E7%9A%84%E5%8C%85%E8%A3%B9,当你将此物品出售给戈尔迪时，获得一件附魔的小型物品和2经验值,BazaarDB Patch 16.2 商人包卡；归属 Goldie，品质 白银，占格 Small。,,reference_reserved,,
bz_van_321,321,merchant_package,snapshot_vanessa_legacy_catalog_v1,snapshot_the_bazaar_patch_18_0_boundary,true,false,"current_rule_match,structured_effects,reward_payload,sell_target,availability",package-j418542p7mncshc1j7bb3dmwcf,戈尔迪的包裹,silver,Medium,"package, medium, silver, goldie",2,"merchant_goldie, merchant_silvia",2,"role_坦克, role_经济",Golden,pal_321,戈迪中兽,https://bazaardb.gg/card/j418542p7mncshc1j7bb3dmwcf/%E6%88%88%E5%B0%94%E8%BF%AA%E7%9A%84%E5%8C%85%E8%A3%B9,当你将此物品出售给戈尔迪时，获得一件附魔中型物品和2经验值,BazaarDB Patch 16.2 商人包卡；归属 Goldie，品质 白银，占格 Medium。,,reference_reserved,,
bz_van_322,322,merchant_package,snapshot_vanessa_legacy_catalog_v1,snapshot_the_bazaar_patch_18_0_boundary,true,false,"current_rule_match,structured_effects,reward_payload,sell_target,availability",package-snm7048qfswm25nbwwffy7349f,戈尔迪的包裹,silver,Large,"package, large, silver, goldie",2,"merchant_goldie, merchant_silvia",2,"role_坦克, role_经济",Golden,pal_322,戈迪大兽,https://bazaardb.gg/card/snm7048qfswm25nbwwffy7349f/%E6%88%88%E5%B0%94%E8%BF%AA%E7%9A%84%E5%8C%85%E8%A3%B9,当你将此物品出售给戈尔迪时，获得一件附魔的大型物品和2经验值,BazaarDB Patch 16.2 商人包卡；归属 Goldie，品质 白银，占格 Large。,,reference_reserved,,
bz_van_323,323,merchant_package,snapshot_vanessa_legacy_catalog_v1,snapshot_the_bazaar_patch_18_0_boundary,true,false,"current_rule_match,structured_effects,reward_payload,sell_target,availability",package-38l7clzlwt1c07tk3qnh98585k,托克钟表店的包裹,silver,Large,"package, large, silver, tok-s-clocks",2,"merchant_tok-s-clocks, merchant_silvia",2,"role_经济, special_merchant",Shiny,pal_323,托克大兽,https://bazaardb.gg/card/38l7clzlwt1c07tk3qnh98585k/%E6%89%98%E5%85%8B%E9%92%9F%E8%A1%A8%E5%BA%97%E7%9A%84%E5%8C%85%E8%A3%B9,当你将此物品出售给托克钟表店时，获得一件附魔的大型加速、减速或冷却物品和1经验值,BazaarDB Patch 16.2 商人包卡；归属 Tok's Clocks，品质 白银，占格 Large。,,reference_reserved,,
bz_van_324,324,merchant_package,snapshot_vanessa_legacy_catalog_v1,snapshot_the_bazaar_patch_18_0_boundary,true,false,"current_rule_match,structured_effects,reward_payload,sell_target,availability",package-gnzhy2f01jb2k4wgzf3bzx89vt,托克钟表店的包裹,silver,Medium,"package, medium, silver, tok-s-clocks",2,"merchant_tok-s-clocks, merchant_silvia",2,"role_经济, special_merchant",Shiny,pal_324,托克中兽,https://bazaardb.gg/card/gnzhy2f01jb2k4wgzf3bzx89vt/%E6%89%98%E5%85%8B%E9%92%9F%E8%A1%A8%E5%BA%97%E7%9A%84%E5%8C%85%E8%A3%B9,当你将此物品出售给托克钟表店时，获得一件附魔的中型加速、减速或冷却物品和1经验值,BazaarDB Patch 16.2 商人包卡；归属 Tok's Clocks，品质 白银，占格 Medium。,,reference_reserved,,
bz_van_325,325,merchant_package,snapshot_vanessa_legacy_catalog_v1,snapshot_the_bazaar_patch_18_0_boundary,true,false,"current_rule_match,structured_effects,reward_payload,sell_target,availability",package-14j16462jssf1hl7pglgvnl71gb,托克钟表店的包裹,bronze,Small,"package, small, bronze, tok-s-clocks",2,"merchant_tok-s-clocks, merchant_curio",2,"elem_草, special_merchant",Heavy,pal_325,托克小兽,https://bazaardb.gg/card/14j16462jssf1hl7pglgvnl71gb/%E6%89%98%E5%85%8B%E9%92%9F%E8%A1%A8%E5%BA%97%E7%9A%84%E5%8C%85%E8%A3%B9,当你将此物品出售给托克钟表店时，获得一件附魔小型加速、减速或冷却物品和1经验值,BazaarDB Patch 16.2 商人包卡；归属 Tok's Clocks，品质 青铜，占格 Small。,,reference_reserved,,
bz_van_326,326,merchant_package,snapshot_vanessa_legacy_catalog_v1,snapshot_the_bazaar_patch_18_0_boundary,true,false,"current_rule_match,structured_effects,reward_payload,sell_target,availability",package-12yzghm2dz443b3xgpscd7pqgl4,收容所谢尔比的包裹,bronze,Small,"package, small, bronze, shelter-shelby",2,"merchant_shelter-shelby, merchant_curio",2,"elem_草, role_抗压承伤",Shiny,pal_326,谢尔小兽,https://bazaardb.gg/card/12yzghm2dz443b3xgpscd7pqgl4/%E6%94%B6%E5%AE%B9%E6%89%80%E8%B0%A2%E5%B0%94%E6%AF%94%E7%9A%84%E5%8C%85%E8%A3%B9,当你将此物品出售给收容所谢尔比时，获得一件附魔的小型伙伴物品和1经验值,BazaarDB Patch 16.2 商人包卡；归属 Shelter Shelby，品质 青铜，占格 Small。,,reference_reserved,,
bz_van_327,327,merchant_package,snapshot_vanessa_legacy_catalog_v1,snapshot_the_bazaar_patch_18_0_boundary,true,false,"current_rule_match,structured_effects,reward_payload,sell_target,availability",package-14g0fx52slgg3tn8mmd7cjy4dqy,收容所谢尔比的包裹,silver,Medium,"package, medium, silver, shelter-shelby",2,"merchant_shelter-shelby, merchant_silvia",2,"role_经济, role_抗压承伤",Shiny,pal_327,谢尔中兽,https://bazaardb.gg/card/14g0fx52slgg3tn8mmd7cjy4dqy/%E6%94%B6%E5%AE%B9%E6%89%80%E8%B0%A2%E5%B0%94%E6%AF%94%E7%9A%84%E5%8C%85%E8%A3%B9,当你将此物品出售给收容所谢尔比时，获得一件附魔中型伙伴物品和1经验值,BazaarDB Patch 16.2 商人包卡；归属 Shelter Shelby，品质 白银，占格 Medium。,,reference_reserved,,
bz_van_328,328,merchant_package,snapshot_vanessa_legacy_catalog_v1,snapshot_the_bazaar_patch_18_0_boundary,true,false,"current_rule_match,structured_effects,reward_payload,sell_target,availability",package-1b05bgqqkcvwd6dkzkd8g10vlfy,收容所谢尔比的包裹,silver,Large,"package, large, silver, shelter-shelby",2,"merchant_shelter-shelby, merchant_silvia",2,"role_经济, role_抗压承伤",Golden,pal_328,谢尔大兽,https://bazaardb.gg/card/1b05bgqqkcvwd6dkzkd8g10vlfy/%E6%94%B6%E5%AE%B9%E6%89%80%E8%B0%A2%E5%B0%94%E6%AF%94%E7%9A%84%E5%8C%85%E8%A3%B9,"When you sell this to Shelter Shelby, get an Enchanted large Friend item and 1 XP",BazaarDB Patch 16.2 商人包卡；归属 Shelter Shelby，品质 白银，占格 Large。,,reference_reserved,,
bz_van_329,329,merchant_package,snapshot_vanessa_legacy_catalog_v1,snapshot_the_bazaar_patch_18_0_boundary,true,false,"current_rule_match,structured_effects,reward_payload,sell_target,availability",package-mc0xjbfm3syvtxhmt3m4gtv9zv,杰杰的包裹,silver,Large,"package, large, silver, jay-jay",2,"merchant_jay-jay, merchant_silvia",2,"elem_雷, role_经济",Heavy,pal_329,杰杰大兽,https://bazaardb.gg/card/mc0xjbfm3syvtxhmt3m4gtv9zv/%E6%9D%B0%E6%9D%B0%E7%9A%84%E5%8C%85%E8%A3%B9,当你将此物品出售给杰杰时，获得一件附魔大型物品和1经验值,BazaarDB Patch 16.2 商人包卡；归属 Jay Jay，品质 白银，占格 Large。,,reference_reserved,,
bz_van_330,330,merchant_package,snapshot_vanessa_legacy_catalog_v1,snapshot_the_bazaar_patch_18_0_boundary,true,false,"current_rule_match,structured_effects,reward_payload,sell_target,availability",package-15nw844q3q0dvp7vydm2zkb2j4n,杰杰的包裹,bronze,Medium,"package, medium, bronze, jay-jay",2,"merchant_jay-jay, merchant_curio",2,"elem_草, elem_雷",Shiny,pal_330,杰杰中兽,https://bazaardb.gg/card/15nw844q3q0dvp7vydm2zkb2j4n/%E6%9D%B0%E6%9D%B0%E7%9A%84%E5%8C%85%E8%A3%B9,当你将此物品出售给杰杰时，获得一件附魔中型物品和1经验值,BazaarDB Patch 16.2 商人包卡；归属 Jay Jay，品质 青铜，占格 Medium。,,reference_reserved,,
bz_van_331,331,merchant_package,snapshot_vanessa_legacy_catalog_v1,snapshot_the_bazaar_patch_18_0_boundary,true,false,"current_rule_match,structured_effects,reward_payload,sell_target,availability",package-16v803v2vjvhpkstfglw1zw1qgf,橡树君的包裹,silver,Large,"package, large, silver, lord-oak",2,"merchant_lord-oak, merchant_silvia",2,"role_经济, role_机动压制",Heavy,pal_331,橡君大兽,https://bazaardb.gg/card/16v803v2vjvhpkstfglw1zw1qgf/%E6%A9%A1%E6%A0%91%E5%90%9B%E7%9A%84%E5%8C%85%E8%A3%B9,当你将此物品出售给橡树君，获得一件附魔的大型物品和1经验值,BazaarDB Patch 16.2 商人包卡；归属 Lord Oak，品质 白银，占格 Large。,,reference_reserved,,
bz_van_332,332,merchant_package,snapshot_vanessa_legacy_catalog_v1,snapshot_the_bazaar_patch_18_0_boundary,true,false,"current_rule_match,structured_effects,reward_payload,sell_target,availability",package-19fmmbt6wqh948l74h96y3h07hb,橡树君的包裹,bronze,Small,"package, small, bronze, lord-oak",2,"merchant_lord-oak, merchant_curio",2,"elem_草, role_机动压制",Shiny,pal_332,橡君小兽,https://bazaardb.gg/card/19fmmbt6wqh948l74h96y3h07hb/%E6%A9%A1%E6%A0%91%E5%90%9B%E7%9A%84%E5%8C%85%E8%A3%B9,当你将此物品出售给橡树君时，获得一件附魔小型物品和1经验值,BazaarDB Patch 16.2 商人包卡；归属 Lord Oak，品质 青铜，占格 Small。,,reference_reserved,,
bz_van_333,333,merchant_package,snapshot_vanessa_legacy_catalog_v1,snapshot_the_bazaar_patch_18_0_boundary,true,false,"current_rule_match,structured_effects,reward_payload,sell_target,availability",package-19s391pk837stndc2l7f8p5406s,橡树君的包裹,bronze,Medium,"package, medium, bronze, lord-oak",2,"merchant_lord-oak, merchant_curio",2,"elem_草, role_机动压制",Shiny,pal_333,橡君中兽,https://bazaardb.gg/card/19s391pk837stndc2l7f8p5406s/%E6%A9%A1%E6%A0%91%E5%90%9B%E7%9A%84%E5%8C%85%E8%A3%B9,当你将此物品出售给橡树君时，获得一件附魔中型物品和1经验值,BazaarDB Patch 16.2 商人包卡；归属 Lord Oak，品质 青铜，占格 Medium。,,reference_reserved,,
bz_van_334,334,merchant_package,snapshot_vanessa_legacy_catalog_v1,snapshot_the_bazaar_patch_18_0_boundary,true,false,"current_rule_match,structured_effects,reward_payload,sell_target,availability",package-2j6xzph63n1sw91p95qg2klskf,波尔的包裹,gold,Small,"package, small, gold, pol",2,"merchant_pol, merchant_goldie",2,"role_坦克, role_风系铺场",Golden,pal_334,波尔小兽,https://bazaardb.gg/card/2j6xzph63n1sw91p95qg2klskf/%E6%B3%A2%E5%B0%94%E7%9A%84%E5%8C%85%E8%A3%B9,当你将此物品出售给波尔时，获得一件附魔大型物品和1经验值,BazaarDB Patch 16.2 商人包卡；归属 Pol，品质 黄金，占格 Small。,,reference_reserved,,
bz_van_335,335,merchant_package,snapshot_vanessa_legacy_catalog_v1,snapshot_the_bazaar_patch_18_0_boundary,true,false,"current_rule_match,structured_effects,reward_payload,sell_target,availability",package-b0yyljnl18vzqxy1wctst3pt63,波尔的包裹,silver,Large,"package, large, silver, pol",2,"merchant_pol, merchant_silvia",2,"role_经济, role_风系铺场",Heavy,pal_335,波尔大兽,https://bazaardb.gg/card/b0yyljnl18vzqxy1wctst3pt63/%E6%B3%A2%E5%B0%94%E7%9A%84%E5%8C%85%E8%A3%B9,当你将此物品出售给波尔时，获得一件附魔大型物品和1经验值,BazaarDB Patch 16.2 商人包卡；归属 Pol，品质 白银，占格 Large。,,reference_reserved,,
bz_van_336,336,merchant_package,snapshot_vanessa_legacy_catalog_v1,snapshot_the_bazaar_patch_18_0_boundary,true,false,"current_rule_match,structured_effects,reward_payload,sell_target,availability",package-174dhgz1bmb6hk783sdwtv9b39z,波尔的包裹,gold,Medium,"package, medium, gold, pol",2,"merchant_pol, merchant_goldie",2,"role_坦克, role_风系铺场",Golden,pal_336,波尔中兽,https://bazaardb.gg/card/174dhgz1bmb6hk783sdwtv9b39z/%E6%B3%A2%E5%B0%94%E7%9A%84%E5%8C%85%E8%A3%B9,当你将此物品出售给波尔时，获得一件附魔大型物品和1经验值,BazaarDB Patch 16.2 商人包卡；归属 Pol，品质 黄金，占格 Medium。,,reference_reserved,,
bz_van_337,337,merchant_package,snapshot_vanessa_legacy_catalog_v1,snapshot_the_bazaar_patch_18_0_boundary,true,false,"current_rule_match,structured_effects,reward_payload,sell_target,availability",package-kkc47vv82s0jx3q5f47ypdc1mx,测试家的包裹,silver,Large,"package, large, silver, the-tester",2,"merchant_the-tester, merchant_silvia",2,"role_经济, role_抗压承伤",Heavy,pal_337,试家大兽,https://bazaardb.gg/card/kkc47vv82s0jx3q5f47ypdc1mx/%E6%B5%8B%E8%AF%95%E5%AE%B6%E7%9A%84%E5%8C%85%E8%A3%B9,当你将此物品出售给测试家时，获得一件来自任意英雄的附魔大型科技物品和1经验值,BazaarDB Patch 16.2 商人包卡；归属 The Tester，品质 白银，占格 Large。,,reference_reserved,,
bz_van_338,338,merchant_package,snapshot_vanessa_legacy_catalog_v1,snapshot_the_bazaar_patch_18_0_boundary,true,false,"current_rule_match,structured_effects,reward_payload,sell_target,availability",package-py84ttn8vk1ms2v131nlks36zf,测试家的包裹,silver,Medium,"package, medium, silver, the-tester",2,"merchant_the-tester, merchant_silvia",2,"role_经济, role_抗压承伤",Heavy,pal_338,试家中兽,https://bazaardb.gg/card/py84ttn8vk1ms2v131nlks36zf/%E6%B5%8B%E8%AF%95%E5%AE%B6%E7%9A%84%E5%8C%85%E8%A3%B9,当你将此物品出售给测试家时，获得一件来自任意英雄的附魔中型科技物品和1经验值,BazaarDB Patch 16.2 商人包卡；归属 The Tester，品质 白银，占格 Medium。,,reference_reserved,,
bz_van_339,339,merchant_package,snapshot_vanessa_legacy_catalog_v1,snapshot_the_bazaar_patch_18_0_boundary,true,false,"current_rule_match,structured_effects,reward_payload,sell_target,availability",package-xl2ybm000cmcxj0y97pmlksbkl,测试家的包裹,silver,Small,"package, small, silver, the-tester",2,"merchant_the-tester, merchant_silvia",2,"role_经济, role_抗压承伤",Shiny,pal_339,试家小兽,https://bazaardb.gg/card/xl2ybm000cmcxj0y97pmlksbkl/%E6%B5%8B%E8%AF%95%E5%AE%B6%E7%9A%84%E5%8C%85%E8%A3%B9,当你将此物品出售给测试家时，获得一件附魔的来自任意英雄的小型科技物品和1经验值,BazaarDB Patch 16.2 商人包卡；归属 The Tester，品质 白银，占格 Small。,,reference_reserved,,
bz_van_340,340,merchant_package,snapshot_vanessa_legacy_catalog_v1,snapshot_the_bazaar_patch_18_0_boundary,true,false,"current_rule_match,structured_effects,reward_payload,sell_target,availability",package-w3l38hs2syj5kjb09pjy47njgg,爱伊拉的包裹,bronze,Medium,"package, medium, bronze, aila",2,"merchant_aila, merchant_curio",2,"night_base, elem_草",Heavy,pal_340,爱拉中兽,https://bazaardb.gg/card/w3l38hs2syj5kjb09pjy47njgg/%E7%88%B1%E4%BC%8A%E6%8B%89%E7%9A%84%E5%8C%85%E8%A3%B9,当你将此物品出售给爱伊拉时，获得一件附魔的中型武器和1经验值,BazaarDB Patch 16.2 商人包卡；归属 Aila，品质 青铜，占格 Medium。,,reference_reserved,,
bz_van_341,341,merchant_package,snapshot_vanessa_legacy_catalog_v1,snapshot_the_bazaar_patch_18_0_boundary,true,false,"current_rule_match,structured_effects,reward_payload,sell_target,availability",package-137xn23pd0d1dhn96yhhd85kkb7,爱伊拉的包裹,silver,Large,"package, large, silver, aila",2,"merchant_aila, merchant_silvia",2,"night_base, role_经济",Heavy,pal_341,爱拉大兽,https://bazaardb.gg/card/137xn23pd0d1dhn96yhhd85kkb7/%E7%88%B1%E4%BC%8A%E6%8B%89%E7%9A%84%E5%8C%85%E8%A3%B9,当你将此物品出售给爱伊拉时，获得一件附魔的大型武器和1经验值,BazaarDB Patch 16.2 商人包卡；归属 Aila，品质 白银，占格 Large。,,reference_reserved,,
bz_van_342,342,merchant_package,snapshot_vanessa_legacy_catalog_v1,snapshot_the_bazaar_patch_18_0_boundary,true,false,"current_rule_match,structured_effects,reward_payload,sell_target,availability",package-17xx7t01vblxhp232x9sqhdt2m6,爱伊拉的包裹,bronze,Small,"package, small, bronze, aila",2,"merchant_aila, merchant_curio",2,"night_base, elem_草",Heavy,pal_342,爱拉小兽,https://bazaardb.gg/card/17xx7t01vblxhp232x9sqhdt2m6/%E7%88%B1%E4%BC%8A%E6%8B%89%E7%9A%84%E5%8C%85%E8%A3%B9,当你将此物品出售给爱伊拉时，获得一件附魔小型武器和1经验值,BazaarDB Patch 16.2 商人包卡；归属 Aila，品质 青铜，占格 Small。,,reference_reserved,,
bz_van_343,343,merchant_package,snapshot_vanessa_legacy_catalog_v1,snapshot_the_bazaar_patch_18_0_boundary,true,false,"current_rule_match,structured_effects,reward_payload,sell_target,availability",package-f51kxgpgbyjq0zqtb2n43y2k3l,瓦尔帕克的包裹,silver,Large,"package, large, silver, valpak",2,"merchant_valpak, merchant_silvia",2,"elem_暗, role_经济",Shiny,pal_343,瓦尔大兽,https://bazaardb.gg/card/f51kxgpgbyjq0zqtb2n43y2k3l/%E7%93%A6%E5%B0%94%E5%B8%95%E5%85%8B%E7%9A%84%E5%8C%85%E8%A3%B9,当你将此物品出售给瓦尔帕克时，获得一件附魔大型物品和1经验值,BazaarDB Patch 16.2 商人包卡；归属 Valpak，品质 白银，占格 Large。,,reference_reserved,,
bz_van_344,344,merchant_package,snapshot_vanessa_legacy_catalog_v1,snapshot_the_bazaar_patch_18_0_boundary,true,false,"current_rule_match,structured_effects,reward_payload,sell_target,availability",package-jqhjqfsl1x5pcp9j567jwv3d4d,瓦尔帕克的包裹,bronze,Small,"package, small, bronze, valpak",2,"merchant_valpak, merchant_curio",2,"elem_草, elem_暗",Heavy,pal_344,瓦尔小兽,https://bazaardb.gg/card/jqhjqfsl1x5pcp9j567jwv3d4d/%E7%93%A6%E5%B0%94%E5%B8%95%E5%85%8B%E7%9A%84%E5%8C%85%E8%A3%B9,当你将此物品出售给瓦尔帕克时，获得一件附魔小型物品和1经验值,BazaarDB Patch 16.2 商人包卡；归属 Valpak，品质 青铜，占格 Small。,,reference_reserved,,
bz_van_345,345,merchant_package,snapshot_vanessa_legacy_catalog_v1,snapshot_the_bazaar_patch_18_0_boundary,true,false,"current_rule_match,structured_effects,reward_payload,sell_target,availability",package-v27h9bgs4bvx6y5ycytl729cqc,瓦尔帕克的包裹,bronze,Medium,"package, medium, bronze, valpak",2,"merchant_valpak, merchant_curio",2,"elem_草, elem_暗",Shiny,pal_345,瓦尔中兽,https://bazaardb.gg/card/v27h9bgs4bvx6y5ycytl729cqc/%E7%93%A6%E5%B0%94%E5%B8%95%E5%85%8B%E7%9A%84%E5%8C%85%E8%A3%B9,当你将此物品出售给瓦尔帕克时，获得一件附魔中型物品和1经验值,BazaarDB Patch 16.2 商人包卡；归属 Valpak，品质 青铜，占格 Medium。,,reference_reserved,,
bz_van_346,346,merchant_package,snapshot_vanessa_legacy_catalog_v1,snapshot_the_bazaar_patch_18_0_boundary,true,false,"current_rule_match,structured_effects,reward_payload,sell_target,availability",package-p0ykjyxwkhnh56gddmjnctg3k,米兹沃斯的包裹,bronze,Medium,"package, medium, bronze, midsworth",2,"merchant_midsworth, merchant_curio",2,"elem_草, elem_地",Shiny,pal_346,米兹中兽,https://bazaardb.gg/card/p0ykjyxwkhnh56gddmjnctg3k/%E7%B1%B3%E5%85%B9%E6%B2%83%E6%96%AF%E7%9A%84%E5%8C%85%E8%A3%B9,当你将此物品出售给米兹沃斯时，获得一件附魔中型物品和1经验值,BazaarDB Patch 16.2 商人包卡；归属 Midsworth，品质 青铜，占格 Medium。,,reference_reserved,,
bz_van_347,347,merchant_package,snapshot_vanessa_legacy_catalog_v1,snapshot_the_bazaar_patch_18_0_boundary,true,false,"current_rule_match,structured_effects,reward_payload,sell_target,availability",package-114kqm8799gnsqw2c55z2cs5s7n,米兹沃斯的包裹,silver,Large,"package, large, silver, midsworth",2,"merchant_midsworth, merchant_silvia",2,"elem_地, role_经济",Shiny,pal_347,米兹大兽,https://bazaardb.gg/card/114kqm8799gnsqw2c55z2cs5s7n/%E7%B1%B3%E5%85%B9%E6%B2%83%E6%96%AF%E7%9A%84%E5%8C%85%E8%A3%B9,当你将此物品出售给米兹沃斯时，获得一件附魔大型物品和1经验值,BazaarDB Patch 16.2 商人包卡；归属 Midsworth，品质 白银，占格 Large。,,reference_reserved,,
bz_van_348,348,merchant_package,snapshot_vanessa_legacy_catalog_v1,snapshot_the_bazaar_patch_18_0_boundary,true,false,"current_rule_match,structured_effects,reward_payload,sell_target,availability",package-18ksh3y73l7qqvxqc9vgqghffwm,米兹沃斯的包裹,bronze,Small,"package, small, bronze, midsworth",2,"merchant_midsworth, merchant_curio",2,"elem_草, elem_地",Shiny,pal_348,米兹小兽,https://bazaardb.gg/card/18ksh3y73l7qqvxqc9vgqghffwm/%E7%B1%B3%E5%85%B9%E6%B2%83%E6%96%AF%E7%9A%84%E5%8C%85%E8%A3%B9,当你将此物品出售给米兹沃斯时，获得一件附魔的小型物品和1经验值,BazaarDB Patch 16.2 商人包卡；归属 Midsworth，品质 青铜，占格 Small。,,reference_reserved,,
bz_van_349,349,merchant_package,snapshot_vanessa_legacy_catalog_v1,snapshot_the_bazaar_patch_18_0_boundary,true,false,"current_rule_match,structured_effects,reward_payload,sell_target,availability",package-d9z8by7j2d6cl3d2g395zvpb7,米透的包裹,bronze,Small,"package, small, bronze, mittel",2,"merchant_mittel, merchant_curio",2,"elem_草, elem_无",Shiny,pal_349,米透小兽,https://bazaardb.gg/card/d9z8by7j2d6cl3d2g395zvpb7/%E7%B1%B3%E9%80%8F%E7%9A%84%E5%8C%85%E8%A3%B9,当你将此物品出售给米透时，获得一件附魔中型物品和1经验值,BazaarDB Patch 16.2 商人包卡；归属 Mittel，品质 青铜，占格 Small。,,reference_reserved,,
bz_van_350,350,merchant_package,snapshot_vanessa_legacy_catalog_v1,snapshot_the_bazaar_patch_18_0_boundary,true,false,"current_rule_match,structured_effects,reward_payload,sell_target,availability",package-qmhctzwqn6cn5q1wnqf1tcssnl,米透的包裹,silver,Large,"package, large, silver, mittel",2,"merchant_mittel, merchant_silvia",2,"elem_无, role_经济",Heavy,pal_350,米透大兽,https://bazaardb.gg/card/qmhctzwqn6cn5q1wnqf1tcssnl/%E7%B1%B3%E9%80%8F%E7%9A%84%E5%8C%85%E8%A3%B9,当你将此物品出售给米透时，获得一件附魔中型物品和1经验值,BazaarDB Patch 16.2 商人包卡；归属 Mittel，品质 白银，占格 Large。,,reference_reserved,,
bz_van_351,351,merchant_package,snapshot_vanessa_legacy_catalog_v1,snapshot_the_bazaar_patch_18_0_boundary,true,false,"current_rule_match,structured_effects,reward_payload,sell_target,availability",package-17zzvtts157ggmxjpflhs2727qg,米透的包裹,silver,Medium,"package, medium, silver, mittel",2,"merchant_mittel, merchant_silvia",2,"elem_无, role_经济",Shiny,pal_351,米透中兽,https://bazaardb.gg/card/17zzvtts157ggmxjpflhs2727qg/%E7%B1%B3%E9%80%8F%E7%9A%84%E5%8C%85%E8%A3%B9,当你将此物品出售给米透时，获得一件附魔中型物品和1经验值,BazaarDB Patch 16.2 商人包卡；归属 Mittel，品质 白银，占格 Medium。,,reference_reserved,,
bz_van_352,352,merchant_package,snapshot_vanessa_legacy_catalog_v1,snapshot_the_bazaar_patch_18_0_boundary,true,false,"current_rule_match,structured_effects,reward_payload,sell_target,availability",package-4kq80cqkylmz8qtfswvxxy98xx,自瞄机的包裹,silver,Large,"package, large, silver, aimbot",2,"merchant_aimbot, merchant_silvia",2,"role_经济, tier_pT1",Shiny,pal_352,自瞄大兽,https://bazaardb.gg/card/4kq80cqkylmz8qtfswvxxy98xx/%E8%87%AA%E7%9E%84%E6%9C%BA%E7%9A%84%E5%8C%85%E8%A3%B9,当你将此物品出售给自瞄机时，获得一件附魔的来自任意英雄的大型暴击物品和2经验值,BazaarDB Patch 16.2 商人包卡；归属 Aimbot，品质 白银，占格 Large。,,reference_reserved,,
bz_van_353,353,merchant_package,snapshot_vanessa_legacy_catalog_v1,snapshot_the_bazaar_patch_18_0_boundary,true,false,"current_rule_match,structured_effects,reward_payload,sell_target,availability",package-bqt30mk772f84f0zymwv1l940m,自瞄机的包裹,silver,Medium,"package, medium, silver, aimbot",2,"merchant_aimbot, merchant_silvia",2,"role_经济, tier_pT1",Shiny,pal_353,自瞄中兽,https://bazaardb.gg/card/bqt30mk772f84f0zymwv1l940m/%E8%87%AA%E7%9E%84%E6%9C%BA%E7%9A%84%E5%8C%85%E8%A3%B9,当你将此物品出售给自瞄机时，获得一件来自任意英雄的附魔中型暴击物品和2经验值,BazaarDB Patch 16.2 商人包卡；归属 Aimbot，品质 白银，占格 Medium。,,reference_reserved,,
bz_van_354,354,merchant_package,snapshot_vanessa_legacy_catalog_v1,snapshot_the_bazaar_patch_18_0_boundary,true,false,"current_rule_match,structured_effects,reward_payload,sell_target,availability",package-t6qqmk5w64m81c33l72ds7cvvx,自瞄机的包裹,silver,Small,"package, small, silver, aimbot",2,"merchant_aimbot, merchant_silvia",2,"role_经济, tier_pT1",Heavy,pal_354,自瞄小兽,https://bazaardb.gg/card/t6qqmk5w64m81c33l72ds7cvvx/%E8%87%AA%E7%9E%84%E6%9C%BA%E7%9A%84%E5%8C%85%E8%A3%B9,当你将此物品出售给自瞄机时，获得一件来自任意英雄的附魔小型暴击物品和2经验值,BazaarDB Patch 16.2 商人包卡；归属 Aimbot，品质 白银，占格 Small。,,reference_reserved,,
bz_van_355,355,merchant_package,snapshot_vanessa_legacy_catalog_v1,snapshot_the_bazaar_patch_18_0_boundary,true,false,"current_rule_match,structured_effects,reward_payload,sell_target,availability",package-mcg4mld8fmdzg4nk615lh0295b,葵仙子的包裹,bronze,Medium,"package, medium, bronze, dryad",2,"merchant_dryad, merchant_curio",2,"elem_草, role_机动压制",Heavy,pal_355,葵仙中兽,https://bazaardb.gg/card/mcg4mld8fmdzg4nk615lh0295b/%E8%91%B5%E4%BB%99%E5%AD%90%E7%9A%84%E5%8C%85%E8%A3%B9,当你将此物品出售给葵仙子时，获得一件附魔中型物品和1经验值,BazaarDB Patch 16.2 商人包卡；归属 Dryad，品质 青铜，占格 Medium。,,reference_reserved,,
bz_van_356,356,merchant_package,snapshot_vanessa_legacy_catalog_v1,snapshot_the_bazaar_patch_18_0_boundary,true,false,"current_rule_match,structured_effects,reward_payload,sell_target,availability",package-nwq2d6z8cxhphs49380dgykgkw,葵仙子的包裹,bronze,Small,"package, small, bronze, dryad",2,"merchant_dryad, merchant_curio",2,"elem_草, role_机动压制",Shiny,pal_356,葵仙小兽,https://bazaardb.gg/card/nwq2d6z8cxhphs49380dgykgkw/%E8%91%B5%E4%BB%99%E5%AD%90%E7%9A%84%E5%8C%85%E8%A3%B9,当你将此物品出售给葵仙子时，获得一件附魔的小型物品和1经验值,BazaarDB Patch 16.2 商人包卡；归属 Dryad，品质 青铜，占格 Small。,,reference_reserved,,
bz_van_357,357,merchant_package,snapshot_vanessa_legacy_catalog_v1,snapshot_the_bazaar_patch_18_0_boundary,true,false,"current_rule_match,structured_effects,reward_payload,sell_target,availability",package-14mn4w4hfn2yfs6hfh6j1bm0tt4,葵仙子的包裹,silver,Large,"package, large, silver, dryad",2,"merchant_dryad, merchant_silvia",2,"role_经济, role_机动压制",Heavy,pal_357,葵仙大兽,https://bazaardb.gg/card/14mn4w4hfn2yfs6hfh6j1bm0tt4/%E8%91%B5%E4%BB%99%E5%AD%90%E7%9A%84%E5%8C%85%E8%A3%B9,当你将此物品出售给葵仙子时，获得一件附魔大型物品和1经验值,BazaarDB Patch 16.2 商人包卡；归属 Dryad，品质 白银，占格 Large。,,reference_reserved,,
bz_van_358,358,merchant_package,snapshot_vanessa_legacy_catalog_v1,snapshot_the_bazaar_patch_18_0_boundary,true,false,"current_rule_match,structured_effects,reward_payload,sell_target,availability",package-58mdc4pwn54x2tsg1xqxm4zh9t,西尔维娅的包裹,bronze,Small,"package, small, bronze, silvia",2,"merchant_silvia, merchant_curio",2,"elem_草, role_经济",Heavy,pal_358,西尔小兽,https://bazaardb.gg/card/58mdc4pwn54x2tsg1xqxm4zh9t/%E8%A5%BF%E5%B0%94%E7%BB%B4%E5%A8%85%E7%9A%84%E5%8C%85%E8%A3%B9,当你将此物品出售给西尔维娅时，获得一件附魔的小型物品和1经验值,BazaarDB Patch 16.2 商人包卡；归属 Silvia，品质 青铜，占格 Small。,,reference_reserved,,
bz_van_359,359,merchant_package,snapshot_vanessa_legacy_catalog_v1,snapshot_the_bazaar_patch_18_0_boundary,true,false,"current_rule_match,structured_effects,reward_payload,sell_target,availability",package-6lskvf05w4w201n6gtfxk1bs53,西尔维娅的包裹,silver,Large,"package, large, silver, silvia",1,merchant_silvia,1,role_经济,Shiny,pal_359,西尔大兽,https://bazaardb.gg/card/6lskvf05w4w201n6gtfxk1bs53/%E8%A5%BF%E5%B0%94%E7%BB%B4%E5%A8%85%E7%9A%84%E5%8C%85%E8%A3%B9,当你将此物品出售给西尔维娅时，获得一件附魔大型物品和1经验值,BazaarDB Patch 16.2 商人包卡；归属 Silvia，品质 白银，占格 Large。,,reference_reserved,,
bz_van_360,360,merchant_package,snapshot_vanessa_legacy_catalog_v1,snapshot_the_bazaar_patch_18_0_boundary,true,false,"current_rule_match,structured_effects,reward_payload,sell_target,availability",package-bmcx6s5gf23hgb142n4gbhvg07,西尔维娅的包裹,bronze,Medium,"package, medium, bronze, silvia",2,"merchant_silvia, merchant_curio",2,"elem_草, role_经济",Heavy,pal_360,西尔中兽,https://bazaardb.gg/card/bmcx6s5gf23hgb142n4gbhvg07/%E8%A5%BF%E5%B0%94%E7%BB%B4%E5%A8%85%E7%9A%84%E5%8C%85%E8%A3%B9,当你将此物品出售给西尔维娅时，获得一件附魔中型物品和1经验值,BazaarDB Patch 16.2 商人包卡；归属 Silvia，品质 青铜，占格 Medium。,,reference_reserved,,
bz_van_361,361,merchant_package,snapshot_vanessa_legacy_catalog_v1,snapshot_the_bazaar_patch_18_0_boundary,true,false,"current_rule_match,structured_effects,reward_payload,sell_target,availability",package-58jcldvmgngp1jpftj1wmsf7hq,诺提卡的包裹,bronze,Medium,"package, medium, bronze, nautica",2,"merchant_nautica, merchant_curio",2,"elem_草, role_输出",Shiny,pal_361,诺提中兽,https://bazaardb.gg/card/58jcldvmgngp1jpftj1wmsf7hq/%E8%AF%BA%E6%8F%90%E5%8D%A1%E7%9A%84%E5%8C%85%E8%A3%B9,当你将此物品出售给诺提卡时，获得一件附魔的中型水系物品和1经验值,BazaarDB Patch 16.2 商人包卡；归属 Nautica，品质 青铜，占格 Medium。,,reference_reserved,,
bz_van_362,362,merchant_package,snapshot_vanessa_legacy_catalog_v1,snapshot_the_bazaar_patch_18_0_boundary,true,false,"current_rule_match,structured_effects,reward_payload,sell_target,availability",package-js2gc4sm139g77vszygs9pvqxn,诺提卡的包裹,bronze,Small,"package, small, bronze, nautica",2,"merchant_nautica, merchant_curio",2,"elem_草, role_输出",Heavy,pal_362,诺提小兽,https://bazaardb.gg/card/js2gc4sm139g77vszygs9pvqxn/%E8%AF%BA%E6%8F%90%E5%8D%A1%E7%9A%84%E5%8C%85%E8%A3%B9,当你将此物品出售给诺提卡时，获得一件附魔小型水系物品和1经验值,BazaarDB Patch 16.2 商人包卡；归属 Nautica，品质 青铜，占格 Small。,,reference_reserved,,
bz_van_363,363,merchant_package,snapshot_vanessa_legacy_catalog_v1,snapshot_the_bazaar_patch_18_0_boundary,true,false,"current_rule_match,structured_effects,reward_payload,sell_target,availability",package-14g51cgnmnwhq41h141x33g1xqs,诺提卡的包裹,silver,Large,"package, large, silver, nautica",2,"merchant_nautica, merchant_silvia",2,"role_输出, role_经济",Shiny,pal_363,诺提大兽,https://bazaardb.gg/card/14g51cgnmnwhq41h141x33g1xqs/%E8%AF%BA%E6%8F%90%E5%8D%A1%E7%9A%84%E5%8C%85%E8%A3%B9,当你将此物品出售给诺提卡时，获得一件附魔大型水系物品和1经验值,BazaarDB Patch 16.2 商人包卡；归属 Nautica，品质 白银，占格 Large。,,reference_reserved,,
bz_van_364,364,merchant_package,snapshot_vanessa_legacy_catalog_v1,snapshot_the_bazaar_patch_18_0_boundary,true,false,"current_rule_match,structured_effects,reward_payload,sell_target,availability",package-62ch5g44mjw6c76ym1wjwphxz6,路克斯的包裹,gold,Small,"package, small, gold, luxe",2,"merchant_luxe, merchant_goldie",2,"role_坦克, role_控制",Golden,pal_364,路克小兽,https://bazaardb.gg/card/62ch5g44mjw6c76ym1wjwphxz6/%E8%B7%AF%E5%85%8B%E6%96%AF%E7%9A%84%E5%8C%85%E8%A3%B9,当你将此物品出售给路克斯时，获得一件附魔的小型物品和3经验值,BazaarDB Patch 16.2 商人包卡；归属 Luxe，品质 黄金，占格 Small。,,reference_reserved,,
bz_van_365,365,merchant_package,snapshot_vanessa_legacy_catalog_v1,snapshot_the_bazaar_patch_18_0_boundary,true,false,"current_rule_match,structured_effects,reward_payload,sell_target,availability",package-d3l9q20wj4b443q8zwfcypj1dl,路克斯的包裹,gold,Medium,"package, medium, gold, luxe",2,"merchant_luxe, merchant_goldie",2,"role_坦克, role_控制",Golden,pal_365,路克中兽,https://bazaardb.gg/card/d3l9q20wj4b443q8zwfcypj1dl/%E8%B7%AF%E5%85%8B%E6%96%AF%E7%9A%84%E5%8C%85%E8%A3%B9,当你将此物品出售给路克斯时，获得一件附魔中型物品和3经验值,BazaarDB Patch 16.2 商人包卡；归属 Luxe，品质 黄金，占格 Medium。,,reference_reserved,,
bz_van_366,366,merchant_package,snapshot_vanessa_legacy_catalog_v1,snapshot_the_bazaar_patch_18_0_boundary,true,false,"current_rule_match,structured_effects,reward_payload,sell_target,availability",package-lsf7jdxfzd0w8y9h04hm62ktv1,路克斯的包裹,gold,Large,"package, large, gold, luxe",2,"merchant_luxe, merchant_goldie",2,"role_坦克, role_控制",Golden,pal_366,路克大兽,https://bazaardb.gg/card/lsf7jdxfzd0w8y9h04hm62ktv1/%E8%B7%AF%E5%85%8B%E6%96%AF%E7%9A%84%E5%8C%85%E8%A3%B9,当你将此物品出售给路克斯时，获得一件附魔的大型物品和3经验值,BazaarDB Patch 16.2 商人包卡；归属 Luxe，品质 黄金，占格 Large。,,reference_reserved,,
bz_van_367,367,merchant_package,snapshot_vanessa_legacy_catalog_v1,snapshot_the_bazaar_patch_18_0_boundary,true,false,"current_rule_match,structured_effects,reward_payload,sell_target,availability",package-1bqc3jsnmlj66qybfnp13fqdzl,针羽的包裹,silver,Large,"package, large, silver, pinfeather",2,"merchant_pinfeather, merchant_silvia",2,"elem_草, role_经济",Heavy,pal_367,针羽大兽,https://bazaardb.gg/card/1bqc3jsnmlj66qybfnp13fqdzl/%E9%92%88%E7%BE%BD%E7%9A%84%E5%8C%85%E8%A3%B9,当你将此物品出售给针羽时，获得一件附魔的来自任意英雄的大型飞行物品和2经验值,BazaarDB Patch 16.2 商人包卡；归属 Pinfeather，品质 白银，占格 Large。,,reference_reserved,,
bz_van_368,368,merchant_package,snapshot_vanessa_legacy_catalog_v1,snapshot_the_bazaar_patch_18_0_boundary,true,false,"current_rule_match,structured_effects,reward_payload,sell_target,availability",package-k83p060kvpshxcb5719vkn785p,针羽的包裹,silver,Small,"package, small, silver, pinfeather",2,"merchant_pinfeather, merchant_silvia",2,"elem_草, role_经济",Shiny,pal_368,针羽小兽,https://bazaardb.gg/card/k83p060kvpshxcb5719vkn785p/%E9%92%88%E7%BE%BD%E7%9A%84%E5%8C%85%E8%A3%B9,当你将此物品出售给针羽时，获得一件来自任意英雄的附魔小型飞行物品和2经验值,BazaarDB Patch 16.2 商人包卡；归属 Pinfeather，品质 白银，占格 Small。,,reference_reserved,,
bz_van_369,369,merchant_package,snapshot_vanessa_legacy_catalog_v1,snapshot_the_bazaar_patch_18_0_boundary,true,false,"current_rule_match,structured_effects,reward_payload,sell_target,availability",package-qhxng08h41fzd30b491hb34747,针羽的包裹,silver,Medium,"package, medium, silver, pinfeather",2,"merchant_pinfeather, merchant_silvia",2,"elem_草, role_经济",Heavy,pal_369,针羽中兽,https://bazaardb.gg/card/qhxng08h41fzd30b491hb34747/%E9%92%88%E7%BE%BD%E7%9A%84%E5%8C%85%E8%A3%B9,当你将此物品出售给针羽时，获得一件附魔的来自任意英雄的中型飞行物品和2经验值,BazaarDB Patch 16.2 商人包卡；归属 Pinfeather，品质 白银，占格 Medium。,,reference_reserved,,
