seed,day,step,stepLabel,optionIndex,optionId,optionName,sourceType,sourceName,poolId,petId,name,element,quality,price,cells,weight,tags
ysbzs-local,1,1,事件节点1,1,node_reward_pet,宠物奖励,reward_pet,宠物奖励,reward_pT1,pal_021,露娜蒂,土,青铜,,2,60,土、坦克、抗压承伤、防御、前排、阻挡
ysbzs-local,1,1,事件节点1,1,node_reward_pet,宠物奖励,reward_pet,宠物奖励,reward_pT1,pal_006,冲浪鸭,水,青铜,,2,60,水、毒伤牵制、后排、增益
ysbzs-local,1,1,事件节点1,2,node_shop_basic,夜市商人,shop_offer,夜市商人,night_base,pal_008,新叶猿,风,青铜,4,2,100,风、坦克、抗压承伤、防御、前排、阻挡
ysbzs-local,1,1,事件节点1,2,node_shop_basic,夜市商人,shop_offer,夜市商人,night_base,pal_014,玉藻狐,风,青铜,6,3,100,风、经济、风系铺场、召唤、发育
ysbzs-local,1,1,事件节点1,2,node_shop_basic,夜市商人,shop_offer,夜市商人,night_base,pal_034,棉花糖,风,青铜,2,1,100,风、经济、远点压制、召唤、发育
ysbzs-local,1,1,事件节点1,2,node_shop_basic,夜市商人,shop_offer,夜市商人,night_base,pal_035,灌木羊,风,青铜,2,1,100,风、召唤、召唤铺场、成长、核心
ysbzs-local,1,1,事件节点1,2,node_shop_basic,夜市商人,shop_offer,夜市商人,night_base,pal_009,燎火鹿,火,青铜,4,2,100,火、输出、火系压制、爆发、前排
ysbzs-local,1,1,事件节点1,2,node_shop_basic,夜市商人,shop_offer,夜市商人,night_base,pal_004,翠叶鼠,风,青铜,2,1,100,风、远点压制、后排、增益
ysbzs-local,1,1,事件节点1,3,node_shop_fire,火系补货商人,shop_offer,火系补货商人,elem_火,pal_005,火绒狐,火,青铜,4,2,100,火、抗压承伤、爆发、前排
ysbzs-local,1,1,事件节点1,3,node_shop_fire,火系补货商人,shop_offer,火系补货商人,elem_火,pal_009,燎火鹿,火,青铜,4,2,100,火、输出、火系压制、爆发、前排
ysbzs-local,1,1,事件节点1,3,node_shop_fire,火系补货商人,shop_offer,火系补货商人,elem_火,pal_009,燎火鹿,火,青铜,4,2,100,火、输出、火系压制、爆发、前排
ysbzs-local,1,1,事件节点1,3,node_shop_fire,火系补货商人,shop_offer,火系补货商人,elem_火,pal_009,燎火鹿,火,青铜,4,2,100,火、输出、火系压制、爆发、前排
ysbzs-local,1,1,事件节点1,3,node_shop_fire,火系补货商人,shop_offer,火系补货商人,elem_火,pal_005,火绒狐,火,青铜,4,2,100,火、抗压承伤、爆发、前排
ysbzs-local,1,2,事件节点2,1,node_shop_fire,火系补货商人,shop_offer,火系补货商人,elem_火,pal_009,燎火鹿,火,青铜,4,2,100,火、输出、火系压制、爆发、前排
ysbzs-local,1,2,事件节点2,1,node_shop_fire,火系补货商人,shop_offer,火系补货商人,elem_火,pal_005,火绒狐,火,青铜,4,2,100,火、抗压承伤、爆发、前排
ysbzs-local,1,2,事件节点2,1,node_shop_fire,火系补货商人,shop_offer,火系补货商人,elem_火,pal_009,燎火鹿,火,青铜,4,2,100,火、输出、火系压制、爆发、前排
ysbzs-local,1,2,事件节点2,1,node_shop_fire,火系补货商人,shop_offer,火系补货商人,elem_火,pal_009,燎火鹿,火,青铜,4,2,100,火、输出、火系压制、爆发、前排
ysbzs-local,1,2,事件节点2,1,node_shop_fire,火系补货商人,shop_offer,火系补货商人,elem_火,pal_009,燎火鹿,火,青铜,4,2,100,火、输出、火系压制、爆发、前排
ysbzs-local,1,2,事件节点2,2,node_shop_basic,夜市商人,shop_offer,夜市商人,night_base,pal_021,露娜蒂,土,青铜,4,2,100,土、坦克、抗压承伤、防御、前排、阻挡
ysbzs-local,1,2,事件节点2,2,node_shop_basic,夜市商人,shop_offer,夜市商人,night_base,pal_015,啼卡尔,土,青铜,6,3,100,土、坦克、重甲抗压、防御、前排、阻挡
ysbzs-local,1,2,事件节点2,2,node_shop_basic,夜市商人,shop_offer,夜市商人,night_base,pal_009,燎火鹿,火,青铜,4,2,100,火、输出、火系压制、爆发、前排
ysbzs-local,1,2,事件节点2,2,node_shop_basic,夜市商人,shop_offer,夜市商人,night_base,pal_017,瞅什魔,土,青铜,6,3,100,土、坦克、重甲抗压、防御、前排、阻挡
ysbzs-local,1,2,事件节点2,3,node_reward_pet,宠物奖励,reward_pet,宠物奖励,reward_pT1,pal_017,瞅什魔,土,青铜,,3,60,土、坦克、重甲抗压、防御、前排、阻挡
ysbzs-local,1,2,事件节点2,3,node_reward_pet,宠物奖励,reward_pet,宠物奖励,reward_pT1,pal_017,瞅什魔,土,青铜,,3,60,土、坦克、重甲抗压、防御、前排、阻挡
ysbzs-local,1,4,事件节点3,1,node_reward_pet,宠物奖励,reward_pet,宠物奖励,reward_pT1,pal_035,灌木羊,风,青铜,,1,60,风、召唤、召唤铺场、成长、核心
ysbzs-local,1,4,事件节点3,1,node_reward_pet,宠物奖励,reward_pet,宠物奖励,reward_pT1,pal_003,皮皮鸡,风,青铜,,1,60,风、削弱远点、发育
ysbzs-local,1,4,事件节点3,2,node_shop_fire,火系补货商人,shop_offer,火系补货商人,elem_火,pal_005,火绒狐,火,青铜,4,2,100,火、抗压承伤、爆发、前排
ysbzs-local,1,4,事件节点3,2,node_shop_fire,火系补货商人,shop_offer,火系补货商人,elem_火,pal_005,火绒狐,火,青铜,4,2,100,火、抗压承伤、爆发、前排
ysbzs-local,1,4,事件节点3,2,node_shop_fire,火系补货商人,shop_offer,火系补货商人,elem_火,pal_009,燎火鹿,火,青铜,4,2,100,火、输出、火系压制、爆发、前排
ysbzs-local,1,4,事件节点3,2,node_shop_fire,火系补货商人,shop_offer,火系补货商人,elem_火,pal_005,火绒狐,火,青铜,4,2,100,火、抗压承伤、爆发、前排
ysbzs-local,1,4,事件节点3,2,node_shop_fire,火系补货商人,shop_offer,火系补货商人,elem_火,pal_005,火绒狐,火,青铜,4,2,100,火、抗压承伤、爆发、前排
ysbzs-local,1,4,事件节点3,3,node_shop_basic,夜市商人,shop_offer,夜市商人,night_base,pal_007,伏特喵,风,青铜,4,2,100,风、抗压承伤、前排、阻挡
ysbzs-local,1,4,事件节点3,3,node_shop_basic,夜市商人,shop_offer,夜市商人,night_base,pal_008,新叶猿,风,青铜,4,2,100,风、坦克、抗压承伤、防御、前排、阻挡
ysbzs-local,1,4,事件节点3,3,node_shop_basic,夜市商人,shop_offer,夜市商人,night_base,pal_028,波娜兔,风,青铜,6,3,100,风、治疗、风系铺场、后排、增益
ysbzs-local,1,4,事件节点3,3,node_shop_basic,夜市商人,shop_offer,夜市商人,night_base,pal_020,草莽猪,土,青铜,4,2,100,土、坦克、抗压承伤、防御、前排、阻挡
ysbzs-local,1,4,事件节点3,3,node_shop_basic,夜市商人,shop_offer,夜市商人,night_base,pal_001,棉悠悠,风,青铜,2,1,100,风、基准单点、发育
ysbzs-local,1,5,事件节点4,1,node_shop_fire,火系补货商人,shop_offer,火系补货商人,elem_火,pal_009,燎火鹿,火,青铜,4,2,100,火、输出、火系压制、爆发、前排
ysbzs-local,1,5,事件节点4,1,node_shop_fire,火系补货商人,shop_offer,火系补货商人,elem_火,pal_005,火绒狐,火,青铜,4,2,100,火、抗压承伤、爆发、前排
ysbzs-local,1,5,事件节点4,1,node_shop_fire,火系补货商人,shop_offer,火系补货商人,elem_火,pal_009,燎火鹿,火,青铜,4,2,100,火、输出、火系压制、爆发、前排
ysbzs-local,1,5,事件节点4,1,node_shop_fire,火系补货商人,shop_offer,火系补货商人,elem_火,pal_005,火绒狐,火,青铜,4,2,100,火、抗压承伤、爆发、前排
ysbzs-local,1,5,事件节点4,1,node_shop_fire,火系补货商人,shop_offer,火系补货商人,elem_火,pal_009,燎火鹿,火,青铜,4,2,100,火、输出、火系压制、爆发、前排
ysbzs-local,1,5,事件节点4,2,node_reward_pet,宠物奖励,reward_pet,宠物奖励,reward_pT1,pal_010,企丸丸,水,青铜,,2,60,水、治疗、水系牵制、后排、增益
ysbzs-local,1,5,事件节点4,2,node_reward_pet,宠物奖励,reward_pet,宠物奖励,reward_pT1,pal_009,燎火鹿,火,青铜,,2,60,火、输出、火系压制、爆发、前排
ysbzs-local,1,5,事件节点4,3,node_shop_basic,夜市商人,shop_offer,夜市商人,night_base,pal_035,灌木羊,风,青铜,2,1,100,风、召唤、召唤铺场、成长、核心
ysbzs-local,1,5,事件节点4,3,node_shop_basic,夜市商人,shop_offer,夜市商人,night_base,pal_035,灌木羊,风,青铜,2,1,100,风、召唤、召唤铺场、成长、核心
ysbzs-local,1,5,事件节点4,3,node_shop_basic,夜市商人,shop_offer,夜市商人,night_base,pal_001,棉悠悠,风,青铜,2,1,100,风、基准单点、发育
ysbzs-local,1,5,事件节点4,3,node_shop_basic,夜市商人,shop_offer,夜市商人,night_base,pal_013,叶泥泥,土,青铜,6,3,100,土、坦克、重甲抗压、防御、前排、阻挡
ysbzs-local,1,5,事件节点4,3,node_shop_basic,夜市商人,shop_offer,夜市商人,night_base,pal_014,玉藻狐,风,青铜,6,3,100,风、经济、风系铺场、召唤、发育
ysbzs-local,1,5,事件节点4,3,node_shop_basic,夜市商人,shop_offer,夜市商人,night_base,pal_002,捣蛋猫,风,青铜,2,1,100,风、抗压单点、前排、阻挡
ysbzs-local,2,1,事件节点1,1,node_d02_role_summon,召唤摊位,shop_offer,召唤摊位,role_召唤,pal_035,灌木羊,风,青铜,2,1,90,风、召唤、召唤铺场、成长、核心
ysbzs-local,2,1,事件节点1,1,node_d02_role_summon,召唤摊位,shop_offer,召唤摊位,role_召唤,pal_035,灌木羊,风,青铜,2,1,90,风、召唤、召唤铺场、成长、核心
ysbzs-local,2,1,事件节点1,1,node_d02_role_summon,召唤摊位,shop_offer,召唤摊位,role_召唤,pal_035,灌木羊,风,青铜,2,1,90,风、召唤、召唤铺场、成长、核心
ysbzs-local,2,1,事件节点1,1,node_d02_role_summon,召唤摊位,shop_offer,召唤摊位,role_召唤,pal_035,灌木羊,风,青铜,2,1,90,风、召唤、召唤铺场、成长、核心
ysbzs-local,2,1,事件节点1,1,node_d02_role_summon,召唤摊位,shop_offer,召唤摊位,role_召唤,pal_035,灌木羊,风,青铜,2,1,90,风、召唤、召唤铺场、成长、核心
ysbzs-local,2,1,事件节点1,1,node_d02_role_summon,召唤摊位,shop_offer,召唤摊位,role_召唤,pal_035,灌木羊,风,青铜,2,1,90,风、召唤、召唤铺场、成长、核心
ysbzs-local,2,1,事件节点1,1,node_d02_role_summon,召唤摊位,shop_offer,召唤摊位,role_召唤,pal_035,灌木羊,风,青铜,2,1,90,风、召唤、召唤铺场、成长、核心
ysbzs-local,2,1,事件节点1,1,node_d02_role_summon,召唤摊位,shop_offer,召唤摊位,role_召唤,pal_035,灌木羊,风,青铜,2,1,90,风、召唤、召唤铺场、成长、核心
ysbzs-local,2,1,事件节点1,1,node_d02_role_summon,召唤摊位,shop_offer,召唤摊位,role_召唤,pal_035,灌木羊,风,青铜,2,1,90,风、召唤、召唤铺场、成长、核心
ysbzs-local,2,1,事件节点1,1,node_d02_role_summon,召唤摊位,shop_offer,召唤摊位,role_召唤,pal_035,灌木羊,风,青铜,2,1,90,风、召唤、召唤铺场、成长、核心
ysbzs-local,2,1,事件节点1,2,node_d02_reward_pet,宠物奖励,reward_pet,宠物奖励,reward_pT1,pal_024,喵丝特,土,青铜,,2,60,土、经济、土系抗压、召唤、发育
ysbzs-local,2,1,事件节点1,2,node_d02_reward_pet,宠物奖励,reward_pet,宠物奖励,reward_pT1,pal_005,火绒狐,火,青铜,,2,60,火、抗压承伤、爆发、前排
ysbzs-local,2,1,事件节点1,3,node_d02_shop_water,水系补货商人,shop_offer,水系补货商人,elem_水,pal_010,企丸丸,水,青铜,4,2,100,水、治疗、水系牵制、后排、增益
ysbzs-local,2,1,事件节点1,3,node_d02_shop_water,水系补货商人,shop_offer,水系补货商人,elem_水,pal_011,企丸王,水,青铜,4,2,100,水、治疗、水系牵制、后排、增益
ysbzs-local,2,1,事件节点1,3,node_d02_shop_water,水系补货商人,shop_offer,水系补货商人,elem_水,pal_016,壶小象,水,青铜,6,3,100,水、治疗、水系控场、后排、增益
ysbzs-local,2,1,事件节点1,3,node_d02_shop_water,水系补货商人,shop_offer,水系补货商人,elem_水,pal_025,鲁米儿,水,青铜,4,2,100,水、治疗、水系牵制、后排、增益
ysbzs-local,2,2,事件节点2,1,node_d02_role_summon,召唤摊位,shop_offer,召唤摊位,role_召唤,pal_035,灌木羊,风,青铜,2,1,90,风、召唤、召唤铺场、成长、核心
ysbzs-local,2,2,事件节点2,1,node_d02_role_summon,召唤摊位,shop_offer,召唤摊位,role_召唤,pal_035,灌木羊,风,青铜,2,1,90,风、召唤、召唤铺场、成长、核心
ysbzs-local,2,2,事件节点2,1,node_d02_role_summon,召唤摊位,shop_offer,召唤摊位,role_召唤,pal_035,灌木羊,风,青铜,2,1,90,风、召唤、召唤铺场、成长、核心
ysbzs-local,2,2,事件节点2,1,node_d02_role_summon,召唤摊位,shop_offer,召唤摊位,role_召唤,pal_035,灌木羊,风,青铜,2,1,90,风、召唤、召唤铺场、成长、核心
ysbzs-local,2,2,事件节点2,1,node_d02_role_summon,召唤摊位,shop_offer,召唤摊位,role_召唤,pal_035,灌木羊,风,青铜,2,1,90,风、召唤、召唤铺场、成长、核心
ysbzs-local,2,2,事件节点2,1,node_d02_role_summon,召唤摊位,shop_offer,召唤摊位,role_召唤,pal_035,灌木羊,风,青铜,2,1,90,风、召唤、召唤铺场、成长、核心
ysbzs-local,2,2,事件节点2,1,node_d02_role_summon,召唤摊位,shop_offer,召唤摊位,role_召唤,pal_035,灌木羊,风,青铜,2,1,90,风、召唤、召唤铺场、成长、核心
ysbzs-local,2,2,事件节点2,1,node_d02_role_summon,召唤摊位,shop_offer,召唤摊位,role_召唤,pal_035,灌木羊,风,青铜,2,1,90,风、召唤、召唤铺场、成长、核心
ysbzs-local,2,2,事件节点2,1,node_d02_role_summon,召唤摊位,shop_offer,召唤摊位,role_召唤,pal_035,灌木羊,风,青铜,2,1,90,风、召唤、召唤铺场、成长、核心
ysbzs-local,2,2,事件节点2,1,node_d02_role_summon,召唤摊位,shop_offer,召唤摊位,role_召唤,pal_035,灌木羊,风,青铜,2,1,90,风、召唤、召唤铺场、成长、核心
ysbzs-local,2,2,事件节点2,2,node_d02_role_tank,前排摊位,shop_offer,前排摊位,role_坦克,pal_013,叶泥泥,土,青铜,6,3,90,土、坦克、重甲抗压、防御、前排、阻挡
ysbzs-local,2,2,事件节点2,2,node_d02_role_tank,前排摊位,shop_offer,前排摊位,role_坦克,pal_021,露娜蒂,土,青铜,4,2,90,土、坦克、抗压承伤、防御、前排、阻挡
ysbzs-local,2,2,事件节点2,2,node_d02_role_tank,前排摊位,shop_offer,前排摊位,role_坦克,pal_020,草莽猪,土,青铜,4,2,90,土、坦克、抗压承伤、防御、前排、阻挡
ysbzs-local,2,2,事件节点2,2,node_d02_role_tank,前排摊位,shop_offer,前排摊位,role_坦克,pal_021,露娜蒂,土,青铜,4,2,90,土、坦克、抗压承伤、防御、前排、阻挡
ysbzs-local,2,2,事件节点2,3,node_d02_shop_water,水系补货商人,shop_offer,水系补货商人,elem_水,pal_011,企丸王,水,青铜,4,2,100,水、治疗、水系牵制、后排、增益
ysbzs-local,2,2,事件节点2,3,node_d02_shop_water,水系补货商人,shop_offer,水系补货商人,elem_水,pal_010,企丸丸,水,青铜,4,2,100,水、治疗、水系牵制、后排、增益
ysbzs-local,2,2,事件节点2,3,node_d02_shop_water,水系补货商人,shop_offer,水系补货商人,elem_水,pal_025,鲁米儿,水,青铜,4,2,100,水、治疗、水系牵制、后排、增益
ysbzs-local,2,2,事件节点2,3,node_d02_shop_water,水系补货商人,shop_offer,水系补货商人,elem_水,pal_031,鲨小子,水,青铜,4,2,100,水、治疗、抗压承伤、后排、增益
ysbzs-local,2,2,事件节点2,3,node_d02_shop_water,水系补货商人,shop_offer,水系补货商人,elem_水,pal_010,企丸丸,水,青铜,4,2,100,水、治疗、水系牵制、后排、增益
ysbzs-local,2,4,事件节点3,1,node_d02_role_tank,前排摊位,shop_offer,前排摊位,role_坦克,pal_022,遁地鼠,土,青铜,4,2,90,土、坦克、抗压承伤、防御、前排、阻挡
ysbzs-local,2,4,事件节点3,1,node_d02_role_tank,前排摊位,shop_offer,前排摊位,role_坦克,pal_023,勾魂鱿,土,青铜,4,2,90,土、坦克、抗压承伤、防御、前排、阻挡
ysbzs-local,2,4,事件节点3,1,node_d02_role_tank,前排摊位,shop_offer,前排摊位,role_坦克,pal_022,遁地鼠,土,青铜,4,2,90,土、坦克、抗压承伤、防御、前排、阻挡
ysbzs-local,2,4,事件节点3,1,node_d02_role_tank,前排摊位,shop_offer,前排摊位,role_坦克,pal_017,瞅什魔,土,青铜,6,3,90,土、坦克、重甲抗压、防御、前排、阻挡
ysbzs-local,2,4,事件节点3,2,node_d02_role_summon,召唤摊位,shop_offer,召唤摊位,role_召唤,pal_035,灌木羊,风,青铜,2,1,90,风、召唤、召唤铺场、成长、核心
ysbzs-local,2,4,事件节点3,2,node_d02_role_summon,召唤摊位,shop_offer,召唤摊位,role_召唤,pal_035,灌木羊,风,青铜,2,1,90,风、召唤、召唤铺场、成长、核心
ysbzs-local,2,4,事件节点3,2,node_d02_role_summon,召唤摊位,shop_offer,召唤摊位,role_召唤,pal_035,灌木羊,风,青铜,2,1,90,风、召唤、召唤铺场、成长、核心
ysbzs-local,2,4,事件节点3,2,node_d02_role_summon,召唤摊位,shop_offer,召唤摊位,role_召唤,pal_035,灌木羊,风,青铜,2,1,90,风、召唤、召唤铺场、成长、核心
ysbzs-local,2,4,事件节点3,2,node_d02_role_summon,召唤摊位,shop_offer,召唤摊位,role_召唤,pal_035,灌木羊,风,青铜,2,1,90,风、召唤、召唤铺场、成长、核心
ysbzs-local,2,4,事件节点3,2,node_d02_role_summon,召唤摊位,shop_offer,召唤摊位,role_召唤,pal_035,灌木羊,风,青铜,2,1,90,风、召唤、召唤铺场、成长、核心
ysbzs-local,2,4,事件节点3,2,node_d02_role_summon,召唤摊位,shop_offer,召唤摊位,role_召唤,pal_035,灌木羊,风,青铜,2,1,90,风、召唤、召唤铺场、成长、核心
ysbzs-local,2,4,事件节点3,2,node_d02_role_summon,召唤摊位,shop_offer,召唤摊位,role_召唤,pal_035,灌木羊,风,青铜,2,1,90,风、召唤、召唤铺场、成长、核心
ysbzs-local,2,4,事件节点3,2,node_d02_role_summon,召唤摊位,shop_offer,召唤摊位,role_召唤,pal_035,灌木羊,风,青铜,2,1,90,风、召唤、召唤铺场、成长、核心
ysbzs-local,2,4,事件节点3,2,node_d02_role_summon,召唤摊位,shop_offer,召唤摊位,role_召唤,pal_035,灌木羊,风,青铜,2,1,90,风、召唤、召唤铺场、成长、核心
ysbzs-local,2,4,事件节点3,3,node_d02_shop_water,水系补货商人,shop_offer,水系补货商人,elem_水,pal_006,冲浪鸭,水,青铜,4,2,100,水、毒伤牵制、后排、增益
ysbzs-local,2,4,事件节点3,3,node_d02_shop_water,水系补货商人,shop_offer,水系补货商人,elem_水,pal_016,壶小象,水,青铜,6,3,100,水、治疗、水系控场、后排、增益
ysbzs-local,2,4,事件节点3,3,node_d02_shop_water,水系补货商人,shop_offer,水系补货商人,elem_水,pal_025,鲁米儿,水,青铜,4,2,100,水、治疗、水系牵制、后排、增益
ysbzs-local,2,4,事件节点3,3,node_d02_shop_water,水系补货商人,shop_offer,水系补货商人,elem_水,pal_011,企丸王,水,青铜,4,2,100,水、治疗、水系牵制、后排、增益
ysbzs-local,2,5,事件节点4,1,node_d02_reward_pet,宠物奖励,reward_pet,宠物奖励,reward_pT1,pal_013,叶泥泥,土,青铜,,3,60,土、坦克、重甲抗压、防御、前排、阻挡
ysbzs-local,2,5,事件节点4,1,node_d02_reward_pet,宠物奖励,reward_pet,宠物奖励,reward_pT1,pal_027,炸蛋鸟,风,青铜,,2,60,风、机动、机动压制、灵活、泛用
ysbzs-local,2,5,事件节点4,2,node_d02_role_tank,前排摊位,shop_offer,前排摊位,role_坦克,pal_015,啼卡尔,土,青铜,6,3,90,土、坦克、重甲抗压、防御、前排、阻挡
ysbzs-local,2,5,事件节点4,2,node_d02_role_tank,前排摊位,shop_offer,前排摊位,role_坦克,pal_015,啼卡尔,土,青铜,6,3,90,土、坦克、重甲抗压、防御、前排、阻挡
ysbzs-local,2,5,事件节点4,2,node_d02_role_tank,前排摊位,shop_offer,前排摊位,role_坦克,pal_013,叶泥泥,土,青铜,6,3,90,土、坦克、重甲抗压、防御、前排、阻挡
ysbzs-local,2,5,事件节点4,3,node_d02_shop_water,水系补货商人,shop_offer,水系补货商人,elem_水,pal_025,鲁米儿,水,青铜,4,2,100,水、治疗、水系牵制、后排、增益
ysbzs-local,2,5,事件节点4,3,node_d02_shop_water,水系补货商人,shop_offer,水系补货商人,elem_水,pal_006,冲浪鸭,水,青铜,4,2,100,水、毒伤牵制、后排、增益
ysbzs-local,2,5,事件节点4,3,node_d02_shop_water,水系补货商人,shop_offer,水系补货商人,elem_水,pal_010,企丸丸,水,青铜,4,2,100,水、治疗、水系牵制、后排、增益
ysbzs-local,2,5,事件节点4,3,node_d02_shop_water,水系补货商人,shop_offer,水系补货商人,elem_水,pal_031,鲨小子,水,青铜,4,2,100,水、治疗、抗压承伤、后排、增益
ysbzs-local,2,5,事件节点4,3,node_d02_shop_water,水系补货商人,shop_offer,水系补货商人,elem_水,pal_031,鲨小子,水,青铜,4,2,100,水、治疗、抗压承伤、后排、增益
ysbzs-local,3,1,事件节点1,1,node_d03_reward_tier2,白银奖励,reward_pet,白银奖励,reward_pT2,pal_053,毛掸儿,水,白银,,1,45,水、控制、水系牵制、牵制、范围、机动
ysbzs-local,3,1,事件节点1,1,node_d03_reward_tier2,白银奖励,reward_pet,白银奖励,reward_pT2,pal_072,融焰娘,火,白银,,1,45,火、召唤、召唤铺场、成长、核心
ysbzs-local,3,1,事件节点1,2,node_d03_tier2_shop,白银预备商人,shop_offer,白银预备商人,tier_pT2,pal_109,雷冥鸟,土,白银,2,1,80,土、机动、土系抗压、灵活、泛用
ysbzs-local,3,1,事件节点1,2,node_d03_tier2_shop,白银预备商人,shop_offer,白银预备商人,tier_pT2,pal_089,狱焰王,火,白银,6,3,80,火、输出、重甲抗压、爆发、前排
ysbzs-local,3,1,事件节点1,2,node_d03_tier2_shop,白银预备商人,shop_offer,白银预备商人,tier_pT2,pal_066,滑水蛇,水,白银,2,1,80,水、治疗、水系牵制、后排、增益
ysbzs-local,3,1,事件节点1,2,node_d03_tier2_shop,白银预备商人,shop_offer,白银预备商人,tier_pT2,pal_087,碧海龙,水,白银,4,2,80,水、治疗、水系牵制、后排、增益
ysbzs-local,3,1,事件节点1,2,node_d03_tier2_shop,白银预备商人,shop_offer,白银预备商人,tier_pT2,pal_047,天擒鸟,风,白银,2,1,80,风、机动、机动压制、灵活、泛用
ysbzs-local,3,1,事件节点1,2,node_d03_tier2_shop,白银预备商人,shop_offer,白银预备商人,tier_pT2,pal_051,女皇蜂,风,白银,2,1,80,风、治疗、远点压制、后排、增益
ysbzs-local,3,1,事件节点1,2,node_d03_tier2_shop,白银预备商人,shop_offer,白银预备商人,tier_pT2,pal_053,毛掸儿,水,白银,2,1,80,水、控制、水系牵制、牵制、范围、机动
ysbzs-local,3,1,事件节点1,3,node_d03_summon_shop,召唤强化商人,shop_offer,召唤强化商人,role_召唤,pal_064,花冠龙,风,白银,4,2,65,风、召唤、召唤铺场、成长、核心
ysbzs-local,3,1,事件节点1,3,node_d03_summon_shop,召唤强化商人,shop_offer,召唤强化商人,role_召唤,pal_035,灌木羊,风,青铜,2,1,90,风、召唤、召唤铺场、成长、核心
ysbzs-local,3,1,事件节点1,3,node_d03_summon_shop,召唤强化商人,shop_offer,召唤强化商人,role_召唤,pal_072,融焰娘,火,白银,2,1,65,火、召唤、召唤铺场、成长、核心
ysbzs-local,3,1,事件节点1,3,node_d03_summon_shop,召唤强化商人,shop_offer,召唤强化商人,role_召唤,pal_072,融焰娘,火,白银,2,1,65,火、召唤、召唤铺场、成长、核心
ysbzs-local,3,1,事件节点1,3,node_d03_summon_shop,召唤强化商人,shop_offer,召唤强化商人,role_召唤,pal_072,融焰娘,火,白银,2,1,65,火、召唤、召唤铺场、成长、核心
ysbzs-local,3,1,事件节点1,3,node_d03_summon_shop,召唤强化商人,shop_offer,召唤强化商人,role_召唤,pal_063,秘斯媞雅,风,白银,2,1,65,风、召唤、召唤铺场、成长、核心
ysbzs-local,3,1,事件节点1,3,node_d03_summon_shop,召唤强化商人,shop_offer,召唤强化商人,role_召唤,pal_035,灌木羊,风,青铜,2,1,90,风、召唤、召唤铺场、成长、核心
ysbzs-local,3,1,事件节点1,3,node_d03_summon_shop,召唤强化商人,shop_offer,召唤强化商人,role_召唤,pal_083,精灵龙,风,白银,4,2,65,风、召唤、召唤铺场、成长、核心
ysbzs-local,3,2,事件节点2,1,node_d03_tier2_shop,白银预备商人,shop_offer,白银预备商人,tier_pT2,pal_057,吹雪狐,水,白银,2,1,80,水、控制、水系牵制、牵制、范围、机动
ysbzs-local,3,2,事件节点2,1,node_d03_tier2_shop,白银预备商人,shop_offer,白银预备商人,tier_pT2,pal_037,紫霞鹿,风,白银,2,1,80,风、机动、机动压制、灵活、泛用
ysbzs-local,3,2,事件节点2,1,node_d03_tier2_shop,白银预备商人,shop_offer,白银预备商人,tier_pT2,pal_045,朋克蜥,土,白银,2,1,80,土、坦克、抗压承伤、防御、前排、阻挡
ysbzs-local,3,2,事件节点2,1,node_d03_tier2_shop,白银预备商人,shop_offer,白银预备商人,tier_pT2,pal_089,狱焰王,火,白银,6,3,80,火、输出、重甲抗压、爆发、前排
ysbzs-local,3,2,事件节点2,1,node_d03_tier2_shop,白银预备商人,shop_offer,白银预备商人,tier_pT2,pal_084,水灵龙,水,白银,4,2,80,水、治疗、水系牵制、后排、增益
ysbzs-local,3,2,事件节点2,1,node_d03_tier2_shop,白银预备商人,shop_offer,白银预备商人,tier_pT2,pal_087,碧海龙,水,白银,4,2,80,水、治疗、水系牵制、后排、增益
ysbzs-local,3,2,事件节点2,2,node_d03_summon_shop,召唤强化商人,shop_offer,召唤强化商人,role_召唤,pal_063,秘斯媞雅,风,白银,2,1,65,风、召唤、召唤铺场、成长、核心
ysbzs-local,3,2,事件节点2,2,node_d03_summon_shop,召唤强化商人,shop_offer,召唤强化商人,role_召唤,pal_064,花冠龙,风,白银,4,2,65,风、召唤、召唤铺场、成长、核心
ysbzs-local,3,2,事件节点2,2,node_d03_summon_shop,召唤强化商人,shop_offer,召唤强化商人,role_召唤,pal_050,骑士蜂,风,白银,4,2,65,风、召唤、召唤铺场、成长、核心
ysbzs-local,3,2,事件节点2,2,node_d03_summon_shop,召唤强化商人,shop_offer,召唤强化商人,role_召唤,pal_083,精灵龙,风,白银,4,2,65,风、召唤、召唤铺场、成长、核心
ysbzs-local,3,2,事件节点2,2,node_d03_summon_shop,召唤强化商人,shop_offer,召唤强化商人,role_召唤,pal_064,花冠龙,风,白银,4,2,65,风、召唤、召唤铺场、成长、核心
ysbzs-local,3,2,事件节点2,2,node_d03_summon_shop,召唤强化商人,shop_offer,召唤强化商人,role_召唤,pal_063,秘斯媞雅,风,白银,2,1,65,风、召唤、召唤铺场、成长、核心
ysbzs-local,3,2,事件节点2,3,node_d03_reward_tier2,白银奖励,reward_pet,白银奖励,reward_pT2,pal_059,严冬鹿,水,白银,,1,45,水、控制、水系牵制、牵制、范围、机动
ysbzs-local,3,2,事件节点2,3,node_d03_reward_tier2,白银奖励,reward_pet,白银奖励,reward_pT2,pal_069,碎岩龟,土,白银,,2,45,土、坦克、抗压承伤、防御、前排、阻挡
ysbzs-local,3,4,事件节点3,1,node_d03_reward_tier2,白银奖励,reward_pet,白银奖励,reward_pT2,pal_053,毛掸儿,水,白银,,1,45,水、控制、水系牵制、牵制、范围、机动
ysbzs-local,3,4,事件节点3,1,node_d03_reward_tier2,白银奖励,reward_pet,白银奖励,reward_pT2,pal_077,燧火鸟,火,白银,,2,45,火、机动、火系压制、灵活、泛用
ysbzs-local,3,4,事件节点3,2,node_d03_tier2_shop,白银预备商人,shop_offer,白银预备商人,tier_pT2,pal_036,美露帕,风,白银,2,1,80,风、经济、远点压制、召唤、发育
ysbzs-local,3,4,事件节点3,2,node_d03_tier2_shop,白银预备商人,shop_offer,白银预备商人,tier_pT2,pal_107,天羽龙,风,白银,6,3,80,风、机动、机动压制、灵活、泛用
ysbzs-local,3,4,事件节点3,2,node_d03_tier2_shop,白银预备商人,shop_offer,白银预备商人,tier_pT2,pal_075,浪刃武士,火,白银,2,1,80,火、输出、火系压制、爆发、前排
ysbzs-local,3,4,事件节点3,2,node_d03_tier2_shop,白银预备商人,shop_offer,白银预备商人,tier_pT2,pal_096,熔岩兽,火,白银,6,3,80,火、坦克、重甲抗压、防御、前排、阻挡
ysbzs-local,3,4,事件节点3,2,node_d03_tier2_shop,白银预备商人,shop_offer,白银预备商人,tier_pT2,pal_052,笑魇猫,风,白银,2,1,80,风、机动、机动压制、灵活、泛用
ysbzs-local,3,4,事件节点3,2,node_d03_tier2_shop,白银预备商人,shop_offer,白银预备商人,tier_pT2,pal_078,暗巫猫,土,白银,2,1,80,土、治疗、土系抗压、后排、增益
ysbzs-local,3,4,事件节点3,3,node_d03_fire_shop,火系强化商人,shop_offer,火系强化商人,elem_火,pal_086,火灵儿,火,白银,2,1,70,火、输出、火系压制、爆发、前排
ysbzs-local,3,4,事件节点3,3,node_d03_fire_shop,火系强化商人,shop_offer,火系强化商人,elem_火,pal_089,狱焰王,火,白银,6,3,70,火、输出、重甲抗压、爆发、前排
ysbzs-local,3,4,事件节点3,3,node_d03_fire_shop,火系强化商人,shop_offer,火系强化商人,elem_火,pal_108,焰煌,火,白银,6,3,70,火、输出、火系重压、爆发、前排
ysbzs-local,3,4,事件节点3,3,node_d03_fire_shop,火系强化商人,shop_offer,火系强化商人,elem_火,pal_072,融焰娘,火,白银,2,1,70,火、召唤、召唤铺场、成长、核心
ysbzs-local,3,4,事件节点3,3,node_d03_fire_shop,火系强化商人,shop_offer,火系强化商人,elem_火,pal_086,火灵儿,火,白银,2,1,70,火、输出、火系压制、爆发、前排
ysbzs-local,3,4,事件节点3,3,node_d03_fire_shop,火系强化商人,shop_offer,火系强化商人,elem_火,pal_075,浪刃武士,火,白银,2,1,70,火、输出、火系压制、爆发、前排
ysbzs-local,3,5,事件节点4,1,node_d03_fire_shop,火系强化商人,shop_offer,火系强化商人,elem_火,pal_096,熔岩兽,火,白银,6,3,70,火、坦克、重甲抗压、防御、前排、阻挡
ysbzs-local,3,5,事件节点4,1,node_d03_fire_shop,火系强化商人,shop_offer,火系强化商人,elem_火,pal_042,炽焰牛,火,白银,2,1,70,火、输出、火系压制、爆发、前排
ysbzs-local,3,5,事件节点4,1,node_d03_fire_shop,火系强化商人,shop_offer,火系强化商人,elem_火,pal_009,燎火鹿,火,青铜,4,2,100,火、输出、火系压制、爆发、前排
ysbzs-local,3,5,事件节点4,1,node_d03_fire_shop,火系强化商人,shop_offer,火系强化商人,elem_火,pal_009,燎火鹿,火,青铜,4,2,100,火、输出、火系压制、爆发、前排
ysbzs-local,3,5,事件节点4,1,node_d03_fire_shop,火系强化商人,shop_offer,火系强化商人,elem_火,pal_058,火麒麟,火,白银,2,1,70,火、输出、火系压制、爆发、前排
ysbzs-local,3,5,事件节点4,1,node_d03_fire_shop,火系强化商人,shop_offer,火系强化商人,elem_火,pal_058,火麒麟,火,白银,2,1,70,火、输出、火系压制、爆发、前排
ysbzs-local,3,5,事件节点4,2,node_d03_summon_shop,召唤强化商人,shop_offer,召唤强化商人,role_召唤,pal_093,连理龙,风,白银,4,2,65,风、召唤、召唤铺场、成长、核心
ysbzs-local,3,5,事件节点4,2,node_d03_summon_shop,召唤强化商人,shop_offer,召唤强化商人,role_召唤,pal_083,精灵龙,风,白银,4,2,65,风、召唤、召唤铺场、成长、核心
ysbzs-local,3,5,事件节点4,2,node_d03_summon_shop,召唤强化商人,shop_offer,召唤强化商人,role_召唤,pal_064,花冠龙,风,白银,4,2,65,风、召唤、召唤铺场、成长、核心
ysbzs-local,3,5,事件节点4,2,node_d03_summon_shop,召唤强化商人,shop_offer,召唤强化商人,role_召唤,pal_072,融焰娘,火,白银,2,1,65,火、召唤、召唤铺场、成长、核心
ysbzs-local,3,5,事件节点4,2,node_d03_summon_shop,召唤强化商人,shop_offer,召唤强化商人,role_召唤,pal_064,花冠龙,风,白银,4,2,65,风、召唤、召唤铺场、成长、核心
ysbzs-local,3,5,事件节点4,2,node_d03_summon_shop,召唤强化商人,shop_offer,召唤强化商人,role_召唤,pal_063,秘斯媞雅,风,白银,2,1,65,风、召唤、召唤铺场、成长、核心
ysbzs-local,3,5,事件节点4,3,node_d03_tier2_shop,白银预备商人,shop_offer,白银预备商人,tier_pT2,pal_078,暗巫猫,土,白银,2,1,80,土、治疗、土系抗压、后排、增益
ysbzs-local,3,5,事件节点4,3,node_d03_tier2_shop,白银预备商人,shop_offer,白银预备商人,tier_pT2,pal_053,毛掸儿,水,白银,2,1,80,水、控制、水系牵制、牵制、范围、机动
ysbzs-local,3,5,事件节点4,3,node_d03_tier2_shop,白银预备商人,shop_offer,白银预备商人,tier_pT2,pal_075,浪刃武士,火,白银,2,1,80,火、输出、火系压制、爆发、前排
ysbzs-local,3,5,事件节点4,3,node_d03_tier2_shop,白银预备商人,shop_offer,白银预备商人,tier_pT2,pal_074,霜歌龙,水,白银,4,2,80,水、控制、水系牵制、牵制、范围、机动
ysbzs-local,3,5,事件节点4,3,node_d03_tier2_shop,白银预备商人,shop_offer,白银预备商人,tier_pT2,pal_065,雷冠龙,风,白银,4,2,80,风、控制、风系牵制、牵制、范围、机动
ysbzs-local,3,5,事件节点4,3,node_d03_tier2_shop,白银预备商人,shop_offer,白银预备商人,tier_pT2,pal_097,寒霜兽,水,白银,6,3,80,水、坦克、重甲抗压、防御、前排、阻挡
ysbzs-local,4,1,事件节点1,1,node_d04_control_shop,控制补强商人,shop_offer,控制补强商人,role_控制,pal_076,迅雷鸟,风,白银,6,3,65,风、控制、风系牵制、牵制、范围、机动
ysbzs-local,4,1,事件节点1,1,node_d04_control_shop,控制补强商人,shop_offer,控制补强商人,role_控制,pal_057,吹雪狐,水,白银,2,1,65,水、控制、水系牵制、牵制、范围、机动
ysbzs-local,4,1,事件节点1,1,node_d04_control_shop,控制补强商人,shop_offer,控制补强商人,role_控制,pal_062,雷鸣童子,风,白银,2,1,65,风、控制、风系牵制、牵制、范围、机动
ysbzs-local,4,1,事件节点1,1,node_d04_control_shop,控制补强商人,shop_offer,控制补强商人,role_控制,pal_057,吹雪狐,水,白银,2,1,65,水、控制、水系牵制、牵制、范围、机动
ysbzs-local,4,1,事件节点1,1,node_d04_control_shop,控制补强商人,shop_offer,控制补强商人,role_控制,pal_092,派克龙,风,白银,4,2,65,风、控制、风系牵制、牵制、范围、机动
ysbzs-local,4,1,事件节点1,1,node_d04_control_shop,控制补强商人,shop_offer,控制补强商人,role_控制,pal_092,派克龙,风,白银,4,2,65,风、控制、风系牵制、牵制、范围、机动
ysbzs-local,4,1,事件节点1,2,node_d04_tier2_shop,白银商会,shop_offer,白银商会,tier_pT2,pal_084,水灵龙,水,白银,4,2,80,水、治疗、水系牵制、后排、增益
ysbzs-local,4,1,事件节点1,2,node_d04_tier2_shop,白银商会,shop_offer,白银商会,tier_pT2,pal_056,雷角马,风,白银,2,1,80,风、控制、风系牵制、牵制、范围、机动
ysbzs-local,4,1,事件节点1,2,node_d04_tier2_shop,白银商会,shop_offer,白银商会,tier_pT2,pal_058,火麒麟,火,白银,2,1,80,火、输出、火系压制、爆发、前排
ysbzs-local,4,1,事件节点1,2,node_d04_tier2_shop,白银商会,shop_offer,白银商会,tier_pT2,pal_078,暗巫猫,土,白银,2,1,80,土、治疗、土系抗压、后排、增益
ysbzs-local,4,1,事件节点1,2,node_d04_tier2_shop,白银商会,shop_offer,白银商会,tier_pT2,pal_048,羽箭射手,风,白银,2,1,80,风、治疗、远点压制、后排、增益
ysbzs-local,4,1,事件节点1,2,node_d04_tier2_shop,白银商会,shop_offer,白银商会,tier_pT2,pal_057,吹雪狐,水,白银,2,1,80,水、控制、水系牵制、牵制、范围、机动
ysbzs-local,4,1,事件节点1,2,node_d04_tier2_shop,白银商会,shop_offer,白银商会,tier_pT2,pal_104,铠格力斯,土,白银,2,1,80,土、坦克、抗压承伤、防御、前排、阻挡
ysbzs-local,4,1,事件节点1,2,node_d04_tier2_shop,白银商会,shop_offer,白银商会,tier_pT2,pal_085,水灵儿,水,白银,2,1,80,水、治疗、水系牵制、后排、增益
ysbzs-local,4,1,事件节点1,2,node_d04_tier2_shop,白银商会,shop_offer,白银商会,tier_pT2,pal_062,雷鸣童子,风,白银,2,1,80,风、控制、风系牵制、牵制、范围、机动
ysbzs-local,4,1,事件节点1,3,node_d04_reward_tier2,白银奖励,reward_pet,白银奖励,reward_pT2,pal_050,骑士蜂,风,白银,,2,45,风、召唤、召唤铺场、成长、核心
ysbzs-local,4,1,事件节点1,3,node_d04_reward_tier2,白银奖励,reward_pet,白银奖励,reward_pT2,pal_103,绿苔绒怪,风,白银,,1,45,风、坦克、抗压承伤、防御、前排、阻挡
ysbzs-local,4,2,事件节点2,1,node_d04_control_shop,控制补强商人,shop_offer,控制补强商人,role_控制,pal_057,吹雪狐,水,白银,2,1,65,水、控制、水系牵制、牵制、范围、机动
ysbzs-local,4,2,事件节点2,1,node_d04_control_shop,控制补强商人,shop_offer,控制补强商人,role_控制,pal_057,吹雪狐,水,白银,2,1,65,水、控制、水系牵制、牵制、范围、机动
ysbzs-local,4,2,事件节点2,1,node_d04_control_shop,控制补强商人,shop_offer,控制补强商人,role_控制,pal_054,毛老爹,水,白银,2,1,65,水、控制、水系牵制、牵制、范围、机动
ysbzs-local,4,2,事件节点2,1,node_d04_control_shop,控制补强商人,shop_offer,控制补强商人,role_控制,pal_076,迅雷鸟,风,白银,6,3,65,风、控制、风系牵制、牵制、范围、机动
ysbzs-local,4,2,事件节点2,1,node_d04_control_shop,控制补强商人,shop_offer,控制补强商人,role_控制,pal_076,迅雷鸟,风,白银,6,3,65,风、控制、风系牵制、牵制、范围、机动
ysbzs-local,4,2,事件节点2,1,node_d04_control_shop,控制补强商人,shop_offer,控制补强商人,role_控制,pal_054,毛老爹,水,白银,2,1,65,水、控制、水系牵制、牵制、范围、机动
ysbzs-local,4,2,事件节点2,2,node_d04_tier2_shop,白银商会,shop_offer,白银商会,tier_pT2,pal_052,笑魇猫,风,白银,2,1,80,风、机动、机动压制、灵活、泛用
ysbzs-local,4,2,事件节点2,2,node_d04_tier2_shop,白银商会,shop_offer,白银商会,tier_pT2,pal_108,焰煌,火,白银,6,3,80,火、输出、火系重压、爆发、前排
ysbzs-local,4,2,事件节点2,2,node_d04_tier2_shop,白银商会,shop_offer,白银商会,tier_pT2,pal_049,铁拳猿,风,白银,2,1,80,风、坦克、抗压承伤、防御、前排、阻挡
ysbzs-local,4,2,事件节点2,2,node_d04_tier2_shop,白银商会,shop_offer,白银商会,tier_pT2,pal_043,趴趴鲶,土,白银,2,1,80,土、治疗、土系抗压、后排、增益
ysbzs-local,4,2,事件节点2,2,node_d04_tier2_shop,白银商会,shop_offer,白银商会,tier_pT2,pal_104,铠格力斯,土,白银,2,1,80,土、坦克、抗压承伤、防御、前排、阻挡
ysbzs-local,4,2,事件节点2,2,node_d04_tier2_shop,白银商会,shop_offer,白银商会,tier_pT2,pal_083,精灵龙,风,白银,4,2,80,风、召唤、召唤铺场、成长、核心
ysbzs-local,4,2,事件节点2,2,node_d04_tier2_shop,白银商会,shop_offer,白银商会,tier_pT2,pal_080,踏春兔,风,白银,2,1,80,风、治疗、远点压制、后排、增益
ysbzs-local,4,2,事件节点2,3,node_d04_reward_tier2,白银奖励,reward_pet,白银奖励,reward_pT2,pal_053,毛掸儿,水,白银,,1,45,水、控制、水系牵制、牵制、范围、机动
ysbzs-local,4,2,事件节点2,3,node_d04_reward_tier2,白银奖励,reward_pet,白银奖励,reward_pT2,pal_084,水灵龙,水,白银,,2,45,水、治疗、水系牵制、后排、增益
ysbzs-local,4,4,事件节点3,1,node_d04_wind_shop,风系补货商人,shop_offer,风系补货商人,elem_风,pal_093,连理龙,风,白银,4,2,70,风、召唤、召唤铺场、成长、核心
ysbzs-local,4,4,事件节点3,1,node_d04_wind_shop,风系补货商人,shop_offer,风系补货商人,elem_风,pal_048,羽箭射手,风,白银,2,1,70,风、治疗、远点压制、后排、增益
ysbzs-local,4,4,事件节点3,1,node_d04_wind_shop,风系补货商人,shop_offer,风系补货商人,elem_风,pal_103,绿苔绒怪,风,白银,2,1,70,风、坦克、抗压承伤、防御、前排、阻挡
ysbzs-local,4,4,事件节点3,1,node_d04_wind_shop,风系补货商人,shop_offer,风系补货商人,elem_风,pal_065,雷冠龙,风,白银,4,2,70,风、控制、风系牵制、牵制、范围、机动
ysbzs-local,4,4,事件节点3,1,node_d04_wind_shop,风系补货商人,shop_offer,风系补货商人,elem_风,pal_033,叶胖达,风,青铜,4,2,100,风、坦克、抗压承伤、防御、前排、阻挡
ysbzs-local,4,4,事件节点3,1,node_d04_wind_shop,风系补货商人,shop_offer,风系补货商人,elem_风,pal_003,皮皮鸡,风,青铜,2,1,100,风、削弱远点、发育
ysbzs-local,4,4,事件节点3,1,node_d04_wind_shop,风系补货商人,shop_offer,风系补货商人,elem_风,pal_049,铁拳猿,风,白银,2,1,70,风、坦克、抗压承伤、防御、前排、阻挡
ysbzs-local,4,4,事件节点3,2,node_d04_control_shop,控制补强商人,shop_offer,控制补强商人,role_控制,pal_059,严冬鹿,水,白银,2,1,65,水、控制、水系牵制、牵制、范围、机动
ysbzs-local,4,4,事件节点3,2,node_d04_control_shop,控制补强商人,shop_offer,控制补强商人,role_控制,pal_012,电棘鼠,风,青铜,4,2,90,风、控制、风系牵制、牵制、范围、机动
ysbzs-local,4,4,事件节点3,2,node_d04_control_shop,控制补强商人,shop_offer,控制补强商人,role_控制,pal_053,毛掸儿,水,白银,2,1,65,水、控制、水系牵制、牵制、范围、机动
ysbzs-local,4,4,事件节点3,2,node_d04_control_shop,控制补强商人,shop_offer,控制补强商人,role_控制,pal_054,毛老爹,水,白银,2,1,65,水、控制、水系牵制、牵制、范围、机动
ysbzs-local,4,4,事件节点3,2,node_d04_control_shop,控制补强商人,shop_offer,控制补强商人,role_控制,pal_076,迅雷鸟,风,白银,6,3,65,风、控制、风系牵制、牵制、范围、机动
ysbzs-local,4,4,事件节点3,2,node_d04_control_shop,控制补强商人,shop_offer,控制补强商人,role_控制,pal_092,派克龙,风,白银,4,2,65,风、控制、风系牵制、牵制、范围、机动
ysbzs-local,4,4,事件节点3,3,node_d04_reward_tier2,白银奖励,reward_pet,白银奖励,reward_pT2,pal_047,天擒鸟,风,白银,,1,45,风、机动、机动压制、灵活、泛用
ysbzs-local,4,4,事件节点3,3,node_d04_reward_tier2,白银奖励,reward_pet,白银奖励,reward_pT2,pal_071,博爱蜥,风,白银,,1,45,风、治疗、远点压制、后排、增益
ysbzs-local,4,5,事件节点4,1,node_d04_tier2_shop,白银商会,shop_offer,白银商会,tier_pT2,pal_097,寒霜兽,水,白银,6,3,80,水、坦克、重甲抗压、防御、前排、阻挡
ysbzs-local,4,5,事件节点4,1,node_d04_tier2_shop,白银商会,shop_offer,白银商会,tier_pT2,pal_068,噬魂兽,土,白银,4,2,80,土、坦克、抗压承伤、防御、前排、阻挡
ysbzs-local,4,5,事件节点4,1,node_d04_tier2_shop,白银商会,shop_offer,白银商会,tier_pT2,pal_054,毛老爹,水,白银,2,1,80,水、控制、水系牵制、牵制、范围、机动
ysbzs-local,4,5,事件节点4,1,node_d04_tier2_shop,白银商会,shop_offer,白银商会,tier_pT2,pal_049,铁拳猿,风,白银,2,1,80,风、坦克、抗压承伤、防御、前排、阻挡
ysbzs-local,4,5,事件节点4,1,node_d04_tier2_shop,白银商会,shop_offer,白银商会,tier_pT2,pal_040,炎魔羊,火,白银,4,2,80,火、输出、火系压制、爆发、前排
ysbzs-local,4,5,事件节点4,1,node_d04_tier2_shop,白银商会,shop_offer,白银商会,tier_pT2,pal_095,花丽娜,风,白银,2,1,80,风、治疗、远点压制、后排、增益
ysbzs-local,4,5,事件节点4,2,node_d04_wind_shop,风系补货商人,shop_offer,风系补货商人,elem_风,pal_098,君王美露帕,风,白银,4,2,70,风、经济、夹击牵制、召唤、发育
ysbzs-local,4,5,事件节点4,2,node_d04_wind_shop,风系补货商人,shop_offer,风系补货商人,elem_风,pal_003,皮皮鸡,风,青铜,2,1,100,风、削弱远点、发育
ysbzs-local,4,5,事件节点4,2,node_d04_wind_shop,风系补货商人,shop_offer,风系补货商人,elem_风,pal_052,笑魇猫,风,白银,2,1,70,风、机动、机动压制、灵活、泛用
ysbzs-local,4,5,事件节点4,2,node_d04_wind_shop,风系补货商人,shop_offer,风系补货商人,elem_风,pal_002,捣蛋猫,风,青铜,2,1,100,风、抗压单点、前排、阻挡
ysbzs-local,4,5,事件节点4,2,node_d04_wind_shop,风系补货商人,shop_offer,风系补货商人,elem_风,pal_065,雷冠龙,风,白银,4,2,70,风、控制、风系牵制、牵制、范围、机动
ysbzs-local,4,5,事件节点4,2,node_d04_wind_shop,风系补货商人,shop_offer,风系补货商人,elem_风,pal_047,天擒鸟,风,白银,2,1,70,风、机动、机动压制、灵活、泛用
ysbzs-local,4,5,事件节点4,2,node_d04_wind_shop,风系补货商人,shop_offer,风系补货商人,elem_风,pal_004,翠叶鼠,风,青铜,2,1,100,风、远点压制、后排、增益
ysbzs-local,4,5,事件节点4,2,node_d04_wind_shop,风系补货商人,shop_offer,风系补货商人,elem_风,pal_052,笑魇猫,风,白银,2,1,70,风、机动、机动压制、灵活、泛用
ysbzs-local,4,5,事件节点4,3,node_d04_control_shop,控制补强商人,shop_offer,控制补强商人,role_控制,pal_060,霹雳犬,风,白银,2,1,65,风、控制、风系牵制、牵制、范围、机动
ysbzs-local,4,5,事件节点4,3,node_d04_control_shop,控制补强商人,shop_offer,控制补强商人,role_控制,pal_012,电棘鼠,风,青铜,4,2,90,风、控制、风系牵制、牵制、范围、机动
ysbzs-local,4,5,事件节点4,3,node_d04_control_shop,控制补强商人,shop_offer,控制补强商人,role_控制,pal_055,疾旋鼬,水,白银,4,2,65,水、控制、召唤铺场、牵制、范围、机动
ysbzs-local,4,5,事件节点4,3,node_d04_control_shop,控制补强商人,shop_offer,控制补强商人,role_控制,pal_053,毛掸儿,水,白银,2,1,65,水、控制、水系牵制、牵制、范围、机动
ysbzs-local,4,5,事件节点4,3,node_d04_control_shop,控制补强商人,shop_offer,控制补强商人,role_控制,pal_057,吹雪狐,水,白银,2,1,65,水、控制、水系牵制、牵制、范围、机动
ysbzs-local,4,5,事件节点4,3,node_d04_control_shop,控制补强商人,shop_offer,控制补强商人,role_控制,pal_065,雷冠龙,风,白银,4,2,65,风、控制、风系牵制、牵制、范围、机动
ysbzs-local,4,5,事件节点4,3,node_d04_control_shop,控制补强商人,shop_offer,控制补强商人,role_控制,pal_057,吹雪狐,水,白银,2,1,65,水、控制、水系牵制、牵制、范围、机动
ysbzs-local,5,1,事件节点1,1,node_d05_water_shop,水系治疗商人,shop_offer,水系治疗商人,elem_水,pal_025,鲁米儿,水,青铜,4,2,100,水、治疗、水系牵制、后排、增益
ysbzs-local,5,1,事件节点1,1,node_d05_water_shop,水系治疗商人,shop_offer,水系治疗商人,elem_水,pal_025,鲁米儿,水,青铜,4,2,100,水、治疗、水系牵制、后排、增益
ysbzs-local,5,1,事件节点1,1,node_d05_water_shop,水系治疗商人,shop_offer,水系治疗商人,elem_水,pal_091,佩克龙,水,白银,6,3,70,水、坦克、重甲抗压、防御、前排、阻挡
ysbzs-local,5,1,事件节点1,1,node_d05_water_shop,水系治疗商人,shop_offer,水系治疗商人,elem_水,pal_010,企丸丸,水,青铜,4,2,100,水、治疗、水系牵制、后排、增益
ysbzs-local,5,1,事件节点1,1,node_d05_water_shop,水系治疗商人,shop_offer,水系治疗商人,elem_水,pal_102,白绒雪怪,水,白银,2,1,70,水、坦克、抗压承伤、防御、前排、阻挡
ysbzs-local,5,1,事件节点1,2,node_d05_reward_tier2,白银精选奖励,reward_pet,白银精选奖励,reward_pT2,pal_053,毛掸儿,水,白银,,1,45,水、控制、水系牵制、牵制、范围、机动
ysbzs-local,5,1,事件节点1,2,node_d05_reward_tier2,白银精选奖励,reward_pet,白银精选奖励,reward_pT2,pal_061,苍焰狼,火,白银,,2,45,火、输出、成长输出、爆发、前排
ysbzs-local,5,1,事件节点1,3,node_d05_heal_shop,治疗补强商人,shop_offer,治疗补强商人,role_治疗,pal_087,碧海龙,水,白银,4,2,65,水、治疗、水系牵制、后排、增益
ysbzs-local,5,1,事件节点1,3,node_d05_heal_shop,治疗补强商人,shop_offer,治疗补强商人,role_治疗,pal_078,暗巫猫,土,白银,2,1,65,土、治疗、土系抗压、后排、增益
ysbzs-local,5,1,事件节点1,3,node_d05_heal_shop,治疗补强商人,shop_offer,治疗补强商人,role_治疗,pal_011,企丸王,水,青铜,4,2,90,水、治疗、水系牵制、后排、增益
ysbzs-local,5,1,事件节点1,3,node_d05_heal_shop,治疗补强商人,shop_offer,治疗补强商人,role_治疗,pal_025,鲁米儿,水,青铜,4,2,90,水、治疗、水系牵制、后排、增益
ysbzs-local,5,1,事件节点1,3,node_d05_heal_shop,治疗补强商人,shop_offer,治疗补强商人,role_治疗,pal_016,壶小象,水,青铜,6,3,90,水、治疗、水系控场、后排、增益
ysbzs-local,5,2,事件节点2,1,node_d05_tier2_shop,白银精选商会,shop_offer,白银精选商会,tier_pT2,pal_046,月镰魔,土,白银,4,2,80,土、坦克、抗压承伤、防御、前排、阻挡
ysbzs-local,5,2,事件节点2,1,node_d05_tier2_shop,白银精选商会,shop_offer,白银精选商会,tier_pT2,pal_069,碎岩龟,土,白银,4,2,80,土、坦克、抗压承伤、防御、前排、阻挡
ysbzs-local,5,2,事件节点2,1,node_d05_tier2_shop,白银精选商会,shop_offer,白银精选商会,tier_pT2,pal_061,苍焰狼,火,白银,4,2,80,火、输出、成长输出、爆发、前排
ysbzs-local,5,2,事件节点2,1,node_d05_tier2_shop,白银精选商会,shop_offer,白银精选商会,tier_pT2,pal_100,森猛犸,风,白银,6,3,80,风、坦克、重甲抗压、防御、前排、阻挡
ysbzs-local,5,2,事件节点2,1,node_d05_tier2_shop,白银精选商会,shop_offer,白银精选商会,tier_pT2,pal_042,炽焰牛,火,白银,2,1,80,火、输出、火系压制、爆发、前排
ysbzs-local,5,2,事件节点2,2,node_d05_reward_tier2,白银精选奖励,reward_pet,白银精选奖励,reward_pT2,pal_087,碧海龙,水,白银,,2,45,水、治疗、水系牵制、后排、增益
ysbzs-local,5,2,事件节点2,2,node_d05_reward_tier2,白银精选奖励,reward_pet,白银精选奖励,reward_pT2,pal_110,魔渊龙,土,白银,,3,45,土、坦克、诅咒牵制、防御、前排、阻挡
ysbzs-local,5,2,事件节点2,3,node_d05_water_shop,水系治疗商人,shop_offer,水系治疗商人,elem_水,pal_006,冲浪鸭,水,青铜,4,2,100,水、毒伤牵制、后排、增益
ysbzs-local,5,2,事件节点2,3,node_d05_water_shop,水系治疗商人,shop_offer,水系治疗商人,elem_水,pal_091,佩克龙,水,白银,6,3,70,水、坦克、重甲抗压、防御、前排、阻挡
ysbzs-local,5,2,事件节点2,3,node_d05_water_shop,水系治疗商人,shop_offer,水系治疗商人,elem_水,pal_087,碧海龙,水,白银,4,2,70,水、治疗、水系牵制、后排、增益
ysbzs-local,5,2,事件节点2,3,node_d05_water_shop,水系治疗商人,shop_offer,水系治疗商人,elem_水,pal_113,覆海龙,水,黄金,4,2,32,水、治疗、水系牵制、后排、增益
ysbzs-local,5,2,事件节点2,3,node_d05_water_shop,水系治疗商人,shop_offer,水系治疗商人,elem_水,pal_054,毛老爹,水,白银,2,1,70,水、控制、水系牵制、牵制、范围、机动
ysbzs-local,5,4,事件节点3,1,node_d05_heal_shop,治疗补强商人,shop_offer,治疗补强商人,role_治疗,pal_084,水灵龙,水,白银,4,2,65,水、治疗、水系牵制、后排、增益
ysbzs-local,5,4,事件节点3,1,node_d05_heal_shop,治疗补强商人,shop_offer,治疗补强商人,role_治疗,pal_084,水灵龙,水,白银,4,2,65,水、治疗、水系牵制、后排、增益
ysbzs-local,5,4,事件节点3,1,node_d05_heal_shop,治疗补强商人,shop_offer,治疗补强商人,role_治疗,pal_010,企丸丸,水,青铜,4,2,90,水、治疗、水系牵制、后排、增益
ysbzs-local,5,4,事件节点3,1,node_d05_heal_shop,治疗补强商人,shop_offer,治疗补强商人,role_治疗,pal_118,百合女王,风,黄金,2,1,30,风、治疗、远点压制、后排、增益
ysbzs-local,5,4,事件节点3,1,node_d05_heal_shop,治疗补强商人,shop_offer,治疗补强商人,role_治疗,pal_025,鲁米儿,水,青铜,4,2,90,水、治疗、水系牵制、后排、增益
ysbzs-local,5,4,事件节点3,1,node_d05_heal_shop,治疗补强商人,shop_offer,治疗补强商人,role_治疗,pal_041,幻悦蝶,风,白银,2,1,65,风、治疗、远点压制、后排、增益
ysbzs-local,5,4,事件节点3,2,node_d05_tier2_shop,白银精选商会,shop_offer,白银精选商会,tier_pT2,pal_072,融焰娘,火,白银,2,1,80,火、召唤、召唤铺场、成长、核心
ysbzs-local,5,4,事件节点3,2,node_d05_tier2_shop,白银精选商会,shop_offer,白银精选商会,tier_pT2,pal_089,狱焰王,火,白银,6,3,80,火、输出、重甲抗压、爆发、前排
ysbzs-local,5,4,事件节点3,2,node_d05_tier2_shop,白银精选商会,shop_offer,白银精选商会,tier_pT2,pal_102,白绒雪怪,水,白银,2,1,80,水、坦克、抗压承伤、防御、前排、阻挡
ysbzs-local,5,4,事件节点3,2,node_d05_tier2_shop,白银精选商会,shop_offer,白银精选商会,tier_pT2,pal_104,铠格力斯,土,白银,2,1,80,土、坦克、抗压承伤、防御、前排、阻挡
ysbzs-local,5,4,事件节点3,2,node_d05_tier2_shop,白银精选商会,shop_offer,白银精选商会,tier_pT2,pal_059,严冬鹿,水,白银,2,1,80,水、控制、水系牵制、牵制、范围、机动
ysbzs-local,5,4,事件节点3,2,node_d05_tier2_shop,白银精选商会,shop_offer,白银精选商会,tier_pT2,pal_064,花冠龙,风,白银,4,2,80,风、召唤、召唤铺场、成长、核心
ysbzs-local,5,4,事件节点3,2,node_d05_tier2_shop,白银精选商会,shop_offer,白银精选商会,tier_pT2,pal_062,雷鸣童子,风,白银,2,1,80,风、控制、风系牵制、牵制、范围、机动
ysbzs-local,5,4,事件节点3,3,node_d05_water_shop,水系治疗商人,shop_offer,水系治疗商人,elem_水,pal_101,雪猛犸,水,白银,6,3,70,水、坦克、重甲抗压、防御、前排、阻挡
ysbzs-local,5,4,事件节点3,3,node_d05_water_shop,水系治疗商人,shop_offer,水系治疗商人,elem_水,pal_087,碧海龙,水,白银,4,2,70,水、治疗、水系牵制、后排、增益
ysbzs-local,5,4,事件节点3,3,node_d05_water_shop,水系治疗商人,shop_offer,水系治疗商人,elem_水,pal_006,冲浪鸭,水,青铜,4,2,100,水、毒伤牵制、后排、增益
ysbzs-local,5,4,事件节点3,3,node_d05_water_shop,水系治疗商人,shop_offer,水系治疗商人,elem_水,pal_031,鲨小子,水,青铜,4,2,100,水、治疗、抗压承伤、后排、增益
ysbzs-local,5,4,事件节点3,3,node_d05_water_shop,水系治疗商人,shop_offer,水系治疗商人,elem_水,pal_057,吹雪狐,水,白银,2,1,70,水、控制、水系牵制、牵制、范围、机动
ysbzs-local,5,5,事件节点4,1,node_d05_water_shop,水系治疗商人,shop_offer,水系治疗商人,elem_水,pal_055,疾旋鼬,水,白银,4,2,70,水、控制、召唤铺场、牵制、范围、机动
ysbzs-local,5,5,事件节点4,1,node_d05_water_shop,水系治疗商人,shop_offer,水系治疗商人,elem_水,pal_011,企丸王,水,青铜,4,2,100,水、治疗、水系牵制、后排、增益
ysbzs-local,5,5,事件节点4,1,node_d05_water_shop,水系治疗商人,shop_offer,水系治疗商人,elem_水,pal_057,吹雪狐,水,白银,2,1,70,水、控制、水系牵制、牵制、范围、机动
ysbzs-local,5,5,事件节点4,1,node_d05_water_shop,水系治疗商人,shop_offer,水系治疗商人,elem_水,pal_016,壶小象,水,青铜,6,3,100,水、治疗、水系控场、后排、增益
ysbzs-local,5,5,事件节点4,1,node_d05_water_shop,水系治疗商人,shop_offer,水系治疗商人,elem_水,pal_102,白绒雪怪,水,白银,2,1,70,水、坦克、抗压承伤、防御、前排、阻挡
ysbzs-local,5,5,事件节点4,1,node_d05_water_shop,水系治疗商人,shop_offer,水系治疗商人,elem_水,pal_053,毛掸儿,水,白银,2,1,70,水、控制、水系牵制、牵制、范围、机动
ysbzs-local,5,5,事件节点4,2,node_d05_heal_shop,治疗补强商人,shop_offer,治疗补强商人,role_治疗,pal_051,女皇蜂,风,白银,2,1,65,风、治疗、远点压制、后排、增益
ysbzs-local,5,5,事件节点4,2,node_d05_heal_shop,治疗补强商人,shop_offer,治疗补强商人,role_治疗,pal_084,水灵龙,水,白银,4,2,65,水、治疗、水系牵制、后排、增益
ysbzs-local,5,5,事件节点4,2,node_d05_heal_shop,治疗补强商人,shop_offer,治疗补强商人,role_治疗,pal_051,女皇蜂,风,白银,2,1,65,风、治疗、远点压制、后排、增益
ysbzs-local,5,5,事件节点4,2,node_d05_heal_shop,治疗补强商人,shop_offer,治疗补强商人,role_治疗,pal_080,踏春兔,风,白银,2,1,65,风、治疗、远点压制、后排、增益
ysbzs-local,5,5,事件节点4,2,node_d05_heal_shop,治疗补强商人,shop_offer,治疗补强商人,role_治疗,pal_080,踏春兔,风,白银,2,1,65,风、治疗、远点压制、后排、增益
ysbzs-local,5,5,事件节点4,2,node_d05_heal_shop,治疗补强商人,shop_offer,治疗补强商人,role_治疗,pal_010,企丸丸,水,青铜,4,2,90,水、治疗、水系牵制、后排、增益
ysbzs-local,5,5,事件节点4,2,node_d05_heal_shop,治疗补强商人,shop_offer,治疗补强商人,role_治疗,pal_025,鲁米儿,水,青铜,4,2,90,水、治疗、水系牵制、后排、增益
ysbzs-local,5,5,事件节点4,3,node_d05_tier2_shop,白银精选商会,shop_offer,白银精选商会,tier_pT2,pal_040,炎魔羊,火,白银,4,2,80,火、输出、火系压制、爆发、前排
ysbzs-local,5,5,事件节点4,3,node_d05_tier2_shop,白银精选商会,shop_offer,白银精选商会,tier_pT2,pal_093,连理龙,风,白银,4,2,80,风、召唤、召唤铺场、成长、核心
ysbzs-local,5,5,事件节点4,3,node_d05_tier2_shop,白银精选商会,shop_offer,白银精选商会,tier_pT2,pal_045,朋克蜥,土,白银,2,1,80,土、坦克、抗压承伤、防御、前排、阻挡
ysbzs-local,5,5,事件节点4,3,node_d05_tier2_shop,白银精选商会,shop_offer,白银精选商会,tier_pT2,pal_069,碎岩龟,土,白银,4,2,80,土、坦克、抗压承伤、防御、前排、阻挡
ysbzs-local,5,5,事件节点4,3,node_d05_tier2_shop,白银精选商会,shop_offer,白银精选商会,tier_pT2,pal_036,美露帕,风,白银,2,1,80,风、经济、远点压制、召唤、发育
ysbzs-local,5,5,事件节点4,3,node_d05_tier2_shop,白银精选商会,shop_offer,白银精选商会,tier_pT2,pal_054,毛老爹,水,白银,2,1,80,水、控制、水系牵制、牵制、范围、机动
ysbzs-local,5,5,事件节点4,3,node_d05_tier2_shop,白银精选商会,shop_offer,白银精选商会,tier_pT2,pal_039,姬小兔,风,白银,2,1,80,风、坦克、抗压承伤、防御、前排、阻挡
ysbzs-local,6,1,事件节点1,1,node_d06_fire_shop,火系爆发商人,shop_offer,火系爆发商人,elem_火,pal_072,融焰娘,火,白银,2,1,70,火、召唤、召唤铺场、成长、核心
ysbzs-local,6,1,事件节点1,1,node_d06_fire_shop,火系爆发商人,shop_offer,火系爆发商人,elem_火,pal_058,火麒麟,火,白银,2,1,70,火、输出、火系压制、爆发、前排
ysbzs-local,6,1,事件节点1,1,node_d06_fire_shop,火系爆发商人,shop_offer,火系爆发商人,elem_火,pal_108,焰煌,火,白银,6,3,70,火、输出、火系重压、爆发、前排
ysbzs-local,6,1,事件节点1,1,node_d06_fire_shop,火系爆发商人,shop_offer,火系爆发商人,elem_火,pal_005,火绒狐,火,青铜,4,2,100,火、抗压承伤、爆发、前排
ysbzs-local,6,1,事件节点1,1,node_d06_fire_shop,火系爆发商人,shop_offer,火系爆发商人,elem_火,pal_120,荷鲁斯,火,黄金,2,1,32,火、机动、火系压制、灵活、泛用
ysbzs-local,6,1,事件节点1,1,node_d06_fire_shop,火系爆发商人,shop_offer,火系爆发商人,elem_火,pal_040,炎魔羊,火,白银,4,2,70,火、输出、火系压制、爆发、前排
ysbzs-local,6,1,事件节点1,2,node_d06_reward_tier3,黄金奖励,reward_pet,黄金奖励,reward_pT3,pal_126,唤夜兽,土,黄金,,2,28,土、控制、土系抗压、牵制、范围、机动
ysbzs-local,6,1,事件节点1,2,node_d06_reward_tier3,黄金奖励,reward_pet,黄金奖励,reward_pT3,pal_114,腾炎龙,火,黄金,,3,28,火、输出、火系重压、爆发、前排
ysbzs-local,6,1,事件节点1,3,node_d06_output_shop,输出补强商人,shop_offer,输出补强商人,role_输出,pal_009,燎火鹿,火,青铜,4,2,90,火、输出、火系压制、爆发、前排
ysbzs-local,6,1,事件节点1,3,node_d06_output_shop,输出补强商人,shop_offer,输出补强商人,role_输出,pal_042,炽焰牛,火,白银,2,1,65,火、输出、火系压制、爆发、前排
ysbzs-local,6,1,事件节点1,3,node_d06_output_shop,输出补强商人,shop_offer,输出补强商人,role_输出,pal_108,焰煌,火,白银,6,3,65,火、输出、火系重压、爆发、前排
ysbzs-local,6,1,事件节点1,3,node_d06_output_shop,输出补强商人,shop_offer,输出补强商人,role_输出,pal_089,狱焰王,火,白银,6,3,65,火、输出、重甲抗压、爆发、前排
ysbzs-local,6,1,事件节点1,3,node_d06_output_shop,输出补强商人,shop_offer,输出补强商人,role_输出,pal_058,火麒麟,火,白银,2,1,65,火、输出、火系压制、爆发、前排
ysbzs-local,6,2,事件节点2,1,node_d06_output_shop,输出补强商人,shop_offer,输出补强商人,role_输出,pal_009,燎火鹿,火,青铜,4,2,90,火、输出、火系压制、爆发、前排
ysbzs-local,6,2,事件节点2,1,node_d06_output_shop,输出补强商人,shop_offer,输出补强商人,role_输出,pal_079,焰巫狐,火,白银,4,2,65,火、输出、成长输出、爆发、前排
ysbzs-local,6,2,事件节点2,1,node_d06_output_shop,输出补强商人,shop_offer,输出补强商人,role_输出,pal_040,炎魔羊,火,白银,4,2,65,火、输出、火系压制、爆发、前排
ysbzs-local,6,2,事件节点2,1,node_d06_output_shop,输出补强商人,shop_offer,输出补强商人,role_输出,pal_079,焰巫狐,火,白银,4,2,65,火、输出、成长输出、爆发、前排
ysbzs-local,6,2,事件节点2,1,node_d06_output_shop,输出补强商人,shop_offer,输出补强商人,role_输出,pal_058,火麒麟,火,白银,2,1,65,火、输出、火系压制、爆发、前排
ysbzs-local,6,2,事件节点2,1,node_d06_output_shop,输出补强商人,shop_offer,输出补强商人,role_输出,pal_075,浪刃武士,火,白银,2,1,65,火、输出、火系压制、爆发、前排
ysbzs-local,6,2,事件节点2,2,node_d06_tier3_shop,黄金商会,shop_offer,黄金商会,tier_pT3,pal_125,唤冬兽,水,黄金,4,2,45,水、控制、水系牵制、牵制、范围、机动
ysbzs-local,6,2,事件节点2,2,node_d06_tier3_shop,黄金商会,shop_offer,黄金商会,tier_pT3,pal_126,唤夜兽,土,黄金,4,2,45,土、控制、土系抗压、牵制、范围、机动
ysbzs-local,6,2,事件节点2,2,node_d06_tier3_shop,黄金商会,shop_offer,黄金商会,tier_pT3,pal_112,阿努比斯,土,黄金,2,1,45,土、输出、土系抗压、爆发、前排
ysbzs-local,6,2,事件节点2,2,node_d06_tier3_shop,黄金商会,shop_offer,黄金商会,tier_pT3,pal_112,阿努比斯,土,黄金,2,1,45,土、输出、土系抗压、爆发、前排
ysbzs-local,6,2,事件节点2,2,node_d06_tier3_shop,黄金商会,shop_offer,黄金商会,tier_pT3,pal_123,圣光骑士,风,黄金,6,3,45,风、坦克、重甲抗压、防御、前排、阻挡
ysbzs-local,6,2,事件节点2,2,node_d06_tier3_shop,黄金商会,shop_offer,黄金商会,tier_pT3,pal_119,黑月女王,土,黄金,2,1,45,土、治疗、土系抗压、后排、增益
ysbzs-local,6,2,事件节点2,3,node_d06_reward_tier3,黄金奖励,reward_pet,黄金奖励,reward_pT3,pal_124,混沌骑士,土,黄金,,3,28,土、坦克、重甲抗压、防御、前排、阻挡
ysbzs-local,6,2,事件节点2,3,node_d06_reward_tier3,黄金奖励,reward_pet,黄金奖励,reward_pT3,pal_114,腾炎龙,火,黄金,,3,28,火、输出、火系重压、爆发、前排
ysbzs-local,6,4,事件节点3,1,node_d06_reward_tier3,黄金奖励,reward_pet,黄金奖励,reward_pT3,pal_127,空涡龙,风,黄金,,2,28,风、机动、机动压制、灵活、泛用
ysbzs-local,6,4,事件节点3,1,node_d06_reward_tier3,黄金奖励,reward_pet,黄金奖励,reward_pT3,pal_119,黑月女王,土,黄金,,1,28,土、治疗、土系抗压、后排、增益
ysbzs-local,6,4,事件节点3,2,node_d06_tier3_shop,黄金商会,shop_offer,黄金商会,tier_pT3,pal_113,覆海龙,水,黄金,4,2,45,水、治疗、水系牵制、后排、增益
ysbzs-local,6,4,事件节点3,2,node_d06_tier3_shop,黄金商会,shop_offer,黄金商会,tier_pT3,pal_124,混沌骑士,土,黄金,6,3,45,土、坦克、重甲抗压、防御、前排、阻挡
ysbzs-local,6,4,事件节点3,2,node_d06_tier3_shop,黄金商会,shop_offer,黄金商会,tier_pT3,pal_119,黑月女王,土,黄金,2,1,45,土、治疗、土系抗压、后排、增益
ysbzs-local,6,4,事件节点3,2,node_d06_tier3_shop,黄金商会,shop_offer,黄金商会,tier_pT3,pal_111,冥铠蝎,土,黄金,2,1,45,土、坦克、抗压承伤、防御、前排、阻挡
ysbzs-local,6,4,事件节点3,2,node_d06_tier3_shop,黄金商会,shop_offer,黄金商会,tier_pT3,pal_117,暴电熊,风,黄金,2,1,45,风、控制、风系牵制、牵制、范围、机动
ysbzs-local,6,4,事件节点3,2,node_d06_tier3_shop,黄金商会,shop_offer,黄金商会,tier_pT3,pal_125,唤冬兽,水,黄金,4,2,45,水、控制、水系牵制、牵制、范围、机动
ysbzs-local,6,4,事件节点3,3,node_d06_output_shop,输出补强商人,shop_offer,输出补强商人,role_输出,pal_108,焰煌,火,白银,6,3,65,火、输出、火系重压、爆发、前排
ysbzs-local,6,4,事件节点3,3,node_d06_output_shop,输出补强商人,shop_offer,输出补强商人,role_输出,pal_009,燎火鹿,火,青铜,4,2,90,火、输出、火系压制、爆发、前排
ysbzs-local,6,4,事件节点3,3,node_d06_output_shop,输出补强商人,shop_offer,输出补强商人,role_输出,pal_009,燎火鹿,火,青铜,4,2,90,火、输出、火系压制、爆发、前排
ysbzs-local,6,4,事件节点3,3,node_d06_output_shop,输出补强商人,shop_offer,输出补强商人,role_输出,pal_112,阿努比斯,土,黄金,2,1,30,土、输出、土系抗压、爆发、前排
ysbzs-local,6,4,事件节点3,3,node_d06_output_shop,输出补强商人,shop_offer,输出补强商人,role_输出,pal_040,炎魔羊,火,白银,4,2,65,火、输出、火系压制、爆发、前排
ysbzs-local,6,5,事件节点4,1,node_d06_tier3_shop,黄金商会,shop_offer,黄金商会,tier_pT3,pal_126,唤夜兽,土,黄金,4,2,45,土、控制、土系抗压、牵制、范围、机动
ysbzs-local,6,5,事件节点4,1,node_d06_tier3_shop,黄金商会,shop_offer,黄金商会,tier_pT3,pal_117,暴电熊,风,黄金,2,1,45,风、控制、风系牵制、牵制、范围、机动
ysbzs-local,6,5,事件节点4,1,node_d06_tier3_shop,黄金商会,shop_offer,黄金商会,tier_pT3,pal_123,圣光骑士,风,黄金,6,3,45,风、坦克、重甲抗压、防御、前排、阻挡
ysbzs-local,6,5,事件节点4,1,node_d06_tier3_shop,黄金商会,shop_offer,黄金商会,tier_pT3,pal_116,清雀,水,黄金,2,1,45,水、治疗、水系牵制、后排、增益
ysbzs-local,6,5,事件节点4,1,node_d06_tier3_shop,黄金商会,shop_offer,黄金商会,tier_pT3,pal_116,清雀,水,黄金,2,1,45,水、治疗、水系牵制、后排、增益
ysbzs-local,6,5,事件节点4,1,node_d06_tier3_shop,黄金商会,shop_offer,黄金商会,tier_pT3,pal_127,空涡龙,风,黄金,4,2,45,风、机动、机动压制、灵活、泛用
ysbzs-local,6,5,事件节点4,2,node_d06_output_shop,输出补强商人,shop_offer,输出补强商人,role_输出,pal_108,焰煌,火,白银,6,3,65,火、输出、火系重压、爆发、前排
ysbzs-local,6,5,事件节点4,2,node_d06_output_shop,输出补强商人,shop_offer,输出补强商人,role_输出,pal_040,炎魔羊,火,白银,4,2,65,火、输出、火系压制、爆发、前排
ysbzs-local,6,5,事件节点4,2,node_d06_output_shop,输出补强商人,shop_offer,输出补强商人,role_输出,pal_108,焰煌,火,白银,6,3,65,火、输出、火系重压、爆发、前排
ysbzs-local,6,5,事件节点4,2,node_d06_output_shop,输出补强商人,shop_offer,输出补强商人,role_输出,pal_079,焰巫狐,火,白银,4,2,65,火、输出、成长输出、爆发、前排
ysbzs-local,6,5,事件节点4,3,node_d06_reward_tier3,黄金奖励,reward_pet,黄金奖励,reward_pT3,pal_111,冥铠蝎,土,黄金,,1,28,土、坦克、抗压承伤、防御、前排、阻挡
ysbzs-local,6,5,事件节点4,3,node_d06_reward_tier3,黄金奖励,reward_pet,黄金奖励,reward_pT3,pal_113,覆海龙,水,黄金,,2,28,水、治疗、水系牵制、后排、增益
ysbzs-local,7,1,事件节点1,1,node_d07_earth_shop,土系防线商人,shop_offer,土系防线商人,elem_土,pal_023,勾魂鱿,土,青铜,4,2,100,土、坦克、抗压承伤、防御、前排、阻挡
ysbzs-local,7,1,事件节点1,1,node_d07_earth_shop,土系防线商人,shop_offer,土系防线商人,elem_土,pal_015,啼卡尔,土,青铜,6,3,100,土、坦克、重甲抗压、防御、前排、阻挡
ysbzs-local,7,1,事件节点1,1,node_d07_earth_shop,土系防线商人,shop_offer,土系防线商人,elem_土,pal_017,瞅什魔,土,青铜,6,3,100,土、坦克、重甲抗压、防御、前排、阻挡
ysbzs-local,7,1,事件节点1,1,node_d07_earth_shop,土系防线商人,shop_offer,土系防线商人,elem_土,pal_021,露娜蒂,土,青铜,4,2,100,土、坦克、抗压承伤、防御、前排、阻挡
ysbzs-local,7,1,事件节点1,2,node_d07_tank_shop,前排补强商人,shop_offer,前排补强商人,role_坦克,pal_111,冥铠蝎,土,黄金,2,1,30,土、坦克、抗压承伤、防御、前排、阻挡
ysbzs-local,7,1,事件节点1,2,node_d07_tank_shop,前排补强商人,shop_offer,前排补强商人,role_坦克,pal_008,新叶猿,风,青铜,4,2,90,风、坦克、抗压承伤、防御、前排、阻挡
ysbzs-local,7,1,事件节点1,2,node_d07_tank_shop,前排补强商人,shop_offer,前排补强商人,role_坦克,pal_088,冰棘兽,水,白银,4,2,65,水、坦克、抗压承伤、防御、前排、阻挡
ysbzs-local,7,1,事件节点1,2,node_d07_tank_shop,前排补强商人,shop_offer,前排补强商人,role_坦克,pal_110,魔渊龙,土,白银,6,3,65,土、坦克、诅咒牵制、防御、前排、阻挡
ysbzs-local,7,1,事件节点1,2,node_d07_tank_shop,前排补强商人,shop_offer,前排补强商人,role_坦克,pal_069,碎岩龟,土,白银,4,2,65,土、坦克、抗压承伤、防御、前排、阻挡
ysbzs-local,7,1,事件节点1,3,node_d07_tier3_shop,黄金精选商会,shop_offer,黄金精选商会,tier_pT3,pal_126,唤夜兽,土,黄金,4,2,45,土、控制、土系抗压、牵制、范围、机动
ysbzs-local,7,1,事件节点1,3,node_d07_tier3_shop,黄金精选商会,shop_offer,黄金精选商会,tier_pT3,pal_112,阿努比斯,土,黄金,2,1,45,土、输出、土系抗压、爆发、前排
ysbzs-local,7,1,事件节点1,3,node_d07_tier3_shop,黄金精选商会,shop_offer,黄金精选商会,tier_pT3,pal_122,异构格里芬,土,黄金,2,1,45,土、机动、土系抗压、灵活、泛用
ysbzs-local,7,1,事件节点1,3,node_d07_tier3_shop,黄金精选商会,shop_offer,黄金精选商会,tier_pT3,pal_112,阿努比斯,土,黄金,2,1,45,土、输出、土系抗压、爆发、前排
ysbzs-local,7,1,事件节点1,3,node_d07_tier3_shop,黄金精选商会,shop_offer,黄金精选商会,tier_pT3,pal_124,混沌骑士,土,黄金,6,3,45,土、坦克、重甲抗压、防御、前排、阻挡
ysbzs-local,7,1,事件节点1,3,node_d07_tier3_shop,黄金精选商会,shop_offer,黄金精选商会,tier_pT3,pal_125,唤冬兽,水,黄金,4,2,45,水、控制、水系牵制、牵制、范围、机动
ysbzs-local,7,2,事件节点2,1,node_d07_tier3_shop,黄金精选商会,shop_offer,黄金精选商会,tier_pT3,pal_123,圣光骑士,风,黄金,6,3,45,风、坦克、重甲抗压、防御、前排、阻挡
ysbzs-local,7,2,事件节点2,1,node_d07_tier3_shop,黄金精选商会,shop_offer,黄金精选商会,tier_pT3,pal_115,朱雀,火,黄金,2,1,45,火、机动、火系压制、灵活、泛用
ysbzs-local,7,2,事件节点2,1,node_d07_tier3_shop,黄金精选商会,shop_offer,黄金精选商会,tier_pT3,pal_126,唤夜兽,土,黄金,4,2,45,土、控制、土系抗压、牵制、范围、机动
ysbzs-local,7,2,事件节点2,1,node_d07_tier3_shop,黄金精选商会,shop_offer,黄金精选商会,tier_pT3,pal_114,腾炎龙,火,黄金,6,3,45,火、输出、火系重压、爆发、前排
ysbzs-local,7,2,事件节点2,1,node_d07_tier3_shop,黄金精选商会,shop_offer,黄金精选商会,tier_pT3,pal_118,百合女王,风,黄金,2,1,45,风、治疗、远点压制、后排、增益
ysbzs-local,7,2,事件节点2,2,node_d07_reward_tier3,黄金精选奖励,reward_pet,黄金精选奖励,reward_pT3,pal_115,朱雀,火,黄金,,1,28,火、机动、火系压制、灵活、泛用
ysbzs-local,7,2,事件节点2,2,node_d07_reward_tier3,黄金精选奖励,reward_pet,黄金精选奖励,reward_pT3,pal_123,圣光骑士,风,黄金,,3,28,风、坦克、重甲抗压、防御、前排、阻挡
ysbzs-local,7,2,事件节点2,3,node_d07_tank_shop,前排补强商人,shop_offer,前排补强商人,role_坦克,pal_067,流沙蛇,土,白银,4,2,65,土、坦克、召唤铺场、防御、前排、阻挡
ysbzs-local,7,2,事件节点2,3,node_d07_tank_shop,前排补强商人,shop_offer,前排补强商人,role_坦克,pal_045,朋克蜥,土,白银,2,1,65,土、坦克、抗压承伤、防御、前排、阻挡
ysbzs-local,7,2,事件节点2,3,node_d07_tank_shop,前排补强商人,shop_offer,前排补强商人,role_坦克,pal_020,草莽猪,土,青铜,4,2,90,土、坦克、抗压承伤、防御、前排、阻挡
ysbzs-local,7,2,事件节点2,3,node_d07_tank_shop,前排补强商人,shop_offer,前排补强商人,role_坦克,pal_123,圣光骑士,风,黄金,6,3,30,风、坦克、重甲抗压、防御、前排、阻挡
ysbzs-local,7,2,事件节点2,3,node_d07_tank_shop,前排补强商人,shop_offer,前排补强商人,role_坦克,pal_104,铠格力斯,土,白银,2,1,65,土、坦克、抗压承伤、防御、前排、阻挡
ysbzs-local,7,2,事件节点2,3,node_d07_tank_shop,前排补强商人,shop_offer,前排补强商人,role_坦克,pal_049,铁拳猿,风,白银,2,1,65,风、坦克、抗压承伤、防御、前排、阻挡
ysbzs-local,7,4,事件节点3,1,node_d07_tank_shop,前排补强商人,shop_offer,前排补强商人,role_坦克,pal_045,朋克蜥,土,白银,2,1,65,土、坦克、抗压承伤、防御、前排、阻挡
ysbzs-local,7,4,事件节点3,1,node_d07_tank_shop,前排补强商人,shop_offer,前排补强商人,role_坦克,pal_015,啼卡尔,土,青铜,6,3,90,土、坦克、重甲抗压、防御、前排、阻挡
ysbzs-local,7,4,事件节点3,1,node_d07_tank_shop,前排补强商人,shop_offer,前排补强商人,role_坦克,pal_099,冰帝美露帕,水,白银,2,1,65,水、坦克、抗压承伤、防御、前排、阻挡
ysbzs-local,7,4,事件节点3,1,node_d07_tank_shop,前排补强商人,shop_offer,前排补强商人,role_坦克,pal_022,遁地鼠,土,青铜,4,2,90,土、坦克、抗压承伤、防御、前排、阻挡
ysbzs-local,7,4,事件节点3,1,node_d07_tank_shop,前排补强商人,shop_offer,前排补强商人,role_坦克,pal_020,草莽猪,土,青铜,4,2,90,土、坦克、抗压承伤、防御、前排、阻挡
ysbzs-local,7,4,事件节点3,1,node_d07_tank_shop,前排补强商人,shop_offer,前排补强商人,role_坦克,pal_044,黑鸦隐士,土,白银,2,1,65,土、坦克、抗压承伤、防御、前排、阻挡
ysbzs-local,7,4,事件节点3,2,node_d07_tier3_shop,黄金精选商会,shop_offer,黄金精选商会,tier_pT3,pal_113,覆海龙,水,黄金,4,2,45,水、治疗、水系牵制、后排、增益
ysbzs-local,7,4,事件节点3,2,node_d07_tier3_shop,黄金精选商会,shop_offer,黄金精选商会,tier_pT3,pal_114,腾炎龙,火,黄金,6,3,45,火、输出、火系重压、爆发、前排
ysbzs-local,7,4,事件节点3,2,node_d07_tier3_shop,黄金精选商会,shop_offer,黄金精选商会,tier_pT3,pal_114,腾炎龙,火,黄金,6,3,45,火、输出、火系重压、爆发、前排
ysbzs-local,7,4,事件节点3,2,node_d07_tier3_shop,黄金精选商会,shop_offer,黄金精选商会,tier_pT3,pal_112,阿努比斯,土,黄金,2,1,45,土、输出、土系抗压、爆发、前排
ysbzs-local,7,4,事件节点3,2,node_d07_tier3_shop,黄金精选商会,shop_offer,黄金精选商会,tier_pT3,pal_122,异构格里芬,土,黄金,2,1,45,土、机动、土系抗压、灵活、泛用
ysbzs-local,7,4,事件节点3,3,node_d07_earth_shop,土系防线商人,shop_offer,土系防线商人,elem_土,pal_124,混沌骑士,土,黄金,6,3,32,土、坦克、重甲抗压、防御、前排、阻挡
ysbzs-local,7,4,事件节点3,3,node_d07_earth_shop,土系防线商人,shop_offer,土系防线商人,elem_土,pal_020,草莽猪,土,青铜,4,2,100,土、坦克、抗压承伤、防御、前排、阻挡
ysbzs-local,7,4,事件节点3,3,node_d07_earth_shop,土系防线商人,shop_offer,土系防线商人,elem_土,pal_109,雷冥鸟,土,白银,2,1,70,土、机动、土系抗压、灵活、泛用
ysbzs-local,7,4,事件节点3,3,node_d07_earth_shop,土系防线商人,shop_offer,土系防线商人,elem_土,pal_021,露娜蒂,土,青铜,4,2,100,土、坦克、抗压承伤、防御、前排、阻挡
ysbzs-local,7,4,事件节点3,3,node_d07_earth_shop,土系防线商人,shop_offer,土系防线商人,elem_土,pal_070,猫蝠怪,土,白银,4,2,70,土、坦克、抗压承伤、防御、前排、阻挡
ysbzs-local,7,5,事件节点4,1,node_d07_reward_tier3,黄金精选奖励,reward_pet,黄金精选奖励,reward_pT3,pal_113,覆海龙,水,黄金,,2,28,水、治疗、水系牵制、后排、增益
ysbzs-local,7,5,事件节点4,1,node_d07_reward_tier3,黄金精选奖励,reward_pet,黄金精选奖励,reward_pT3,pal_115,朱雀,火,黄金,,1,28,火、机动、火系压制、灵活、泛用
ysbzs-local,7,5,事件节点4,2,node_d07_tier3_shop,黄金精选商会,shop_offer,黄金精选商会,tier_pT3,pal_112,阿努比斯,土,黄金,2,1,45,土、输出、土系抗压、爆发、前排
ysbzs-local,7,5,事件节点4,2,node_d07_tier3_shop,黄金精选商会,shop_offer,黄金精选商会,tier_pT3,pal_126,唤夜兽,土,黄金,4,2,45,土、控制、土系抗压、牵制、范围、机动
ysbzs-local,7,5,事件节点4,2,node_d07_tier3_shop,黄金精选商会,shop_offer,黄金精选商会,tier_pT3,pal_124,混沌骑士,土,黄金,6,3,45,土、坦克、重甲抗压、防御、前排、阻挡
ysbzs-local,7,5,事件节点4,2,node_d07_tier3_shop,黄金精选商会,shop_offer,黄金精选商会,tier_pT3,pal_118,百合女王,风,黄金,2,1,45,风、治疗、远点压制、后排、增益
ysbzs-local,7,5,事件节点4,2,node_d07_tier3_shop,黄金精选商会,shop_offer,黄金精选商会,tier_pT3,pal_113,覆海龙,水,黄金,4,2,45,水、治疗、水系牵制、后排、增益
ysbzs-local,7,5,事件节点4,2,node_d07_tier3_shop,黄金精选商会,shop_offer,黄金精选商会,tier_pT3,pal_112,阿努比斯,土,黄金,2,1,45,土、输出、土系抗压、爆发、前排
ysbzs-local,7,5,事件节点4,3,node_d07_tank_shop,前排补强商人,shop_offer,前排补强商人,role_坦克,pal_046,月镰魔,土,白银,4,2,65,土、坦克、抗压承伤、防御、前排、阻挡
ysbzs-local,7,5,事件节点4,3,node_d07_tank_shop,前排补强商人,shop_offer,前排补强商人,role_坦克,pal_022,遁地鼠,土,青铜,4,2,90,土、坦克、抗压承伤、防御、前排、阻挡
ysbzs-local,7,5,事件节点4,3,node_d07_tank_shop,前排补强商人,shop_offer,前排补强商人,role_坦克,pal_013,叶泥泥,土,青铜,6,3,90,土、坦克、重甲抗压、防御、前排、阻挡
ysbzs-local,7,5,事件节点4,3,node_d07_tank_shop,前排补强商人,shop_offer,前排补强商人,role_坦克,pal_017,瞅什魔,土,青铜,6,3,90,土、坦克、重甲抗压、防御、前排、阻挡
ysbzs-local,8,1,事件节点1,1,node_d08_tier3_shop,黄金连锁商会,shop_offer,黄金连锁商会,tier_pT3,pal_113,覆海龙,水,黄金,4,2,45,水、治疗、水系牵制、后排、增益
ysbzs-local,8,1,事件节点1,1,node_d08_tier3_shop,黄金连锁商会,shop_offer,黄金连锁商会,tier_pT3,pal_123,圣光骑士,风,黄金,6,3,45,风、坦克、重甲抗压、防御、前排、阻挡
ysbzs-local,8,1,事件节点1,1,node_d08_tier3_shop,黄金连锁商会,shop_offer,黄金连锁商会,tier_pT3,pal_116,清雀,水,黄金,2,1,45,水、治疗、水系牵制、后排、增益
ysbzs-local,8,1,事件节点1,1,node_d08_tier3_shop,黄金连锁商会,shop_offer,黄金连锁商会,tier_pT3,pal_120,荷鲁斯,火,黄金,2,1,45,火、机动、火系压制、灵活、泛用
ysbzs-local,8,1,事件节点1,1,node_d08_tier3_shop,黄金连锁商会,shop_offer,黄金连锁商会,tier_pT3,pal_123,圣光骑士,风,黄金,6,3,45,风、坦克、重甲抗压、防御、前排、阻挡
ysbzs-local,8,1,事件节点1,2,node_d08_reward_tier3,黄金连锁奖励,reward_pet,黄金连锁奖励,reward_pT3,pal_125,唤冬兽,水,黄金,,2,28,水、控制、水系牵制、牵制、范围、机动
ysbzs-local,8,1,事件节点1,2,node_d08_reward_tier3,黄金连锁奖励,reward_pet,黄金连锁奖励,reward_pT3,pal_113,覆海龙,水,黄金,,2,28,水、治疗、水系牵制、后排、增益
ysbzs-local,8,1,事件节点1,3,node_d08_wind_shop,风系连锁商人,shop_offer,风系连锁商人,elem_风,pal_027,炸蛋鸟,风,青铜,4,2,100,风、机动、机动压制、灵活、泛用
ysbzs-local,8,1,事件节点1,3,node_d08_wind_shop,风系连锁商人,shop_offer,风系连锁商人,elem_风,pal_026,猎狼,风,青铜,4,2,100,风、机动、抗压承伤、灵活、泛用
ysbzs-local,8,1,事件节点1,3,node_d08_wind_shop,风系连锁商人,shop_offer,风系连锁商人,elem_风,pal_003,皮皮鸡,风,青铜,2,1,100,风、削弱远点、发育
ysbzs-local,8,1,事件节点1,3,node_d08_wind_shop,风系连锁商人,shop_offer,风系连锁商人,elem_风,pal_103,绿苔绒怪,风,白银,2,1,70,风、坦克、抗压承伤、防御、前排、阻挡
ysbzs-local,8,1,事件节点1,3,node_d08_wind_shop,风系连锁商人,shop_offer,风系连锁商人,elem_风,pal_048,羽箭射手,风,白银,2,1,70,风、治疗、远点压制、后排、增益
ysbzs-local,8,1,事件节点1,3,node_d08_wind_shop,风系连锁商人,shop_offer,风系连锁商人,elem_风,pal_030,荆棘魔仙,风,青铜,6,3,100,风、治疗、风系铺场、后排、增益
ysbzs-local,8,2,事件节点2,1,node_d08_economy_shop,经济补强商人,shop_offer,经济补强商人,role_经济,pal_029,波霸牛,风,青铜,6,3,90,风、经济、诅咒牵制、召唤、发育
ysbzs-local,8,2,事件节点2,1,node_d08_economy_shop,经济补强商人,shop_offer,经济补强商人,role_经济,pal_034,棉花糖,风,青铜,2,1,90,风、经济、远点压制、召唤、发育
ysbzs-local,8,2,事件节点2,1,node_d08_economy_shop,经济补强商人,shop_offer,经济补强商人,role_经济,pal_034,棉花糖,风,青铜,2,1,90,风、经济、远点压制、召唤、发育
ysbzs-local,8,2,事件节点2,1,node_d08_economy_shop,经济补强商人,shop_offer,经济补强商人,role_经济,pal_018,米露菲,风,青铜,6,3,90,风、经济、风系铺场、召唤、发育
ysbzs-local,8,2,事件节点2,1,node_d08_economy_shop,经济补强商人,shop_offer,经济补强商人,role_经济,pal_024,喵丝特,土,青铜,4,2,90,土、经济、土系抗压、召唤、发育
ysbzs-local,8,2,事件节点2,2,node_d08_wind_shop,风系连锁商人,shop_offer,风系连锁商人,elem_风,pal_048,羽箭射手,风,白银,2,1,70,风、治疗、远点压制、后排、增益
ysbzs-local,8,2,事件节点2,2,node_d08_wind_shop,风系连锁商人,shop_offer,风系连锁商人,elem_风,pal_007,伏特喵,风,青铜,4,2,100,风、抗压承伤、前排、阻挡
ysbzs-local,8,2,事件节点2,2,node_d08_wind_shop,风系连锁商人,shop_offer,风系连锁商人,elem_风,pal_081,薇莉塔,风,白银,2,1,70,风、治疗、远点压制、后排、增益
ysbzs-local,8,2,事件节点2,2,node_d08_wind_shop,风系连锁商人,shop_offer,风系连锁商人,elem_风,pal_038,疾风隼,风,白银,2,1,70,风、机动、机动压制、灵活、泛用
ysbzs-local,8,2,事件节点2,2,node_d08_wind_shop,风系连锁商人,shop_offer,风系连锁商人,elem_风,pal_098,君王美露帕,风,白银,4,2,70,风、经济、夹击牵制、召唤、发育
ysbzs-local,8,2,事件节点2,2,node_d08_wind_shop,风系连锁商人,shop_offer,风系连锁商人,elem_风,pal_026,猎狼,风,青铜,4,2,100,风、机动、抗压承伤、灵活、泛用
ysbzs-local,8,2,事件节点2,2,node_d08_wind_shop,风系连锁商人,shop_offer,风系连锁商人,elem_风,pal_037,紫霞鹿,风,白银,2,1,70,风、机动、机动压制、灵活、泛用
ysbzs-local,8,2,事件节点2,3,node_d08_tier3_shop,黄金连锁商会,shop_offer,黄金连锁商会,tier_pT3,pal_123,圣光骑士,风,黄金,6,3,45,风、坦克、重甲抗压、防御、前排、阻挡
ysbzs-local,8,2,事件节点2,3,node_d08_tier3_shop,黄金连锁商会,shop_offer,黄金连锁商会,tier_pT3,pal_121,波鲁杰克斯,风,黄金,4,2,45,风、控制、风系牵制、牵制、范围、机动
ysbzs-local,8,2,事件节点2,3,node_d08_tier3_shop,黄金连锁商会,shop_offer,黄金连锁商会,tier_pT3,pal_119,黑月女王,土,黄金,2,1,45,土、治疗、土系抗压、后排、增益
ysbzs-local,8,2,事件节点2,3,node_d08_tier3_shop,黄金连锁商会,shop_offer,黄金连锁商会,tier_pT3,pal_117,暴电熊,风,黄金,2,1,45,风、控制、风系牵制、牵制、范围、机动
ysbzs-local,8,2,事件节点2,3,node_d08_tier3_shop,黄金连锁商会,shop_offer,黄金连锁商会,tier_pT3,pal_118,百合女王,风,黄金,2,1,45,风、治疗、远点压制、后排、增益
ysbzs-local,8,2,事件节点2,3,node_d08_tier3_shop,黄金连锁商会,shop_offer,黄金连锁商会,tier_pT3,pal_126,唤夜兽,土,黄金,4,2,45,土、控制、土系抗压、牵制、范围、机动
ysbzs-local,8,4,事件节点3,1,node_d08_tier3_shop,黄金连锁商会,shop_offer,黄金连锁商会,tier_pT3,pal_117,暴电熊,风,黄金,2,1,45,风、控制、风系牵制、牵制、范围、机动
ysbzs-local,8,4,事件节点3,1,node_d08_tier3_shop,黄金连锁商会,shop_offer,黄金连锁商会,tier_pT3,pal_125,唤冬兽,水,黄金,4,2,45,水、控制、水系牵制、牵制、范围、机动
ysbzs-local,8,4,事件节点3,1,node_d08_tier3_shop,黄金连锁商会,shop_offer,黄金连锁商会,tier_pT3,pal_127,空涡龙,风,黄金,4,2,45,风、机动、机动压制、灵活、泛用
ysbzs-local,8,4,事件节点3,1,node_d08_tier3_shop,黄金连锁商会,shop_offer,黄金连锁商会,tier_pT3,pal_123,圣光骑士,风,黄金,6,3,45,风、坦克、重甲抗压、防御、前排、阻挡
ysbzs-local,8,4,事件节点3,1,node_d08_tier3_shop,黄金连锁商会,shop_offer,黄金连锁商会,tier_pT3,pal_118,百合女王,风,黄金,2,1,45,风、治疗、远点压制、后排、增益
ysbzs-local,8,4,事件节点3,1,node_d08_tier3_shop,黄金连锁商会,shop_offer,黄金连锁商会,tier_pT3,pal_115,朱雀,火,黄金,2,1,45,火、机动、火系压制、灵活、泛用
ysbzs-local,8,4,事件节点3,2,node_d08_reward_tier3,黄金连锁奖励,reward_pet,黄金连锁奖励,reward_pT3,pal_126,唤夜兽,土,黄金,,2,28,土、控制、土系抗压、牵制、范围、机动
ysbzs-local,8,4,事件节点3,2,node_d08_reward_tier3,黄金连锁奖励,reward_pet,黄金连锁奖励,reward_pT3,pal_111,冥铠蝎,土,黄金,,1,28,土、坦克、抗压承伤、防御、前排、阻挡
ysbzs-local,8,4,事件节点3,3,node_d08_economy_shop,经济补强商人,shop_offer,经济补强商人,role_经济,pal_034,棉花糖,风,青铜,2,1,90,风、经济、远点压制、召唤、发育
ysbzs-local,8,4,事件节点3,3,node_d08_economy_shop,经济补强商人,shop_offer,经济补强商人,role_经济,pal_029,波霸牛,风,青铜,6,3,90,风、经济、诅咒牵制、召唤、发育
ysbzs-local,8,4,事件节点3,3,node_d08_economy_shop,经济补强商人,shop_offer,经济补强商人,role_经济,pal_024,喵丝特,土,青铜,4,2,90,土、经济、土系抗压、召唤、发育
ysbzs-local,8,4,事件节点3,3,node_d08_economy_shop,经济补强商人,shop_offer,经济补强商人,role_经济,pal_029,波霸牛,风,青铜,6,3,90,风、经济、诅咒牵制、召唤、发育
ysbzs-local,8,4,事件节点3,3,node_d08_economy_shop,经济补强商人,shop_offer,经济补强商人,role_经济,pal_036,美露帕,风,白银,2,1,65,风、经济、远点压制、召唤、发育
ysbzs-local,8,5,事件节点4,1,node_d08_economy_shop,经济补强商人,shop_offer,经济补强商人,role_经济,pal_098,君王美露帕,风,白银,4,2,65,风、经济、夹击牵制、召唤、发育
ysbzs-local,8,5,事件节点4,1,node_d08_economy_shop,经济补强商人,shop_offer,经济补强商人,role_经济,pal_029,波霸牛,风,青铜,6,3,90,风、经济、诅咒牵制、召唤、发育
ysbzs-local,8,5,事件节点4,1,node_d08_economy_shop,经济补强商人,shop_offer,经济补强商人,role_经济,pal_034,棉花糖,风,青铜,2,1,90,风、经济、远点压制、召唤、发育
ysbzs-local,8,5,事件节点4,1,node_d08_economy_shop,经济补强商人,shop_offer,经济补强商人,role_经济,pal_029,波霸牛,风,青铜,6,3,90,风、经济、诅咒牵制、召唤、发育
ysbzs-local,8,5,事件节点4,1,node_d08_economy_shop,经济补强商人,shop_offer,经济补强商人,role_经济,pal_036,美露帕,风,白银,2,1,65,风、经济、远点压制、召唤、发育
ysbzs-local,8,5,事件节点4,2,node_d08_tier3_shop,黄金连锁商会,shop_offer,黄金连锁商会,tier_pT3,pal_127,空涡龙,风,黄金,4,2,45,风、机动、机动压制、灵活、泛用
ysbzs-local,8,5,事件节点4,2,node_d08_tier3_shop,黄金连锁商会,shop_offer,黄金连锁商会,tier_pT3,pal_122,异构格里芬,土,黄金,2,1,45,土、机动、土系抗压、灵活、泛用
ysbzs-local,8,5,事件节点4,2,node_d08_tier3_shop,黄金连锁商会,shop_offer,黄金连锁商会,tier_pT3,pal_111,冥铠蝎,土,黄金,2,1,45,土、坦克、抗压承伤、防御、前排、阻挡
ysbzs-local,8,5,事件节点4,2,node_d08_tier3_shop,黄金连锁商会,shop_offer,黄金连锁商会,tier_pT3,pal_124,混沌骑士,土,黄金,6,3,45,土、坦克、重甲抗压、防御、前排、阻挡
ysbzs-local,8,5,事件节点4,2,node_d08_tier3_shop,黄金连锁商会,shop_offer,黄金连锁商会,tier_pT3,pal_120,荷鲁斯,火,黄金,2,1,45,火、机动、火系压制、灵活、泛用
ysbzs-local,8,5,事件节点4,2,node_d08_tier3_shop,黄金连锁商会,shop_offer,黄金连锁商会,tier_pT3,pal_127,空涡龙,风,黄金,4,2,45,风、机动、机动压制、灵活、泛用
ysbzs-local,8,5,事件节点4,3,node_d08_reward_tier3,黄金连锁奖励,reward_pet,黄金连锁奖励,reward_pT3,pal_121,波鲁杰克斯,风,黄金,,2,28,风、控制、风系牵制、牵制、范围、机动
ysbzs-local,8,5,事件节点4,3,node_d08_reward_tier3,黄金连锁奖励,reward_pet,黄金连锁奖励,reward_pT3,pal_127,空涡龙,风,黄金,,2,28,风、机动、机动压制、灵活、泛用
ysbzs-local,9,1,事件节点1,1,node_d09_reward_tier3,终局前黄金奖励,reward_pet,终局前黄金奖励,reward_pT3,pal_122,异构格里芬,土,黄金,,1,28,土、机动、土系抗压、灵活、泛用
ysbzs-local,9,1,事件节点1,1,node_d09_reward_tier3,终局前黄金奖励,reward_pet,终局前黄金奖励,reward_pT3,pal_121,波鲁杰克斯,风,黄金,,2,28,风、控制、风系牵制、牵制、范围、机动
ysbzs-local,9,1,事件节点1,2,node_d09_tier3_shop,终局前黄金商会,shop_offer,终局前黄金商会,tier_pT3,pal_120,荷鲁斯,火,黄金,2,1,45,火、机动、火系压制、灵活、泛用
ysbzs-local,9,1,事件节点1,2,node_d09_tier3_shop,终局前黄金商会,shop_offer,终局前黄金商会,tier_pT3,pal_121,波鲁杰克斯,风,黄金,4,2,45,风、控制、风系牵制、牵制、范围、机动
ysbzs-local,9,1,事件节点1,2,node_d09_tier3_shop,终局前黄金商会,shop_offer,终局前黄金商会,tier_pT3,pal_113,覆海龙,水,黄金,4,2,45,水、治疗、水系牵制、后排、增益
ysbzs-local,9,1,事件节点1,2,node_d09_tier3_shop,终局前黄金商会,shop_offer,终局前黄金商会,tier_pT3,pal_124,混沌骑士,土,黄金,6,3,45,土、坦克、重甲抗压、防御、前排、阻挡
ysbzs-local,9,1,事件节点1,2,node_d09_tier3_shop,终局前黄金商会,shop_offer,终局前黄金商会,tier_pT3,pal_119,黑月女王,土,黄金,2,1,45,土、治疗、土系抗压、后排、增益
ysbzs-local,9,1,事件节点1,2,node_d09_tier3_shop,终局前黄金商会,shop_offer,终局前黄金商会,tier_pT3,pal_118,百合女王,风,黄金,2,1,45,风、治疗、远点压制、后排、增益
ysbzs-local,9,1,事件节点1,3,node_d09_summon_shop,召唤终局商人,shop_offer,召唤终局商人,role_召唤,pal_072,融焰娘,火,白银,2,1,65,火、召唤、召唤铺场、成长、核心
ysbzs-local,9,1,事件节点1,3,node_d09_summon_shop,召唤终局商人,shop_offer,召唤终局商人,role_召唤,pal_064,花冠龙,风,白银,4,2,65,风、召唤、召唤铺场、成长、核心
ysbzs-local,9,1,事件节点1,3,node_d09_summon_shop,召唤终局商人,shop_offer,召唤终局商人,role_召唤,pal_063,秘斯媞雅,风,白银,2,1,65,风、召唤、召唤铺场、成长、核心
ysbzs-local,9,1,事件节点1,3,node_d09_summon_shop,召唤终局商人,shop_offer,召唤终局商人,role_召唤,pal_072,融焰娘,火,白银,2,1,65,火、召唤、召唤铺场、成长、核心
ysbzs-local,9,1,事件节点1,3,node_d09_summon_shop,召唤终局商人,shop_offer,召唤终局商人,role_召唤,pal_072,融焰娘,火,白银,2,1,65,火、召唤、召唤铺场、成长、核心
ysbzs-local,9,1,事件节点1,3,node_d09_summon_shop,召唤终局商人,shop_offer,召唤终局商人,role_召唤,pal_063,秘斯媞雅,风,白银,2,1,65,风、召唤、召唤铺场、成长、核心
ysbzs-local,9,1,事件节点1,3,node_d09_summon_shop,召唤终局商人,shop_offer,召唤终局商人,role_召唤,pal_035,灌木羊,风,青铜,2,1,90,风、召唤、召唤铺场、成长、核心
ysbzs-local,9,1,事件节点1,3,node_d09_summon_shop,召唤终局商人,shop_offer,召唤终局商人,role_召唤,pal_064,花冠龙,风,白银,4,2,65,风、召唤、召唤铺场、成长、核心
ysbzs-local,9,2,事件节点2,1,node_d09_summon_shop,召唤终局商人,shop_offer,召唤终局商人,role_召唤,pal_063,秘斯媞雅,风,白银,2,1,65,风、召唤、召唤铺场、成长、核心
ysbzs-local,9,2,事件节点2,1,node_d09_summon_shop,召唤终局商人,shop_offer,召唤终局商人,role_召唤,pal_083,精灵龙,风,白银,4,2,65,风、召唤、召唤铺场、成长、核心
ysbzs-local,9,2,事件节点2,1,node_d09_summon_shop,召唤终局商人,shop_offer,召唤终局商人,role_召唤,pal_063,秘斯媞雅,风,白银,2,1,65,风、召唤、召唤铺场、成长、核心
ysbzs-local,9,2,事件节点2,1,node_d09_summon_shop,召唤终局商人,shop_offer,召唤终局商人,role_召唤,pal_035,灌木羊,风,青铜,2,1,90,风、召唤、召唤铺场、成长、核心
ysbzs-local,9,2,事件节点2,1,node_d09_summon_shop,召唤终局商人,shop_offer,召唤终局商人,role_召唤,pal_064,花冠龙,风,白银,4,2,65,风、召唤、召唤铺场、成长、核心
ysbzs-local,9,2,事件节点2,1,node_d09_summon_shop,召唤终局商人,shop_offer,召唤终局商人,role_召唤,pal_083,精灵龙,风,白银,4,2,65,风、召唤、召唤铺场、成长、核心
ysbzs-local,9,2,事件节点2,1,node_d09_summon_shop,召唤终局商人,shop_offer,召唤终局商人,role_召唤,pal_063,秘斯媞雅,风,白银,2,1,65,风、召唤、召唤铺场、成长、核心
ysbzs-local,9,2,事件节点2,2,node_d09_reward_tier3,终局前黄金奖励,reward_pet,终局前黄金奖励,reward_pT3,pal_123,圣光骑士,风,黄金,,3,28,风、坦克、重甲抗压、防御、前排、阻挡
ysbzs-local,9,2,事件节点2,2,node_d09_reward_tier3,终局前黄金奖励,reward_pet,终局前黄金奖励,reward_pT3,pal_118,百合女王,风,黄金,,1,28,风、治疗、远点压制、后排、增益
ysbzs-local,9,2,事件节点2,3,node_d09_tier3_shop,终局前黄金商会,shop_offer,终局前黄金商会,tier_pT3,pal_123,圣光骑士,风,黄金,6,3,45,风、坦克、重甲抗压、防御、前排、阻挡
ysbzs-local,9,2,事件节点2,3,node_d09_tier3_shop,终局前黄金商会,shop_offer,终局前黄金商会,tier_pT3,pal_115,朱雀,火,黄金,2,1,45,火、机动、火系压制、灵活、泛用
ysbzs-local,9,2,事件节点2,3,node_d09_tier3_shop,终局前黄金商会,shop_offer,终局前黄金商会,tier_pT3,pal_116,清雀,水,黄金,2,1,45,水、治疗、水系牵制、后排、增益
ysbzs-local,9,2,事件节点2,3,node_d09_tier3_shop,终局前黄金商会,shop_offer,终局前黄金商会,tier_pT3,pal_120,荷鲁斯,火,黄金,2,1,45,火、机动、火系压制、灵活、泛用
ysbzs-local,9,2,事件节点2,3,node_d09_tier3_shop,终局前黄金商会,shop_offer,终局前黄金商会,tier_pT3,pal_118,百合女王,风,黄金,2,1,45,风、治疗、远点压制、后排、增益
ysbzs-local,9,2,事件节点2,3,node_d09_tier3_shop,终局前黄金商会,shop_offer,终局前黄金商会,tier_pT3,pal_123,圣光骑士,风,黄金,6,3,45,风、坦克、重甲抗压、防御、前排、阻挡
ysbzs-local,9,4,事件节点3,1,node_d09_tier3_shop,终局前黄金商会,shop_offer,终局前黄金商会,tier_pT3,pal_120,荷鲁斯,火,黄金,2,1,45,火、机动、火系压制、灵活、泛用
ysbzs-local,9,4,事件节点3,1,node_d09_tier3_shop,终局前黄金商会,shop_offer,终局前黄金商会,tier_pT3,pal_111,冥铠蝎,土,黄金,2,1,45,土、坦克、抗压承伤、防御、前排、阻挡
ysbzs-local,9,4,事件节点3,1,node_d09_tier3_shop,终局前黄金商会,shop_offer,终局前黄金商会,tier_pT3,pal_121,波鲁杰克斯,风,黄金,4,2,45,风、控制、风系牵制、牵制、范围、机动
ysbzs-local,9,4,事件节点3,1,node_d09_tier3_shop,终局前黄金商会,shop_offer,终局前黄金商会,tier_pT3,pal_119,黑月女王,土,黄金,2,1,45,土、治疗、土系抗压、后排、增益
ysbzs-local,9,4,事件节点3,1,node_d09_tier3_shop,终局前黄金商会,shop_offer,终局前黄金商会,tier_pT3,pal_124,混沌骑士,土,黄金,6,3,45,土、坦克、重甲抗压、防御、前排、阻挡
ysbzs-local,9,4,事件节点3,1,node_d09_tier3_shop,终局前黄金商会,shop_offer,终局前黄金商会,tier_pT3,pal_119,黑月女王,土,黄金,2,1,45,土、治疗、土系抗压、后排、增益
ysbzs-local,9,4,事件节点3,1,node_d09_tier3_shop,终局前黄金商会,shop_offer,终局前黄金商会,tier_pT3,pal_119,黑月女王,土,黄金,2,1,45,土、治疗、土系抗压、后排、增益
ysbzs-local,9,4,事件节点3,2,node_d09_reward_tier3,终局前黄金奖励,reward_pet,终局前黄金奖励,reward_pT3,pal_116,清雀,水,黄金,,1,28,水、治疗、水系牵制、后排、增益
ysbzs-local,9,4,事件节点3,2,node_d09_reward_tier3,终局前黄金奖励,reward_pet,终局前黄金奖励,reward_pT3,pal_115,朱雀,火,黄金,,1,28,火、机动、火系压制、灵活、泛用
ysbzs-local,9,4,事件节点3,3,node_d09_summon_shop,召唤终局商人,shop_offer,召唤终局商人,role_召唤,pal_093,连理龙,风,白银,4,2,65,风、召唤、召唤铺场、成长、核心
ysbzs-local,9,4,事件节点3,3,node_d09_summon_shop,召唤终局商人,shop_offer,召唤终局商人,role_召唤,pal_064,花冠龙,风,白银,4,2,65,风、召唤、召唤铺场、成长、核心
ysbzs-local,9,4,事件节点3,3,node_d09_summon_shop,召唤终局商人,shop_offer,召唤终局商人,role_召唤,pal_064,花冠龙,风,白银,4,2,65,风、召唤、召唤铺场、成长、核心
ysbzs-local,9,4,事件节点3,3,node_d09_summon_shop,召唤终局商人,shop_offer,召唤终局商人,role_召唤,pal_035,灌木羊,风,青铜,2,1,90,风、召唤、召唤铺场、成长、核心
ysbzs-local,9,4,事件节点3,3,node_d09_summon_shop,召唤终局商人,shop_offer,召唤终局商人,role_召唤,pal_083,精灵龙,风,白银,4,2,65,风、召唤、召唤铺场、成长、核心
ysbzs-local,9,4,事件节点3,3,node_d09_summon_shop,召唤终局商人,shop_offer,召唤终局商人,role_召唤,pal_072,融焰娘,火,白银,2,1,65,火、召唤、召唤铺场、成长、核心
ysbzs-local,9,5,事件节点4,1,node_d09_tier3_shop,终局前黄金商会,shop_offer,终局前黄金商会,tier_pT3,pal_120,荷鲁斯,火,黄金,2,1,45,火、机动、火系压制、灵活、泛用
ysbzs-local,9,5,事件节点4,1,node_d09_tier3_shop,终局前黄金商会,shop_offer,终局前黄金商会,tier_pT3,pal_120,荷鲁斯,火,黄金,2,1,45,火、机动、火系压制、灵活、泛用
ysbzs-local,9,5,事件节点4,1,node_d09_tier3_shop,终局前黄金商会,shop_offer,终局前黄金商会,tier_pT3,pal_120,荷鲁斯,火,黄金,2,1,45,火、机动、火系压制、灵活、泛用
ysbzs-local,9,5,事件节点4,1,node_d09_tier3_shop,终局前黄金商会,shop_offer,终局前黄金商会,tier_pT3,pal_123,圣光骑士,风,黄金,6,3,45,风、坦克、重甲抗压、防御、前排、阻挡
ysbzs-local,9,5,事件节点4,1,node_d09_tier3_shop,终局前黄金商会,shop_offer,终局前黄金商会,tier_pT3,pal_123,圣光骑士,风,黄金,6,3,45,风、坦克、重甲抗压、防御、前排、阻挡
ysbzs-local,9,5,事件节点4,1,node_d09_tier3_shop,终局前黄金商会,shop_offer,终局前黄金商会,tier_pT3,pal_115,朱雀,火,黄金,2,1,45,火、机动、火系压制、灵活、泛用
ysbzs-local,9,5,事件节点4,2,node_d09_summon_shop,召唤终局商人,shop_offer,召唤终局商人,role_召唤,pal_050,骑士蜂,风,白银,4,2,65,风、召唤、召唤铺场、成长、核心
ysbzs-local,9,5,事件节点4,2,node_d09_summon_shop,召唤终局商人,shop_offer,召唤终局商人,role_召唤,pal_063,秘斯媞雅,风,白银,2,1,65,风、召唤、召唤铺场、成长、核心
ysbzs-local,9,5,事件节点4,2,node_d09_summon_shop,召唤终局商人,shop_offer,召唤终局商人,role_召唤,pal_063,秘斯媞雅,风,白银,2,1,65,风、召唤、召唤铺场、成长、核心
ysbzs-local,9,5,事件节点4,2,node_d09_summon_shop,召唤终局商人,shop_offer,召唤终局商人,role_召唤,pal_093,连理龙,风,白银,4,2,65,风、召唤、召唤铺场、成长、核心
ysbzs-local,9,5,事件节点4,2,node_d09_summon_shop,召唤终局商人,shop_offer,召唤终局商人,role_召唤,pal_063,秘斯媞雅,风,白银,2,1,65,风、召唤、召唤铺场、成长、核心
ysbzs-local,9,5,事件节点4,2,node_d09_summon_shop,召唤终局商人,shop_offer,召唤终局商人,role_召唤,pal_072,融焰娘,火,白银,2,1,65,火、召唤、召唤铺场、成长、核心
ysbzs-local,9,5,事件节点4,2,node_d09_summon_shop,召唤终局商人,shop_offer,召唤终局商人,role_召唤,pal_093,连理龙,风,白银,4,2,65,风、召唤、召唤铺场、成长、核心
ysbzs-local,9,5,事件节点4,3,node_d09_reward_tier3,终局前黄金奖励,reward_pet,终局前黄金奖励,reward_pT3,pal_126,唤夜兽,土,黄金,,2,28,土、控制、土系抗压、牵制、范围、机动
ysbzs-local,9,5,事件节点4,3,node_d09_reward_tier3,终局前黄金奖励,reward_pet,终局前黄金奖励,reward_pT3,pal_120,荷鲁斯,火,黄金,,1,28,火、机动、火系压制、灵活、泛用
ysbzs-local,10,1,事件节点1,1,node_d10_fire_shop,终局火系商人,shop_offer,终局火系商人,elem_火,pal_058,火麒麟,火,白银,2,1,70,火、输出、火系压制、爆发、前排
ysbzs-local,10,1,事件节点1,1,node_d10_fire_shop,终局火系商人,shop_offer,终局火系商人,elem_火,pal_061,苍焰狼,火,白银,4,2,70,火、输出、成长输出、爆发、前排
ysbzs-local,10,1,事件节点1,1,node_d10_fire_shop,终局火系商人,shop_offer,终局火系商人,elem_火,pal_079,焰巫狐,火,白银,4,2,70,火、输出、成长输出、爆发、前排
ysbzs-local,10,1,事件节点1,1,node_d10_fire_shop,终局火系商人,shop_offer,终局火系商人,elem_火,pal_072,融焰娘,火,白银,2,1,70,火、召唤、召唤铺场、成长、核心
ysbzs-local,10,1,事件节点1,1,node_d10_fire_shop,终局火系商人,shop_offer,终局火系商人,elem_火,pal_061,苍焰狼,火,白银,4,2,70,火、输出、成长输出、爆发、前排
ysbzs-local,10,1,事件节点1,1,node_d10_fire_shop,终局火系商人,shop_offer,终局火系商人,elem_火,pal_115,朱雀,火,黄金,2,1,32,火、机动、火系压制、灵活、泛用
ysbzs-local,10,1,事件节点1,1,node_d10_fire_shop,终局火系商人,shop_offer,终局火系商人,elem_火,pal_058,火麒麟,火,白银,2,1,70,火、输出、火系压制、爆发、前排
ysbzs-local,10,1,事件节点1,2,node_d10_output_shop,终局输出商人,shop_offer,终局输出商人,role_输出,pal_090,狱阎王,火,白银,6,3,65,火、输出、召唤铺场、爆发、前排
ysbzs-local,10,1,事件节点1,2,node_d10_output_shop,终局输出商人,shop_offer,终局输出商人,role_输出,pal_009,燎火鹿,火,青铜,4,2,90,火、输出、火系压制、爆发、前排
ysbzs-local,10,1,事件节点1,2,node_d10_output_shop,终局输出商人,shop_offer,终局输出商人,role_输出,pal_079,焰巫狐,火,白银,4,2,65,火、输出、成长输出、爆发、前排
ysbzs-local,10,1,事件节点1,2,node_d10_output_shop,终局输出商人,shop_offer,终局输出商人,role_输出,pal_009,燎火鹿,火,青铜,4,2,90,火、输出、火系压制、爆发、前排
ysbzs-local,10,1,事件节点1,2,node_d10_output_shop,终局输出商人,shop_offer,终局输出商人,role_输出,pal_042,炽焰牛,火,白银,2,1,65,火、输出、火系压制、爆发、前排
ysbzs-local,10,1,事件节点1,3,node_d10_reward_tier3,终局黄金奖励,reward_pet,终局黄金奖励,reward_pT3,pal_127,空涡龙,风,黄金,,2,28,风、机动、机动压制、灵活、泛用
ysbzs-local,10,1,事件节点1,3,node_d10_reward_tier3,终局黄金奖励,reward_pet,终局黄金奖励,reward_pT3,pal_123,圣光骑士,风,黄金,,3,28,风、坦克、重甲抗压、防御、前排、阻挡
ysbzs-local,10,2,事件节点2,1,node_d10_tier3_shop,终局黄金商会,shop_offer,终局黄金商会,tier_pT3,pal_117,暴电熊,风,黄金,2,1,45,风、控制、风系牵制、牵制、范围、机动
ysbzs-local,10,2,事件节点2,1,node_d10_tier3_shop,终局黄金商会,shop_offer,终局黄金商会,tier_pT3,pal_125,唤冬兽,水,黄金,4,2,45,水、控制、水系牵制、牵制、范围、机动
ysbzs-local,10,2,事件节点2,1,node_d10_tier3_shop,终局黄金商会,shop_offer,终局黄金商会,tier_pT3,pal_126,唤夜兽,土,黄金,4,2,45,土、控制、土系抗压、牵制、范围、机动
ysbzs-local,10,2,事件节点2,1,node_d10_tier3_shop,终局黄金商会,shop_offer,终局黄金商会,tier_pT3,pal_125,唤冬兽,水,黄金,4,2,45,水、控制、水系牵制、牵制、范围、机动
ysbzs-local,10,2,事件节点2,1,node_d10_tier3_shop,终局黄金商会,shop_offer,终局黄金商会,tier_pT3,pal_115,朱雀,火,黄金,2,1,45,火、机动、火系压制、灵活、泛用
ysbzs-local,10,2,事件节点2,1,node_d10_tier3_shop,终局黄金商会,shop_offer,终局黄金商会,tier_pT3,pal_122,异构格里芬,土,黄金,2,1,45,土、机动、土系抗压、灵活、泛用
ysbzs-local,10,2,事件节点2,1,node_d10_tier3_shop,终局黄金商会,shop_offer,终局黄金商会,tier_pT3,pal_116,清雀,水,黄金,2,1,45,水、治疗、水系牵制、后排、增益
ysbzs-local,10,2,事件节点2,2,node_d10_output_shop,终局输出商人,shop_offer,终局输出商人,role_输出,pal_108,焰煌,火,白银,6,3,65,火、输出、火系重压、爆发、前排
ysbzs-local,10,2,事件节点2,2,node_d10_output_shop,终局输出商人,shop_offer,终局输出商人,role_输出,pal_040,炎魔羊,火,白银,4,2,65,火、输出、火系压制、爆发、前排
ysbzs-local,10,2,事件节点2,2,node_d10_output_shop,终局输出商人,shop_offer,终局输出商人,role_输出,pal_075,浪刃武士,火,白银,2,1,65,火、输出、火系压制、爆发、前排
ysbzs-local,10,2,事件节点2,2,node_d10_output_shop,终局输出商人,shop_offer,终局输出商人,role_输出,pal_089,狱焰王,火,白银,6,3,65,火、输出、重甲抗压、爆发、前排
ysbzs-local,10,2,事件节点2,2,node_d10_output_shop,终局输出商人,shop_offer,终局输出商人,role_输出,pal_058,火麒麟,火,白银,2,1,65,火、输出、火系压制、爆发、前排
ysbzs-local,10,2,事件节点2,3,node_d10_fire_shop,终局火系商人,shop_offer,终局火系商人,elem_火,pal_042,炽焰牛,火,白银,2,1,70,火、输出、火系压制、爆发、前排
ysbzs-local,10,2,事件节点2,3,node_d10_fire_shop,终局火系商人,shop_offer,终局火系商人,elem_火,pal_042,炽焰牛,火,白银,2,1,70,火、输出、火系压制、爆发、前排
ysbzs-local,10,2,事件节点2,3,node_d10_fire_shop,终局火系商人,shop_offer,终局火系商人,elem_火,pal_009,燎火鹿,火,青铜,4,2,100,火、输出、火系压制、爆发、前排
ysbzs-local,10,2,事件节点2,3,node_d10_fire_shop,终局火系商人,shop_offer,终局火系商人,elem_火,pal_005,火绒狐,火,青铜,4,2,100,火、抗压承伤、爆发、前排
ysbzs-local,10,2,事件节点2,3,node_d10_fire_shop,终局火系商人,shop_offer,终局火系商人,elem_火,pal_108,焰煌,火,白银,6,3,70,火、输出、火系重压、爆发、前排
ysbzs-local,10,2,事件节点2,3,node_d10_fire_shop,终局火系商人,shop_offer,终局火系商人,elem_火,pal_058,火麒麟,火,白银,2,1,70,火、输出、火系压制、爆发、前排
ysbzs-local,10,4,事件节点3,1,node_d10_tier3_shop,终局黄金商会,shop_offer,终局黄金商会,tier_pT3,pal_126,唤夜兽,土,黄金,4,2,45,土、控制、土系抗压、牵制、范围、机动
ysbzs-local,10,4,事件节点3,1,node_d10_tier3_shop,终局黄金商会,shop_offer,终局黄金商会,tier_pT3,pal_113,覆海龙,水,黄金,4,2,45,水、治疗、水系牵制、后排、增益
ysbzs-local,10,4,事件节点3,1,node_d10_tier3_shop,终局黄金商会,shop_offer,终局黄金商会,tier_pT3,pal_122,异构格里芬,土,黄金,2,1,45,土、机动、土系抗压、灵活、泛用
ysbzs-local,10,4,事件节点3,1,node_d10_tier3_shop,终局黄金商会,shop_offer,终局黄金商会,tier_pT3,pal_126,唤夜兽,土,黄金,4,2,45,土、控制、土系抗压、牵制、范围、机动
ysbzs-local,10,4,事件节点3,1,node_d10_tier3_shop,终局黄金商会,shop_offer,终局黄金商会,tier_pT3,pal_121,波鲁杰克斯,风,黄金,4,2,45,风、控制、风系牵制、牵制、范围、机动
ysbzs-local,10,4,事件节点3,1,node_d10_tier3_shop,终局黄金商会,shop_offer,终局黄金商会,tier_pT3,pal_115,朱雀,火,黄金,2,1,45,火、机动、火系压制、灵活、泛用
ysbzs-local,10,4,事件节点3,2,node_d10_output_shop,终局输出商人,shop_offer,终局输出商人,role_输出,pal_090,狱阎王,火,白银,6,3,65,火、输出、召唤铺场、爆发、前排
ysbzs-local,10,4,事件节点3,2,node_d10_output_shop,终局输出商人,shop_offer,终局输出商人,role_输出,pal_058,火麒麟,火,白银,2,1,65,火、输出、火系压制、爆发、前排
ysbzs-local,10,4,事件节点3,2,node_d10_output_shop,终局输出商人,shop_offer,终局输出商人,role_输出,pal_079,焰巫狐,火,白银,4,2,65,火、输出、成长输出、爆发、前排
ysbzs-local,10,4,事件节点3,2,node_d10_output_shop,终局输出商人,shop_offer,终局输出商人,role_输出,pal_061,苍焰狼,火,白银,4,2,65,火、输出、成长输出、爆发、前排
ysbzs-local,10,4,事件节点3,2,node_d10_output_shop,终局输出商人,shop_offer,终局输出商人,role_输出,pal_079,焰巫狐,火,白银,4,2,65,火、输出、成长输出、爆发、前排
ysbzs-local,10,4,事件节点3,3,node_d10_fire_shop,终局火系商人,shop_offer,终局火系商人,elem_火,pal_077,燧火鸟,火,白银,4,2,70,火、机动、火系压制、灵活、泛用
ysbzs-local,10,4,事件节点3,3,node_d10_fire_shop,终局火系商人,shop_offer,终局火系商人,elem_火,pal_040,炎魔羊,火,白银,4,2,70,火、输出、火系压制、爆发、前排
ysbzs-local,10,4,事件节点3,3,node_d10_fire_shop,终局火系商人,shop_offer,终局火系商人,elem_火,pal_075,浪刃武士,火,白银,2,1,70,火、输出、火系压制、爆发、前排
ysbzs-local,10,4,事件节点3,3,node_d10_fire_shop,终局火系商人,shop_offer,终局火系商人,elem_火,pal_108,焰煌,火,白银,6,3,70,火、输出、火系重压、爆发、前排
ysbzs-local,10,4,事件节点3,3,node_d10_fire_shop,终局火系商人,shop_offer,终局火系商人,elem_火,pal_079,焰巫狐,火,白银,4,2,70,火、输出、成长输出、爆发、前排
ysbzs-local,10,5,事件节点4,1,node_d10_reward_tier3,终局黄金奖励,reward_pet,终局黄金奖励,reward_pT3,pal_122,异构格里芬,土,黄金,,1,28,土、机动、土系抗压、灵活、泛用
ysbzs-local,10,5,事件节点4,1,node_d10_reward_tier3,终局黄金奖励,reward_pet,终局黄金奖励,reward_pT3,pal_114,腾炎龙,火,黄金,,3,28,火、输出、火系重压、爆发、前排
ysbzs-local,10,5,事件节点4,2,node_d10_output_shop,终局输出商人,shop_offer,终局输出商人,role_输出,pal_089,狱焰王,火,白银,6,3,65,火、输出、重甲抗压、爆发、前排
ysbzs-local,10,5,事件节点4,2,node_d10_output_shop,终局输出商人,shop_offer,终局输出商人,role_输出,pal_086,火灵儿,火,白银,2,1,65,火、输出、火系压制、爆发、前排
ysbzs-local,10,5,事件节点4,2,node_d10_output_shop,终局输出商人,shop_offer,终局输出商人,role_输出,pal_089,狱焰王,火,白银,6,3,65,火、输出、重甲抗压、爆发、前排
ysbzs-local,10,5,事件节点4,2,node_d10_output_shop,终局输出商人,shop_offer,终局输出商人,role_输出,pal_040,炎魔羊,火,白银,4,2,65,火、输出、火系压制、爆发、前排
ysbzs-local,10,5,事件节点4,2,node_d10_output_shop,终局输出商人,shop_offer,终局输出商人,role_输出,pal_086,火灵儿,火,白银,2,1,65,火、输出、火系压制、爆发、前排
ysbzs-local,10,5,事件节点4,3,node_d10_tier3_shop,终局黄金商会,shop_offer,终局黄金商会,tier_pT3,pal_123,圣光骑士,风,黄金,6,3,45,风、坦克、重甲抗压、防御、前排、阻挡
ysbzs-local,10,5,事件节点4,3,node_d10_tier3_shop,终局黄金商会,shop_offer,终局黄金商会,tier_pT3,pal_120,荷鲁斯,火,黄金,2,1,45,火、机动、火系压制、灵活、泛用
ysbzs-local,10,5,事件节点4,3,node_d10_tier3_shop,终局黄金商会,shop_offer,终局黄金商会,tier_pT3,pal_112,阿努比斯,土,黄金,2,1,45,土、输出、土系抗压、爆发、前排
ysbzs-local,10,5,事件节点4,3,node_d10_tier3_shop,终局黄金商会,shop_offer,终局黄金商会,tier_pT3,pal_123,圣光骑士,风,黄金,6,3,45,风、坦克、重甲抗压、防御、前排、阻挡
ysbzs-local,10,5,事件节点4,3,node_d10_tier3_shop,终局黄金商会,shop_offer,终局黄金商会,tier_pT3,pal_113,覆海龙,水,黄金,4,2,45,水、治疗、水系牵制、后排、增益
ysbzs-local-2,1,1,事件节点1,1,node_shop_fire,火系补货商人,shop_offer,火系补货商人,elem_火,pal_009,燎火鹿,火,青铜,4,2,100,火、输出、火系压制、爆发、前排
ysbzs-local-2,1,1,事件节点1,1,node_shop_fire,火系补货商人,shop_offer,火系补货商人,elem_火,pal_005,火绒狐,火,青铜,4,2,100,火、抗压承伤、爆发、前排
ysbzs-local-2,1,1,事件节点1,1,node_shop_fire,火系补货商人,shop_offer,火系补货商人,elem_火,pal_009,燎火鹿,火,青铜,4,2,100,火、输出、火系压制、爆发、前排
ysbzs-local-2,1,1,事件节点1,1,node_shop_fire,火系补货商人,shop_offer,火系补货商人,elem_火,pal_009,燎火鹿,火,青铜,4,2,100,火、输出、火系压制、爆发、前排
ysbzs-local-2,1,1,事件节点1,1,node_shop_fire,火系补货商人,shop_offer,火系补货商人,elem_火,pal_009,燎火鹿,火,青铜,4,2,100,火、输出、火系压制、爆发、前排
ysbzs-local-2,1,1,事件节点1,2,node_shop_basic,夜市商人,shop_offer,夜市商人,night_base,pal_005,火绒狐,火,青铜,4,2,100,火、抗压承伤、爆发、前排
ysbzs-local-2,1,1,事件节点1,2,node_shop_basic,夜市商人,shop_offer,夜市商人,night_base,pal_034,棉花糖,风,青铜,2,1,100,风、经济、远点压制、召唤、发育
ysbzs-local-2,1,1,事件节点1,2,node_shop_basic,夜市商人,shop_offer,夜市商人,night_base,pal_010,企丸丸,水,青铜,4,2,100,水、治疗、水系牵制、后排、增益
ysbzs-local-2,1,1,事件节点1,2,node_shop_basic,夜市商人,shop_offer,夜市商人,night_base,pal_016,壶小象,水,青铜,6,3,100,水、治疗、水系控场、后排、增益
ysbzs-local-2,1,1,事件节点1,2,node_shop_basic,夜市商人,shop_offer,夜市商人,night_base,pal_021,露娜蒂,土,青铜,4,2,100,土、坦克、抗压承伤、防御、前排、阻挡
ysbzs-local-2,1,1,事件节点1,3,node_reward_pet,宠物奖励,reward_pet,宠物奖励,reward_pT1,pal_029,波霸牛,风,青铜,,3,60,风、经济、诅咒牵制、召唤、发育
ysbzs-local-2,1,1,事件节点1,3,node_reward_pet,宠物奖励,reward_pet,宠物奖励,reward_pT1,pal_021,露娜蒂,土,青铜,,2,60,土、坦克、抗压承伤、防御、前排、阻挡
ysbzs-local-2,1,2,事件节点2,1,node_reward_pet,宠物奖励,reward_pet,宠物奖励,reward_pT1,pal_006,冲浪鸭,水,青铜,,2,60,水、毒伤牵制、后排、增益
ysbzs-local-2,1,2,事件节点2,1,node_reward_pet,宠物奖励,reward_pet,宠物奖励,reward_pT1,pal_006,冲浪鸭,水,青铜,,2,60,水、毒伤牵制、后排、增益
ysbzs-local-2,1,2,事件节点2,2,node_shop_basic,夜市商人,shop_offer,夜市商人,night_base,pal_019,寐魔,土,青铜,6,3,100,土、坦克、重甲抗压、防御、前排、阻挡
ysbzs-local-2,1,2,事件节点2,2,node_shop_basic,夜市商人,shop_offer,夜市商人,night_base,pal_009,燎火鹿,火,青铜,4,2,100,火、输出、火系压制、爆发、前排
ysbzs-local-2,1,2,事件节点2,2,node_shop_basic,夜市商人,shop_offer,夜市商人,night_base,pal_027,炸蛋鸟,风,青铜,4,2,100,风、机动、机动压制、灵活、泛用
ysbzs-local-2,1,2,事件节点2,2,node_shop_basic,夜市商人,shop_offer,夜市商人,night_base,pal_025,鲁米儿,水,青铜,4,2,100,水、治疗、水系牵制、后排、增益
ysbzs-local-2,1,2,事件节点2,2,node_shop_basic,夜市商人,shop_offer,夜市商人,night_base,pal_035,灌木羊,风,青铜,2,1,100,风、召唤、召唤铺场、成长、核心
ysbzs-local-2,1,2,事件节点2,3,node_shop_fire,火系补货商人,shop_offer,火系补货商人,elem_火,pal_009,燎火鹿,火,青铜,4,2,100,火、输出、火系压制、爆发、前排
ysbzs-local-2,1,2,事件节点2,3,node_shop_fire,火系补货商人,shop_offer,火系补货商人,elem_火,pal_005,火绒狐,火,青铜,4,2,100,火、抗压承伤、爆发、前排
ysbzs-local-2,1,2,事件节点2,3,node_shop_fire,火系补货商人,shop_offer,火系补货商人,elem_火,pal_009,燎火鹿,火,青铜,4,2,100,火、输出、火系压制、爆发、前排
ysbzs-local-2,1,2,事件节点2,3,node_shop_fire,火系补货商人,shop_offer,火系补货商人,elem_火,pal_009,燎火鹿,火,青铜,4,2,100,火、输出、火系压制、爆发、前排
ysbzs-local-2,1,2,事件节点2,3,node_shop_fire,火系补货商人,shop_offer,火系补货商人,elem_火,pal_005,火绒狐,火,青铜,4,2,100,火、抗压承伤、爆发、前排
ysbzs-local-2,1,4,事件节点3,1,node_shop_fire,火系补货商人,shop_offer,火系补货商人,elem_火,pal_005,火绒狐,火,青铜,4,2,100,火、抗压承伤、爆发、前排
ysbzs-local-2,1,4,事件节点3,1,node_shop_fire,火系补货商人,shop_offer,火系补货商人,elem_火,pal_009,燎火鹿,火,青铜,4,2,100,火、输出、火系压制、爆发、前排
ysbzs-local-2,1,4,事件节点3,1,node_shop_fire,火系补货商人,shop_offer,火系补货商人,elem_火,pal_009,燎火鹿,火,青铜,4,2,100,火、输出、火系压制、爆发、前排
ysbzs-local-2,1,4,事件节点3,1,node_shop_fire,火系补货商人,shop_offer,火系补货商人,elem_火,pal_005,火绒狐,火,青铜,4,2,100,火、抗压承伤、爆发、前排
ysbzs-local-2,1,4,事件节点3,1,node_shop_fire,火系补货商人,shop_offer,火系补货商人,elem_火,pal_005,火绒狐,火,青铜,4,2,100,火、抗压承伤、爆发、前排
ysbzs-local-2,1,4,事件节点3,2,node_reward_pet,宠物奖励,reward_pet,宠物奖励,reward_pT1,pal_025,鲁米儿,水,青铜,,2,60,水、治疗、水系牵制、后排、增益
ysbzs-local-2,1,4,事件节点3,2,node_reward_pet,宠物奖励,reward_pet,宠物奖励,reward_pT1,pal_015,啼卡尔,土,青铜,,3,60,土、坦克、重甲抗压、防御、前排、阻挡
ysbzs-local-2,1,4,事件节点3,3,node_shop_basic,夜市商人,shop_offer,夜市商人,night_base,pal_021,露娜蒂,土,青铜,4,2,100,土、坦克、抗压承伤、防御、前排、阻挡
ysbzs-local-2,1,4,事件节点3,3,node_shop_basic,夜市商人,shop_offer,夜市商人,night_base,pal_014,玉藻狐,风,青铜,6,3,100,风、经济、风系铺场、召唤、发育
ysbzs-local-2,1,4,事件节点3,3,node_shop_basic,夜市商人,shop_offer,夜市商人,night_base,pal_028,波娜兔,风,青铜,6,3,100,风、治疗、风系铺场、后排、增益
ysbzs-local-2,1,4,事件节点3,3,node_shop_basic,夜市商人,shop_offer,夜市商人,night_base,pal_034,棉花糖,风,青铜,2,1,100,风、经济、远点压制、召唤、发育
ysbzs-local-2,1,4,事件节点3,3,node_shop_basic,夜市商人,shop_offer,夜市商人,night_base,pal_003,皮皮鸡,风,青铜,2,1,100,风、削弱远点、发育
ysbzs-local-2,1,5,事件节点4,1,node_shop_fire,火系补货商人,shop_offer,火系补货商人,elem_火,pal_009,燎火鹿,火,青铜,4,2,100,火、输出、火系压制、爆发、前排
ysbzs-local-2,1,5,事件节点4,1,node_shop_fire,火系补货商人,shop_offer,火系补货商人,elem_火,pal_005,火绒狐,火,青铜,4,2,100,火、抗压承伤、爆发、前排
ysbzs-local-2,1,5,事件节点4,1,node_shop_fire,火系补货商人,shop_offer,火系补货商人,elem_火,pal_005,火绒狐,火,青铜,4,2,100,火、抗压承伤、爆发、前排
ysbzs-local-2,1,5,事件节点4,1,node_shop_fire,火系补货商人,shop_offer,火系补货商人,elem_火,pal_005,火绒狐,火,青铜,4,2,100,火、抗压承伤、爆发、前排
ysbzs-local-2,1,5,事件节点4,1,node_shop_fire,火系补货商人,shop_offer,火系补货商人,elem_火,pal_005,火绒狐,火,青铜,4,2,100,火、抗压承伤、爆发、前排
ysbzs-local-2,1,5,事件节点4,2,node_shop_basic,夜市商人,shop_offer,夜市商人,night_base,pal_035,灌木羊,风,青铜,2,1,100,风、召唤、召唤铺场、成长、核心
ysbzs-local-2,1,5,事件节点4,2,node_shop_basic,夜市商人,shop_offer,夜市商人,night_base,pal_026,猎狼,风,青铜,4,2,100,风、机动、抗压承伤、灵活、泛用
ysbzs-local-2,1,5,事件节点4,2,node_shop_basic,夜市商人,shop_offer,夜市商人,night_base,pal_007,伏特喵,风,青铜,4,2,100,风、抗压承伤、前排、阻挡
ysbzs-local-2,1,5,事件节点4,2,node_shop_basic,夜市商人,shop_offer,夜市商人,night_base,pal_028,波娜兔,风,青铜,6,3,100,风、治疗、风系铺场、后排、增益
ysbzs-local-2,1,5,事件节点4,2,node_shop_basic,夜市商人,shop_offer,夜市商人,night_base,pal_027,炸蛋鸟,风,青铜,4,2,100,风、机动、机动压制、灵活、泛用
ysbzs-local-2,1,5,事件节点4,3,node_reward_pet,宠物奖励,reward_pet,宠物奖励,reward_pT1,pal_034,棉花糖,风,青铜,,1,60,风、经济、远点压制、召唤、发育
ysbzs-local-2,1,5,事件节点4,3,node_reward_pet,宠物奖励,reward_pet,宠物奖励,reward_pT1,pal_017,瞅什魔,土,青铜,,3,60,土、坦克、重甲抗压、防御、前排、阻挡
ysbzs-local-2,2,1,事件节点1,1,node_d02_role_summon,召唤摊位,shop_offer,召唤摊位,role_召唤,pal_035,灌木羊,风,青铜,2,1,90,风、召唤、召唤铺场、成长、核心
ysbzs-local-2,2,1,事件节点1,1,node_d02_role_summon,召唤摊位,shop_offer,召唤摊位,role_召唤,pal_035,灌木羊,风,青铜,2,1,90,风、召唤、召唤铺场、成长、核心
ysbzs-local-2,2,1,事件节点1,1,node_d02_role_summon,召唤摊位,shop_offer,召唤摊位,role_召唤,pal_035,灌木羊,风,青铜,2,1,90,风、召唤、召唤铺场、成长、核心
ysbzs-local-2,2,1,事件节点1,1,node_d02_role_summon,召唤摊位,shop_offer,召唤摊位,role_召唤,pal_035,灌木羊,风,青铜,2,1,90,风、召唤、召唤铺场、成长、核心
ysbzs-local-2,2,1,事件节点1,1,node_d02_role_summon,召唤摊位,shop_offer,召唤摊位,role_召唤,pal_035,灌木羊,风,青铜,2,1,90,风、召唤、召唤铺场、成长、核心
ysbzs-local-2,2,1,事件节点1,1,node_d02_role_summon,召唤摊位,shop_offer,召唤摊位,role_召唤,pal_035,灌木羊,风,青铜,2,1,90,风、召唤、召唤铺场、成长、核心
ysbzs-local-2,2,1,事件节点1,1,node_d02_role_summon,召唤摊位,shop_offer,召唤摊位,role_召唤,pal_035,灌木羊,风,青铜,2,1,90,风、召唤、召唤铺场、成长、核心
ysbzs-local-2,2,1,事件节点1,1,node_d02_role_summon,召唤摊位,shop_offer,召唤摊位,role_召唤,pal_035,灌木羊,风,青铜,2,1,90,风、召唤、召唤铺场、成长、核心
ysbzs-local-2,2,1,事件节点1,1,node_d02_role_summon,召唤摊位,shop_offer,召唤摊位,role_召唤,pal_035,灌木羊,风,青铜,2,1,90,风、召唤、召唤铺场、成长、核心
ysbzs-local-2,2,1,事件节点1,1,node_d02_role_summon,召唤摊位,shop_offer,召唤摊位,role_召唤,pal_035,灌木羊,风,青铜,2,1,90,风、召唤、召唤铺场、成长、核心
ysbzs-local-2,2,1,事件节点1,2,node_d02_shop_water,水系补货商人,shop_offer,水系补货商人,elem_水,pal_016,壶小象,水,青铜,6,3,100,水、治疗、水系控场、后排、增益
ysbzs-local-2,2,1,事件节点1,2,node_d02_shop_water,水系补货商人,shop_offer,水系补货商人,elem_水,pal_006,冲浪鸭,水,青铜,4,2,100,水、毒伤牵制、后排、增益
ysbzs-local-2,2,1,事件节点1,2,node_d02_shop_water,水系补货商人,shop_offer,水系补货商人,elem_水,pal_006,冲浪鸭,水,青铜,4,2,100,水、毒伤牵制、后排、增益
ysbzs-local-2,2,1,事件节点1,2,node_d02_shop_water,水系补货商人,shop_offer,水系补货商人,elem_水,pal_006,冲浪鸭,水,青铜,4,2,100,水、毒伤牵制、后排、增益
ysbzs-local-2,2,1,事件节点1,3,node_d02_role_tank,前排摊位,shop_offer,前排摊位,role_坦克,pal_013,叶泥泥,土,青铜,6,3,90,土、坦克、重甲抗压、防御、前排、阻挡
ysbzs-local-2,2,1,事件节点1,3,node_d02_role_tank,前排摊位,shop_offer,前排摊位,role_坦克,pal_022,遁地鼠,土,青铜,4,2,90,土、坦克、抗压承伤、防御、前排、阻挡
ysbzs-local-2,2,1,事件节点1,3,node_d02_role_tank,前排摊位,shop_offer,前排摊位,role_坦克,pal_017,瞅什魔,土,青铜,6,3,90,土、坦克、重甲抗压、防御、前排、阻挡
ysbzs-local-2,2,1,事件节点1,3,node_d02_role_tank,前排摊位,shop_offer,前排摊位,role_坦克,pal_023,勾魂鱿,土,青铜,4,2,90,土、坦克、抗压承伤、防御、前排、阻挡
ysbzs-local-2,2,2,事件节点2,1,node_d02_shop_water,水系补货商人,shop_offer,水系补货商人,elem_水,pal_016,壶小象,水,青铜,6,3,100,水、治疗、水系控场、后排、增益
ysbzs-local-2,2,2,事件节点2,1,node_d02_shop_water,水系补货商人,shop_offer,水系补货商人,elem_水,pal_006,冲浪鸭,水,青铜,4,2,100,水、毒伤牵制、后排、增益
ysbzs-local-2,2,2,事件节点2,1,node_d02_shop_water,水系补货商人,shop_offer,水系补货商人,elem_水,pal_025,鲁米儿,水,青铜,4,2,100,水、治疗、水系牵制、后排、增益
ysbzs-local-2,2,2,事件节点2,1,node_d02_shop_water,水系补货商人,shop_offer,水系补货商人,elem_水,pal_025,鲁米儿,水,青铜,4,2,100,水、治疗、水系牵制、后排、增益
ysbzs-local-2,2,2,事件节点2,2,node_d02_reward_pet,宠物奖励,reward_pet,宠物奖励,reward_pT1,pal_035,灌木羊,风,青铜,,1,60,风、召唤、召唤铺场、成长、核心
ysbzs-local-2,2,2,事件节点2,2,node_d02_reward_pet,宠物奖励,reward_pet,宠物奖励,reward_pT1,pal_029,波霸牛,风,青铜,,3,60,风、经济、诅咒牵制、召唤、发育
ysbzs-local-2,2,2,事件节点2,3,node_d02_role_tank,前排摊位,shop_offer,前排摊位,role_坦克,pal_020,草莽猪,土,青铜,4,2,90,土、坦克、抗压承伤、防御、前排、阻挡
ysbzs-local-2,2,2,事件节点2,3,node_d02_role_tank,前排摊位,shop_offer,前排摊位,role_坦克,pal_019,寐魔,土,青铜,6,3,90,土、坦克、重甲抗压、防御、前排、阻挡
ysbzs-local-2,2,2,事件节点2,3,node_d02_role_tank,前排摊位,shop_offer,前排摊位,role_坦克,pal_019,寐魔,土,青铜,6,3,90,土、坦克、重甲抗压、防御、前排、阻挡
ysbzs-local-2,2,2,事件节点2,3,node_d02_role_tank,前排摊位,shop_offer,前排摊位,role_坦克,pal_032,吊缚灵,土,青铜,4,2,90,土、坦克、抗压承伤、防御、前排、阻挡
ysbzs-local-2,2,4,事件节点3,1,node_d02_shop_water,水系补货商人,shop_offer,水系补货商人,elem_水,pal_011,企丸王,水,青铜,4,2,100,水、治疗、水系牵制、后排、增益
ysbzs-local-2,2,4,事件节点3,1,node_d02_shop_water,水系补货商人,shop_offer,水系补货商人,elem_水,pal_010,企丸丸,水,青铜,4,2,100,水、治疗、水系牵制、后排、增益
ysbzs-local-2,2,4,事件节点3,1,node_d02_shop_water,水系补货商人,shop_offer,水系补货商人,elem_水,pal_016,壶小象,水,青铜,6,3,100,水、治疗、水系控场、后排、增益
ysbzs-local-2,2,4,事件节点3,1,node_d02_shop_water,水系补货商人,shop_offer,水系补货商人,elem_水,pal_010,企丸丸,水,青铜,4,2,100,水、治疗、水系牵制、后排、增益
ysbzs-local-2,2,4,事件节点3,2,node_d02_reward_pet,宠物奖励,reward_pet,宠物奖励,reward_pT1,pal_009,燎火鹿,火,青铜,,2,60,火、输出、火系压制、爆发、前排
ysbzs-local-2,2,4,事件节点3,2,node_d02_reward_pet,宠物奖励,reward_pet,宠物奖励,reward_pT1,pal_033,叶胖达,风,青铜,,2,60,风、坦克、抗压承伤、防御、前排、阻挡
ysbzs-local-2,2,4,事件节点3,3,node_d02_role_summon,召唤摊位,shop_offer,召唤摊位,role_召唤,pal_035,灌木羊,风,青铜,2,1,90,风、召唤、召唤铺场、成长、核心
ysbzs-local-2,2,4,事件节点3,3,node_d02_role_summon,召唤摊位,shop_offer,召唤摊位,role_召唤,pal_035,灌木羊,风,青铜,2,1,90,风、召唤、召唤铺场、成长、核心
ysbzs-local-2,2,4,事件节点3,3,node_d02_role_summon,召唤摊位,shop_offer,召唤摊位,role_召唤,pal_035,灌木羊,风,青铜,2,1,90,风、召唤、召唤铺场、成长、核心
ysbzs-local-2,2,4,事件节点3,3,node_d02_role_summon,召唤摊位,shop_offer,召唤摊位,role_召唤,pal_035,灌木羊,风,青铜,2,1,90,风、召唤、召唤铺场、成长、核心
ysbzs-local-2,2,4,事件节点3,3,node_d02_role_summon,召唤摊位,shop_offer,召唤摊位,role_召唤,pal_035,灌木羊,风,青铜,2,1,90,风、召唤、召唤铺场、成长、核心
ysbzs-local-2,2,4,事件节点3,3,node_d02_role_summon,召唤摊位,shop_offer,召唤摊位,role_召唤,pal_035,灌木羊,风,青铜,2,1,90,风、召唤、召唤铺场、成长、核心
ysbzs-local-2,2,4,事件节点3,3,node_d02_role_summon,召唤摊位,shop_offer,召唤摊位,role_召唤,pal_035,灌木羊,风,青铜,2,1,90,风、召唤、召唤铺场、成长、核心
ysbzs-local-2,2,4,事件节点3,3,node_d02_role_summon,召唤摊位,shop_offer,召唤摊位,role_召唤,pal_035,灌木羊,风,青铜,2,1,90,风、召唤、召唤铺场、成长、核心
ysbzs-local-2,2,4,事件节点3,3,node_d02_role_summon,召唤摊位,shop_offer,召唤摊位,role_召唤,pal_035,灌木羊,风,青铜,2,1,90,风、召唤、召唤铺场、成长、核心
ysbzs-local-2,2,4,事件节点3,3,node_d02_role_summon,召唤摊位,shop_offer,召唤摊位,role_召唤,pal_035,灌木羊,风,青铜,2,1,90,风、召唤、召唤铺场、成长、核心
ysbzs-local-2,2,5,事件节点4,1,node_d02_role_summon,召唤摊位,shop_offer,召唤摊位,role_召唤,pal_035,灌木羊,风,青铜,2,1,90,风、召唤、召唤铺场、成长、核心
ysbzs-local-2,2,5,事件节点4,1,node_d02_role_summon,召唤摊位,shop_offer,召唤摊位,role_召唤,pal_035,灌木羊,风,青铜,2,1,90,风、召唤、召唤铺场、成长、核心
ysbzs-local-2,2,5,事件节点4,1,node_d02_role_summon,召唤摊位,shop_offer,召唤摊位,role_召唤,pal_035,灌木羊,风,青铜,2,1,90,风、召唤、召唤铺场、成长、核心
ysbzs-local-2,2,5,事件节点4,1,node_d02_role_summon,召唤摊位,shop_offer,召唤摊位,role_召唤,pal_035,灌木羊,风,青铜,2,1,90,风、召唤、召唤铺场、成长、核心
ysbzs-local-2,2,5,事件节点4,1,node_d02_role_summon,召唤摊位,shop_offer,召唤摊位,role_召唤,pal_035,灌木羊,风,青铜,2,1,90,风、召唤、召唤铺场、成长、核心
ysbzs-local-2,2,5,事件节点4,1,node_d02_role_summon,召唤摊位,shop_offer,召唤摊位,role_召唤,pal_035,灌木羊,风,青铜,2,1,90,风、召唤、召唤铺场、成长、核心
ysbzs-local-2,2,5,事件节点4,1,node_d02_role_summon,召唤摊位,shop_offer,召唤摊位,role_召唤,pal_035,灌木羊,风,青铜,2,1,90,风、召唤、召唤铺场、成长、核心
ysbzs-local-2,2,5,事件节点4,1,node_d02_role_summon,召唤摊位,shop_offer,召唤摊位,role_召唤,pal_035,灌木羊,风,青铜,2,1,90,风、召唤、召唤铺场、成长、核心
ysbzs-local-2,2,5,事件节点4,1,node_d02_role_summon,召唤摊位,shop_offer,召唤摊位,role_召唤,pal_035,灌木羊,风,青铜,2,1,90,风、召唤、召唤铺场、成长、核心
ysbzs-local-2,2,5,事件节点4,1,node_d02_role_summon,召唤摊位,shop_offer,召唤摊位,role_召唤,pal_035,灌木羊,风,青铜,2,1,90,风、召唤、召唤铺场、成长、核心
ysbzs-local-2,2,5,事件节点4,2,node_d02_shop_water,水系补货商人,shop_offer,水系补货商人,elem_水,pal_016,壶小象,水,青铜,6,3,100,水、治疗、水系控场、后排、增益
ysbzs-local-2,2,5,事件节点4,2,node_d02_shop_water,水系补货商人,shop_offer,水系补货商人,elem_水,pal_006,冲浪鸭,水,青铜,4,2,100,水、毒伤牵制、后排、增益
ysbzs-local-2,2,5,事件节点4,2,node_d02_shop_water,水系补货商人,shop_offer,水系补货商人,elem_水,pal_010,企丸丸,水,青铜,4,2,100,水、治疗、水系牵制、后排、增益
ysbzs-local-2,2,5,事件节点4,2,node_d02_shop_water,水系补货商人,shop_offer,水系补货商人,elem_水,pal_031,鲨小子,水,青铜,4,2,100,水、治疗、抗压承伤、后排、增益
ysbzs-local-2,2,5,事件节点4,3,node_d02_reward_pet,宠物奖励,reward_pet,宠物奖励,reward_pT1,pal_024,喵丝特,土,青铜,,2,60,土、经济、土系抗压、召唤、发育
ysbzs-local-2,2,5,事件节点4,3,node_d02_reward_pet,宠物奖励,reward_pet,宠物奖励,reward_pT1,pal_024,喵丝特,土,青铜,,2,60,土、经济、土系抗压、召唤、发育
ysbzs-local-2,3,1,事件节点1,1,node_d03_tier2_shop,白银预备商人,shop_offer,白银预备商人,tier_pT2,pal_046,月镰魔,土,白银,4,2,80,土、坦克、抗压承伤、防御、前排、阻挡
ysbzs-local-2,3,1,事件节点1,1,node_d03_tier2_shop,白银预备商人,shop_offer,白银预备商人,tier_pT2,pal_062,雷鸣童子,风,白银,2,1,80,风、控制、风系牵制、牵制、范围、机动
ysbzs-local-2,3,1,事件节点1,1,node_d03_tier2_shop,白银预备商人,shop_offer,白银预备商人,tier_pT2,pal_049,铁拳猿,风,白银,2,1,80,风、坦克、抗压承伤、防御、前排、阻挡
ysbzs-local-2,3,1,事件节点1,1,node_d03_tier2_shop,白银预备商人,shop_offer,白银预备商人,tier_pT2,pal_110,魔渊龙,土,白银,6,3,80,土、坦克、诅咒牵制、防御、前排、阻挡
ysbzs-local-2,3,1,事件节点1,1,node_d03_tier2_shop,白银预备商人,shop_offer,白银预备商人,tier_pT2,pal_069,碎岩龟,土,白银,4,2,80,土、坦克、抗压承伤、防御、前排、阻挡
ysbzs-local-2,3,1,事件节点1,1,node_d03_tier2_shop,白银预备商人,shop_offer,白银预备商人,tier_pT2,pal_104,铠格力斯,土,白银,2,1,80,土、坦克、抗压承伤、防御、前排、阻挡
ysbzs-local-2,3,1,事件节点1,2,node_d03_reward_tier2,白银奖励,reward_pet,白银奖励,reward_pT2,pal_086,火灵儿,火,白银,,1,45,火、输出、火系压制、爆发、前排
ysbzs-local-2,3,1,事件节点1,2,node_d03_reward_tier2,白银奖励,reward_pet,白银奖励,reward_pT2,pal_042,炽焰牛,火,白银,,1,45,火、输出、火系压制、爆发、前排
ysbzs-local-2,3,1,事件节点1,3,node_d03_summon_shop,召唤强化商人,shop_offer,召唤强化商人,role_召唤,pal_072,融焰娘,火,白银,2,1,65,火、召唤、召唤铺场、成长、核心
ysbzs-local-2,3,1,事件节点1,3,node_d03_summon_shop,召唤强化商人,shop_offer,召唤强化商人,role_召唤,pal_035,灌木羊,风,青铜,2,1,90,风、召唤、召唤铺场、成长、核心
ysbzs-local-2,3,1,事件节点1,3,node_d03_summon_shop,召唤强化商人,shop_offer,召唤强化商人,role_召唤,pal_035,灌木羊,风,青铜,2,1,90,风、召唤、召唤铺场、成长、核心
ysbzs-local-2,3,1,事件节点1,3,node_d03_summon_shop,召唤强化商人,shop_offer,召唤强化商人,role_召唤,pal_064,花冠龙,风,白银,4,2,65,风、召唤、召唤铺场、成长、核心
ysbzs-local-2,3,1,事件节点1,3,node_d03_summon_shop,召唤强化商人,shop_offer,召唤强化商人,role_召唤,pal_050,骑士蜂,风,白银,4,2,65,风、召唤、召唤铺场、成长、核心
ysbzs-local-2,3,1,事件节点1,3,node_d03_summon_shop,召唤强化商人,shop_offer,召唤强化商人,role_召唤,pal_083,精灵龙,风,白银,4,2,65,风、召唤、召唤铺场、成长、核心
ysbzs-local-2,3,1,事件节点1,3,node_d03_summon_shop,召唤强化商人,shop_offer,召唤强化商人,role_召唤,pal_063,秘斯媞雅,风,白银,2,1,65,风、召唤、召唤铺场、成长、核心
ysbzs-local-2,3,2,事件节点2,1,node_d03_reward_tier2,白银奖励,reward_pet,白银奖励,reward_pT2,pal_047,天擒鸟,风,白银,,1,45,风、机动、机动压制、灵活、泛用
ysbzs-local-2,3,2,事件节点2,1,node_d03_reward_tier2,白银奖励,reward_pet,白银奖励,reward_pT2,pal_106,夜幕魔蝠,土,白银,,3,45,土、坦克、召唤铺场、防御、前排、阻挡
ysbzs-local-2,3,2,事件节点2,2,node_d03_summon_shop,召唤强化商人,shop_offer,召唤强化商人,role_召唤,pal_035,灌木羊,风,青铜,2,1,90,风、召唤、召唤铺场、成长、核心
ysbzs-local-2,3,2,事件节点2,2,node_d03_summon_shop,召唤强化商人,shop_offer,召唤强化商人,role_召唤,pal_050,骑士蜂,风,白银,4,2,65,风、召唤、召唤铺场、成长、核心
ysbzs-local-2,3,2,事件节点2,2,node_d03_summon_shop,召唤强化商人,shop_offer,召唤强化商人,role_召唤,pal_035,灌木羊,风,青铜,2,1,90,风、召唤、召唤铺场、成长、核心
ysbzs-local-2,3,2,事件节点2,2,node_d03_summon_shop,召唤强化商人,shop_offer,召唤强化商人,role_召唤,pal_083,精灵龙,风,白银,4,2,65,风、召唤、召唤铺场、成长、核心
ysbzs-local-2,3,2,事件节点2,2,node_d03_summon_shop,召唤强化商人,shop_offer,召唤强化商人,role_召唤,pal_035,灌木羊,风,青铜,2,1,90,风、召唤、召唤铺场、成长、核心
ysbzs-local-2,3,2,事件节点2,2,node_d03_summon_shop,召唤强化商人,shop_offer,召唤强化商人,role_召唤,pal_050,骑士蜂,风,白银,4,2,65,风、召唤、召唤铺场、成长、核心
ysbzs-local-2,3,2,事件节点2,2,node_d03_summon_shop,召唤强化商人,shop_offer,召唤强化商人,role_召唤,pal_072,融焰娘,火,白银,2,1,65,火、召唤、召唤铺场、成长、核心
ysbzs-local-2,3,2,事件节点2,3,node_d03_fire_shop,火系强化商人,shop_offer,火系强化商人,elem_火,pal_079,焰巫狐,火,白银,4,2,70,火、输出、成长输出、爆发、前排
ysbzs-local-2,3,2,事件节点2,3,node_d03_fire_shop,火系强化商人,shop_offer,火系强化商人,elem_火,pal_009,燎火鹿,火,青铜,4,2,100,火、输出、火系压制、爆发、前排
ysbzs-local-2,3,2,事件节点2,3,node_d03_fire_shop,火系强化商人,shop_offer,火系强化商人,elem_火,pal_042,炽焰牛,火,白银,2,1,70,火、输出、火系压制、爆发、前排
ysbzs-local-2,3,2,事件节点2,3,node_d03_fire_shop,火系强化商人,shop_offer,火系强化商人,elem_火,pal_073,烽歌龙,火,白银,4,2,70,火、机动、火系压制、灵活、泛用
ysbzs-local-2,3,2,事件节点2,3,node_d03_fire_shop,火系强化商人,shop_offer,火系强化商人,elem_火,pal_072,融焰娘,火,白银,2,1,70,火、召唤、召唤铺场、成长、核心
ysbzs-local-2,3,2,事件节点2,3,node_d03_fire_shop,火系强化商人,shop_offer,火系强化商人,elem_火,pal_009,燎火鹿,火,青铜,4,2,100,火、输出、火系压制、爆发、前排
ysbzs-local-2,3,4,事件节点3,1,node_d03_fire_shop,火系强化商人,shop_offer,火系强化商人,elem_火,pal_090,狱阎王,火,白银,6,3,70,火、输出、召唤铺场、爆发、前排
ysbzs-local-2,3,4,事件节点3,1,node_d03_fire_shop,火系强化商人,shop_offer,火系强化商人,elem_火,pal_005,火绒狐,火,青铜,4,2,100,火、抗压承伤、爆发、前排
ysbzs-local-2,3,4,事件节点3,1,node_d03_fire_shop,火系强化商人,shop_offer,火系强化商人,elem_火,pal_061,苍焰狼,火,白银,4,2,70,火、输出、成长输出、爆发、前排
ysbzs-local-2,3,4,事件节点3,1,node_d03_fire_shop,火系强化商人,shop_offer,火系强化商人,elem_火,pal_005,火绒狐,火,青铜,4,2,100,火、抗压承伤、爆发、前排
ysbzs-local-2,3,4,事件节点3,1,node_d03_fire_shop,火系强化商人,shop_offer,火系强化商人,elem_火,pal_075,浪刃武士,火,白银,2,1,70,火、输出、火系压制、爆发、前排
ysbzs-local-2,3,4,事件节点3,2,node_d03_tier2_shop,白银预备商人,shop_offer,白银预备商人,tier_pT2,pal_037,紫霞鹿,风,白银,2,1,80,风、机动、机动压制、灵活、泛用
ysbzs-local-2,3,4,事件节点3,2,node_d03_tier2_shop,白银预备商人,shop_offer,白银预备商人,tier_pT2,pal_081,薇莉塔,风,白银,2,1,80,风、治疗、远点压制、后排、增益
ysbzs-local-2,3,4,事件节点3,2,node_d03_tier2_shop,白银预备商人,shop_offer,白银预备商人,tier_pT2,pal_043,趴趴鲶,土,白银,2,1,80,土、治疗、土系抗压、后排、增益
ysbzs-local-2,3,4,事件节点3,2,node_d03_tier2_shop,白银预备商人,shop_offer,白银预备商人,tier_pT2,pal_093,连理龙,风,白银,4,2,80,风、召唤、召唤铺场、成长、核心
ysbzs-local-2,3,4,事件节点3,2,node_d03_tier2_shop,白银预备商人,shop_offer,白银预备商人,tier_pT2,pal_049,铁拳猿,风,白银,2,1,80,风、坦克、抗压承伤、防御、前排、阻挡
ysbzs-local-2,3,4,事件节点3,2,node_d03_tier2_shop,白银预备商人,shop_offer,白银预备商人,tier_pT2,pal_037,紫霞鹿,风,白银,2,1,80,风、机动、机动压制、灵活、泛用
ysbzs-local-2,3,4,事件节点3,2,node_d03_tier2_shop,白银预备商人,shop_offer,白银预备商人,tier_pT2,pal_107,天羽龙,风,白银,6,3,80,风、机动、机动压制、灵活、泛用
ysbzs-local-2,3,4,事件节点3,3,node_d03_reward_tier2,白银奖励,reward_pet,白银奖励,reward_pT2,pal_106,夜幕魔蝠,土,白银,,3,45,土、坦克、召唤铺场、防御、前排、阻挡
ysbzs-local-2,3,4,事件节点3,3,node_d03_reward_tier2,白银奖励,reward_pet,白银奖励,reward_pT2,pal_069,碎岩龟,土,白银,,2,45,土、坦克、抗压承伤、防御、前排、阻挡
ysbzs-local-2,3,5,事件节点4,1,node_d03_tier2_shop,白银预备商人,shop_offer,白银预备商人,tier_pT2,pal_103,绿苔绒怪,风,白银,2,1,80,风、坦克、抗压承伤、防御、前排、阻挡
ysbzs-local-2,3,5,事件节点4,1,node_d03_tier2_shop,白银预备商人,shop_offer,白银预备商人,tier_pT2,pal_049,铁拳猿,风,白银,2,1,80,风、坦克、抗压承伤、防御、前排、阻挡
ysbzs-local-2,3,5,事件节点4,1,node_d03_tier2_shop,白银预备商人,shop_offer,白银预备商人,tier_pT2,pal_068,噬魂兽,土,白银,4,2,80,土、坦克、抗压承伤、防御、前排、阻挡
ysbzs-local-2,3,5,事件节点4,1,node_d03_tier2_shop,白银预备商人,shop_offer,白银预备商人,tier_pT2,pal_096,熔岩兽,火,白银,6,3,80,火、坦克、重甲抗压、防御、前排、阻挡
ysbzs-local-2,3,5,事件节点4,1,node_d03_tier2_shop,白银预备商人,shop_offer,白银预备商人,tier_pT2,pal_068,噬魂兽,土,白银,4,2,80,土、坦克、抗压承伤、防御、前排、阻挡
ysbzs-local-2,3,5,事件节点4,1,node_d03_tier2_shop,白银预备商人,shop_offer,白银预备商人,tier_pT2,pal_075,浪刃武士,火,白银,2,1,80,火、输出、火系压制、爆发、前排
ysbzs-local-2,3,5,事件节点4,2,node_d03_fire_shop,火系强化商人,shop_offer,火系强化商人,elem_火,pal_040,炎魔羊,火,白银,4,2,70,火、输出、火系压制、爆发、前排
ysbzs-local-2,3,5,事件节点4,2,node_d03_fire_shop,火系强化商人,shop_offer,火系强化商人,elem_火,pal_005,火绒狐,火,青铜,4,2,100,火、抗压承伤、爆发、前排
ysbzs-local-2,3,5,事件节点4,2,node_d03_fire_shop,火系强化商人,shop_offer,火系强化商人,elem_火,pal_079,焰巫狐,火,白银,4,2,70,火、输出、成长输出、爆发、前排
ysbzs-local-2,3,5,事件节点4,2,node_d03_fire_shop,火系强化商人,shop_offer,火系强化商人,elem_火,pal_077,燧火鸟,火,白银,4,2,70,火、机动、火系压制、灵活、泛用
ysbzs-local-2,3,5,事件节点4,2,node_d03_fire_shop,火系强化商人,shop_offer,火系强化商人,elem_火,pal_086,火灵儿,火,白银,2,1,70,火、输出、火系压制、爆发、前排
ysbzs-local-2,3,5,事件节点4,2,node_d03_fire_shop,火系强化商人,shop_offer,火系强化商人,elem_火,pal_042,炽焰牛,火,白银,2,1,70,火、输出、火系压制、爆发、前排
ysbzs-local-2,3,5,事件节点4,3,node_d03_summon_shop,召唤强化商人,shop_offer,召唤强化商人,role_召唤,pal_035,灌木羊,风,青铜,2,1,90,风、召唤、召唤铺场、成长、核心
ysbzs-local-2,3,5,事件节点4,3,node_d03_summon_shop,召唤强化商人,shop_offer,召唤强化商人,role_召唤,pal_072,融焰娘,火,白银,2,1,65,火、召唤、召唤铺场、成长、核心
ysbzs-local-2,3,5,事件节点4,3,node_d03_summon_shop,召唤强化商人,shop_offer,召唤强化商人,role_召唤,pal_050,骑士蜂,风,白银,4,2,65,风、召唤、召唤铺场、成长、核心
ysbzs-local-2,3,5,事件节点4,3,node_d03_summon_shop,召唤强化商人,shop_offer,召唤强化商人,role_召唤,pal_063,秘斯媞雅,风,白银,2,1,65,风、召唤、召唤铺场、成长、核心
ysbzs-local-2,3,5,事件节点4,3,node_d03_summon_shop,召唤强化商人,shop_offer,召唤强化商人,role_召唤,pal_063,秘斯媞雅,风,白银,2,1,65,风、召唤、召唤铺场、成长、核心
ysbzs-local-2,3,5,事件节点4,3,node_d03_summon_shop,召唤强化商人,shop_offer,召唤强化商人,role_召唤,pal_083,精灵龙,风,白银,4,2,65,风、召唤、召唤铺场、成长、核心
ysbzs-local-2,3,5,事件节点4,3,node_d03_summon_shop,召唤强化商人,shop_offer,召唤强化商人,role_召唤,pal_035,灌木羊,风,青铜,2,1,90,风、召唤、召唤铺场、成长、核心
ysbzs-local-2,3,5,事件节点4,3,node_d03_summon_shop,召唤强化商人,shop_offer,召唤强化商人,role_召唤,pal_063,秘斯媞雅,风,白银,2,1,65,风、召唤、召唤铺场、成长、核心
ysbzs-local-2,4,1,事件节点1,1,node_d04_tier2_shop,白银商会,shop_offer,白银商会,tier_pT2,pal_099,冰帝美露帕,水,白银,2,1,80,水、坦克、抗压承伤、防御、前排、阻挡
ysbzs-local-2,4,1,事件节点1,1,node_d04_tier2_shop,白银商会,shop_offer,白银商会,tier_pT2,pal_083,精灵龙,风,白银,4,2,80,风、召唤、召唤铺场、成长、核心
ysbzs-local-2,4,1,事件节点1,1,node_d04_tier2_shop,白银商会,shop_offer,白银商会,tier_pT2,pal_066,滑水蛇,水,白银,2,1,80,水、治疗、水系牵制、后排、增益
ysbzs-local-2,4,1,事件节点1,1,node_d04_tier2_shop,白银商会,shop_offer,白银商会,tier_pT2,pal_110,魔渊龙,土,白银,6,3,80,土、坦克、诅咒牵制、防御、前排、阻挡
ysbzs-local-2,4,1,事件节点1,1,node_d04_tier2_shop,白银商会,shop_offer,白银商会,tier_pT2,pal_098,君王美露帕,风,白银,4,2,80,风、经济、夹击牵制、召唤、发育
ysbzs-local-2,4,1,事件节点1,1,node_d04_tier2_shop,白银商会,shop_offer,白银商会,tier_pT2,pal_044,黑鸦隐士,土,白银,2,1,80,土、坦克、抗压承伤、防御、前排、阻挡
ysbzs-local-2,4,1,事件节点1,2,node_d04_reward_tier2,白银奖励,reward_pet,白银奖励,reward_pT2,pal_091,佩克龙,水,白银,,3,45,水、坦克、重甲抗压、防御、前排、阻挡
ysbzs-local-2,4,1,事件节点1,2,node_d04_reward_tier2,白银奖励,reward_pet,白银奖励,reward_pT2,pal_086,火灵儿,火,白银,,1,45,火、输出、火系压制、爆发、前排
ysbzs-local-2,4,1,事件节点1,3,node_d04_control_shop,控制补强商人,shop_offer,控制补强商人,role_控制,pal_065,雷冠龙,风,白银,4,2,65,风、控制、风系牵制、牵制、范围、机动
ysbzs-local-2,4,1,事件节点1,3,node_d04_control_shop,控制补强商人,shop_offer,控制补强商人,role_控制,pal_059,严冬鹿,水,白银,2,1,65,水、控制、水系牵制、牵制、范围、机动
ysbzs-local-2,4,1,事件节点1,3,node_d04_control_shop,控制补强商人,shop_offer,控制补强商人,role_控制,pal_054,毛老爹,水,白银,2,1,65,水、控制、水系牵制、牵制、范围、机动
ysbzs-local-2,4,1,事件节点1,3,node_d04_control_shop,控制补强商人,shop_offer,控制补强商人,role_控制,pal_059,严冬鹿,水,白银,2,1,65,水、控制、水系牵制、牵制、范围、机动
ysbzs-local-2,4,1,事件节点1,3,node_d04_control_shop,控制补强商人,shop_offer,控制补强商人,role_控制,pal_053,毛掸儿,水,白银,2,1,65,水、控制、水系牵制、牵制、范围、机动
ysbzs-local-2,4,1,事件节点1,3,node_d04_control_shop,控制补强商人,shop_offer,控制补强商人,role_控制,pal_059,严冬鹿,水,白银,2,1,65,水、控制、水系牵制、牵制、范围、机动
ysbzs-local-2,4,1,事件节点1,3,node_d04_control_shop,控制补强商人,shop_offer,控制补强商人,role_控制,pal_059,严冬鹿,水,白银,2,1,65,水、控制、水系牵制、牵制、范围、机动
ysbzs-local-2,4,1,事件节点1,3,node_d04_control_shop,控制补强商人,shop_offer,控制补强商人,role_控制,pal_054,毛老爹,水,白银,2,1,65,水、控制、水系牵制、牵制、范围、机动
ysbzs-local-2,4,1,事件节点1,3,node_d04_control_shop,控制补强商人,shop_offer,控制补强商人,role_控制,pal_053,毛掸儿,水,白银,2,1,65,水、控制、水系牵制、牵制、范围、机动
ysbzs-local-2,4,2,事件节点2,1,node_d04_wind_shop,风系补货商人,shop_offer,风系补货商人,elem_风,pal_047,天擒鸟,风,白银,2,1,70,风、机动、机动压制、灵活、泛用
ysbzs-local-2,4,2,事件节点2,1,node_d04_wind_shop,风系补货商人,shop_offer,风系补货商人,elem_风,pal_052,笑魇猫,风,白银,2,1,70,风、机动、机动压制、灵活、泛用
ysbzs-local-2,4,2,事件节点2,1,node_d04_wind_shop,风系补货商人,shop_offer,风系补货商人,elem_风,pal_098,君王美露帕,风,白银,4,2,70,风、经济、夹击牵制、召唤、发育
ysbzs-local-2,4,2,事件节点2,1,node_d04_wind_shop,风系补货商人,shop_offer,风系补货商人,elem_风,pal_071,博爱蜥,风,白银,2,1,70,风、治疗、远点压制、后排、增益
ysbzs-local-2,4,2,事件节点2,1,node_d04_wind_shop,风系补货商人,shop_offer,风系补货商人,elem_风,pal_103,绿苔绒怪,风,白银,2,1,70,风、坦克、抗压承伤、防御、前排、阻挡
ysbzs-local-2,4,2,事件节点2,1,node_d04_wind_shop,风系补货商人,shop_offer,风系补货商人,elem_风,pal_030,荆棘魔仙,风,青铜,6,3,100,风、治疗、风系铺场、后排、增益
ysbzs-local-2,4,2,事件节点2,1,node_d04_wind_shop,风系补货商人,shop_offer,风系补货商人,elem_风,pal_049,铁拳猿,风,白银,2,1,70,风、坦克、抗压承伤、防御、前排、阻挡
ysbzs-local-2,4,2,事件节点2,2,node_d04_tier2_shop,白银商会,shop_offer,白银商会,tier_pT2,pal_048,羽箭射手,风,白银,2,1,80,风、治疗、远点压制、后排、增益
ysbzs-local-2,4,2,事件节点2,2,node_d04_tier2_shop,白银商会,shop_offer,白银商会,tier_pT2,pal_039,姬小兔,风,白银,2,1,80,风、坦克、抗压承伤、防御、前排、阻挡
ysbzs-local-2,4,2,事件节点2,2,node_d04_tier2_shop,白银商会,shop_offer,白银商会,tier_pT2,pal_084,水灵龙,水,白银,4,2,80,水、治疗、水系牵制、后排、增益
ysbzs-local-2,4,2,事件节点2,2,node_d04_tier2_shop,白银商会,shop_offer,白银商会,tier_pT2,pal_110,魔渊龙,土,白银,6,3,80,土、坦克、诅咒牵制、防御、前排、阻挡
ysbzs-local-2,4,2,事件节点2,2,node_d04_tier2_shop,白银商会,shop_offer,白银商会,tier_pT2,pal_056,雷角马,风,白银,2,1,80,风、控制、风系牵制、牵制、范围、机动
ysbzs-local-2,4,2,事件节点2,2,node_d04_tier2_shop,白银商会,shop_offer,白银商会,tier_pT2,pal_053,毛掸儿,水,白银,2,1,80,水、控制、水系牵制、牵制、范围、机动
ysbzs-local-2,4,2,事件节点2,2,node_d04_tier2_shop,白银商会,shop_offer,白银商会,tier_pT2,pal_045,朋克蜥,土,白银,2,1,80,土、坦克、抗压承伤、防御、前排、阻挡
ysbzs-local-2,4,2,事件节点2,3,node_d04_reward_tier2,白银奖励,reward_pet,白银奖励,reward_pT2,pal_079,焰巫狐,火,白银,,2,45,火、输出、成长输出、爆发、前排
ysbzs-local-2,4,2,事件节点2,3,node_d04_reward_tier2,白银奖励,reward_pet,白银奖励,reward_pT2,pal_054,毛老爹,水,白银,,1,45,水、控制、水系牵制、牵制、范围、机动
ysbzs-local-2,4,4,事件节点3,1,node_d04_reward_tier2,白银奖励,reward_pet,白银奖励,reward_pT2,pal_102,白绒雪怪,水,白银,,1,45,水、坦克、抗压承伤、防御、前排、阻挡
ysbzs-local-2,4,4,事件节点3,1,node_d04_reward_tier2,白银奖励,reward_pet,白银奖励,reward_pT2,pal_036,美露帕,风,白银,,1,45,风、经济、远点压制、召唤、发育
ysbzs-local-2,4,4,事件节点3,2,node_d04_control_shop,控制补强商人,shop_offer,控制补强商人,role_控制,pal_062,雷鸣童子,风,白银,2,1,65,风、控制、风系牵制、牵制、范围、机动
ysbzs-local-2,4,4,事件节点3,2,node_d04_control_shop,控制补强商人,shop_offer,控制补强商人,role_控制,pal_076,迅雷鸟,风,白银,6,3,65,风、控制、风系牵制、牵制、范围、机动
ysbzs-local-2,4,4,事件节点3,2,node_d04_control_shop,控制补强商人,shop_offer,控制补强商人,role_控制,pal_055,疾旋鼬,水,白银,4,2,65,水、控制、召唤铺场、牵制、范围、机动
ysbzs-local-2,4,4,事件节点3,2,node_d04_control_shop,控制补强商人,shop_offer,控制补强商人,role_控制,pal_012,电棘鼠,风,青铜,4,2,90,风、控制、风系牵制、牵制、范围、机动
ysbzs-local-2,4,4,事件节点3,2,node_d04_control_shop,控制补强商人,shop_offer,控制补强商人,role_控制,pal_012,电棘鼠,风,青铜,4,2,90,风、控制、风系牵制、牵制、范围、机动
ysbzs-local-2,4,4,事件节点3,3,node_d04_wind_shop,风系补货商人,shop_offer,风系补货商人,elem_风,pal_034,棉花糖,风,青铜,2,1,100,风、经济、远点压制、召唤、发育
ysbzs-local-2,4,4,事件节点3,3,node_d04_wind_shop,风系补货商人,shop_offer,风系补货商人,elem_风,pal_098,君王美露帕,风,白银,4,2,70,风、经济、夹击牵制、召唤、发育
ysbzs-local-2,4,4,事件节点3,3,node_d04_wind_shop,风系补货商人,shop_offer,风系补货商人,elem_风,pal_052,笑魇猫,风,白银,2,1,70,风、机动、机动压制、灵活、泛用
ysbzs-local-2,4,4,事件节点3,3,node_d04_wind_shop,风系补货商人,shop_offer,风系补货商人,elem_风,pal_035,灌木羊,风,青铜,2,1,100,风、召唤、召唤铺场、成长、核心
ysbzs-local-2,4,4,事件节点3,3,node_d04_wind_shop,风系补货商人,shop_offer,风系补货商人,elem_风,pal_030,荆棘魔仙,风,青铜,6,3,100,风、治疗、风系铺场、后排、增益
ysbzs-local-2,4,4,事件节点3,3,node_d04_wind_shop,风系补货商人,shop_offer,风系补货商人,elem_风,pal_002,捣蛋猫,风,青铜,2,1,100,风、抗压单点、前排、阻挡
ysbzs-local-2,4,4,事件节点3,3,node_d04_wind_shop,风系补货商人,shop_offer,风系补货商人,elem_风,pal_002,捣蛋猫,风,青铜,2,1,100,风、抗压单点、前排、阻挡
ysbzs-local-2,4,5,事件节点4,1,node_d04_wind_shop,风系补货商人,shop_offer,风系补货商人,elem_风,pal_064,花冠龙,风,白银,4,2,70,风、召唤、召唤铺场、成长、核心
ysbzs-local-2,4,5,事件节点4,1,node_d04_wind_shop,风系补货商人,shop_offer,风系补货商人,elem_风,pal_026,猎狼,风,青铜,4,2,100,风、机动、抗压承伤、灵活、泛用
ysbzs-local-2,4,5,事件节点4,1,node_d04_wind_shop,风系补货商人,shop_offer,风系补货商人,elem_风,pal_033,叶胖达,风,青铜,4,2,100,风、坦克、抗压承伤、防御、前排、阻挡
ysbzs-local-2,4,5,事件节点4,1,node_d04_wind_shop,风系补货商人,shop_offer,风系补货商人,elem_风,pal_080,踏春兔,风,白银,2,1,70,风、治疗、远点压制、后排、增益
ysbzs-local-2,4,5,事件节点4,1,node_d04_wind_shop,风系补货商人,shop_offer,风系补货商人,elem_风,pal_105,云海鹿,风,白银,2,1,70,风、机动、机动压制、灵活、泛用
ysbzs-local-2,4,5,事件节点4,1,node_d04_wind_shop,风系补货商人,shop_offer,风系补货商人,elem_风,pal_038,疾风隼,风,白银,2,1,70,风、机动、机动压制、灵活、泛用
ysbzs-local-2,4,5,事件节点4,1,node_d04_wind_shop,风系补货商人,shop_offer,风系补货商人,elem_风,pal_035,灌木羊,风,青铜,2,1,100,风、召唤、召唤铺场、成长、核心
ysbzs-local-2,4,5,事件节点4,2,node_d04_control_shop,控制补强商人,shop_offer,控制补强商人,role_控制,pal_053,毛掸儿,水,白银,2,1,65,水、控制、水系牵制、牵制、范围、机动
ysbzs-local-2,4,5,事件节点4,2,node_d04_control_shop,控制补强商人,shop_offer,控制补强商人,role_控制,pal_055,疾旋鼬,水,白银,4,2,65,水、控制、召唤铺场、牵制、范围、机动
ysbzs-local-2,4,5,事件节点4,2,node_d04_control_shop,控制补强商人,shop_offer,控制补强商人,role_控制,pal_056,雷角马,风,白银,2,1,65,风、控制、风系牵制、牵制、范围、机动
ysbzs-local-2,4,5,事件节点4,2,node_d04_control_shop,控制补强商人,shop_offer,控制补强商人,role_控制,pal_076,迅雷鸟,风,白银,6,3,65,风、控制、风系牵制、牵制、范围、机动
ysbzs-local-2,4,5,事件节点4,2,node_d04_control_shop,控制补强商人,shop_offer,控制补强商人,role_控制,pal_065,雷冠龙,风,白银,4,2,65,风、控制、风系牵制、牵制、范围、机动
ysbzs-local-2,4,5,事件节点4,2,node_d04_control_shop,控制补强商人,shop_offer,控制补强商人,role_控制,pal_054,毛老爹,水,白银,2,1,65,水、控制、水系牵制、牵制、范围、机动
ysbzs-local-2,4,5,事件节点4,3,node_d04_reward_tier2,白银奖励,reward_pet,白银奖励,reward_pT2,pal_076,迅雷鸟,风,白银,,3,45,风、控制、风系牵制、牵制、范围、机动
ysbzs-local-2,4,5,事件节点4,3,node_d04_reward_tier2,白银奖励,reward_pet,白银奖励,reward_pT2,pal_067,流沙蛇,土,白银,,2,45,土、坦克、召唤铺场、防御、前排、阻挡
ysbzs-local-2,5,1,事件节点1,1,node_d05_tier2_shop,白银精选商会,shop_offer,白银精选商会,tier_pT2,pal_058,火麒麟,火,白银,2,1,80,火、输出、火系压制、爆发、前排
ysbzs-local-2,5,1,事件节点1,1,node_d05_tier2_shop,白银精选商会,shop_offer,白银精选商会,tier_pT2,pal_076,迅雷鸟,风,白银,6,3,80,风、控制、风系牵制、牵制、范围、机动
ysbzs-local-2,5,1,事件节点1,1,node_d05_tier2_shop,白银精选商会,shop_offer,白银精选商会,tier_pT2,pal_095,花丽娜,风,白银,2,1,80,风、治疗、远点压制、后排、增益
ysbzs-local-2,5,1,事件节点1,1,node_d05_tier2_shop,白银精选商会,shop_offer,白银精选商会,tier_pT2,pal_077,燧火鸟,火,白银,4,2,80,火、机动、火系压制、灵活、泛用
ysbzs-local-2,5,1,事件节点1,1,node_d05_tier2_shop,白银精选商会,shop_offer,白银精选商会,tier_pT2,pal_109,雷冥鸟,土,白银,2,1,80,土、机动、土系抗压、灵活、泛用
ysbzs-local-2,5,1,事件节点1,1,node_d05_tier2_shop,白银精选商会,shop_offer,白银精选商会,tier_pT2,pal_095,花丽娜,风,白银,2,1,80,风、治疗、远点压制、后排、增益
ysbzs-local-2,5,1,事件节点1,1,node_d05_tier2_shop,白银精选商会,shop_offer,白银精选商会,tier_pT2,pal_048,羽箭射手,风,白银,2,1,80,风、治疗、远点压制、后排、增益
ysbzs-local-2,5,1,事件节点1,2,node_d05_reward_tier2,白银精选奖励,reward_pet,白银精选奖励,reward_pT2,pal_049,铁拳猿,风,白银,,1,45,风、坦克、抗压承伤、防御、前排、阻挡
ysbzs-local-2,5,1,事件节点1,2,node_d05_reward_tier2,白银精选奖励,reward_pet,白银精选奖励,reward_pT2,pal_063,秘斯媞雅,风,白银,,1,45,风、召唤、召唤铺场、成长、核心
ysbzs-local-2,5,1,事件节点1,3,node_d05_heal_shop,治疗补强商人,shop_offer,治疗补强商人,role_治疗,pal_030,荆棘魔仙,风,青铜,6,3,90,风、治疗、风系铺场、后排、增益
ysbzs-local-2,5,1,事件节点1,3,node_d05_heal_shop,治疗补强商人,shop_offer,治疗补强商人,role_治疗,pal_010,企丸丸,水,青铜,4,2,90,水、治疗、水系牵制、后排、增益
ysbzs-local-2,5,1,事件节点1,3,node_d05_heal_shop,治疗补强商人,shop_offer,治疗补强商人,role_治疗,pal_078,暗巫猫,土,白银,2,1,65,土、治疗、土系抗压、后排、增益
ysbzs-local-2,5,1,事件节点1,3,node_d05_heal_shop,治疗补强商人,shop_offer,治疗补强商人,role_治疗,pal_011,企丸王,水,青铜,4,2,90,水、治疗、水系牵制、后排、增益
ysbzs-local-2,5,1,事件节点1,3,node_d05_heal_shop,治疗补强商人,shop_offer,治疗补强商人,role_治疗,pal_043,趴趴鲶,土,白银,2,1,65,土、治疗、土系抗压、后排、增益
ysbzs-local-2,5,1,事件节点1,3,node_d05_heal_shop,治疗补强商人,shop_offer,治疗补强商人,role_治疗,pal_085,水灵儿,水,白银,2,1,65,水、治疗、水系牵制、后排、增益
ysbzs-local-2,5,2,事件节点2,1,node_d05_tier2_shop,白银精选商会,shop_offer,白银精选商会,tier_pT2,pal_083,精灵龙,风,白银,4,2,80,风、召唤、召唤铺场、成长、核心
ysbzs-local-2,5,2,事件节点2,1,node_d05_tier2_shop,白银精选商会,shop_offer,白银精选商会,tier_pT2,pal_070,猫蝠怪,土,白银,4,2,80,土、坦克、抗压承伤、防御、前排、阻挡
ysbzs-local-2,5,2,事件节点2,1,node_d05_tier2_shop,白银精选商会,shop_offer,白银精选商会,tier_pT2,pal_102,白绒雪怪,水,白银,2,1,80,水、坦克、抗压承伤、防御、前排、阻挡
ysbzs-local-2,5,2,事件节点2,1,node_d05_tier2_shop,白银精选商会,shop_offer,白银精选商会,tier_pT2,pal_096,熔岩兽,火,白银,6,3,80,火、坦克、重甲抗压、防御、前排、阻挡
ysbzs-local-2,5,2,事件节点2,1,node_d05_tier2_shop,白银精选商会,shop_offer,白银精选商会,tier_pT2,pal_079,焰巫狐,火,白银,4,2,80,火、输出、成长输出、爆发、前排
ysbzs-local-2,5,2,事件节点2,2,node_d05_water_shop,水系治疗商人,shop_offer,水系治疗商人,elem_水,pal_091,佩克龙,水,白银,6,3,70,水、坦克、重甲抗压、防御、前排、阻挡
ysbzs-local-2,5,2,事件节点2,2,node_d05_water_shop,水系治疗商人,shop_offer,水系治疗商人,elem_水,pal_087,碧海龙,水,白银,4,2,70,水、治疗、水系牵制、后排、增益
ysbzs-local-2,5,2,事件节点2,2,node_d05_water_shop,水系治疗商人,shop_offer,水系治疗商人,elem_水,pal_057,吹雪狐,水,白银,2,1,70,水、控制、水系牵制、牵制、范围、机动
ysbzs-local-2,5,2,事件节点2,2,node_d05_water_shop,水系治疗商人,shop_offer,水系治疗商人,elem_水,pal_085,水灵儿,水,白银,2,1,70,水、治疗、水系牵制、后排、增益
ysbzs-local-2,5,2,事件节点2,2,node_d05_water_shop,水系治疗商人,shop_offer,水系治疗商人,elem_水,pal_088,冰棘兽,水,白银,4,2,70,水、坦克、抗压承伤、防御、前排、阻挡
ysbzs-local-2,5,2,事件节点2,2,node_d05_water_shop,水系治疗商人,shop_offer,水系治疗商人,elem_水,pal_099,冰帝美露帕,水,白银,2,1,70,水、坦克、抗压承伤、防御、前排、阻挡
ysbzs-local-2,5,2,事件节点2,3,node_d05_heal_shop,治疗补强商人,shop_offer,治疗补强商人,role_治疗,pal_031,鲨小子,水,青铜,4,2,90,水、治疗、抗压承伤、后排、增益
ysbzs-local-2,5,2,事件节点2,3,node_d05_heal_shop,治疗补强商人,shop_offer,治疗补强商人,role_治疗,pal_094,海誓龙,水,白银,4,2,65,水、治疗、水系牵制、后排、增益
ysbzs-local-2,5,2,事件节点2,3,node_d05_heal_shop,治疗补强商人,shop_offer,治疗补强商人,role_治疗,pal_071,博爱蜥,风,白银,2,1,65,风、治疗、远点压制、后排、增益
ysbzs-local-2,5,2,事件节点2,3,node_d05_heal_shop,治疗补强商人,shop_offer,治疗补强商人,role_治疗,pal_094,海誓龙,水,白银,4,2,65,水、治疗、水系牵制、后排、增益
ysbzs-local-2,5,2,事件节点2,3,node_d05_heal_shop,治疗补强商人,shop_offer,治疗补强商人,role_治疗,pal_051,女皇蜂,风,白银,2,1,65,风、治疗、远点压制、后排、增益
ysbzs-local-2,5,2,事件节点2,3,node_d05_heal_shop,治疗补强商人,shop_offer,治疗补强商人,role_治疗,pal_071,博爱蜥,风,白银,2,1,65,风、治疗、远点压制、后排、增益
ysbzs-local-2,5,2,事件节点2,3,node_d05_heal_shop,治疗补强商人,shop_offer,治疗补强商人,role_治疗,pal_048,羽箭射手,风,白银,2,1,65,风、治疗、远点压制、后排、增益
ysbzs-local-2,5,4,事件节点3,1,node_d05_reward_tier2,白银精选奖励,reward_pet,白银精选奖励,reward_pT2,pal_101,雪猛犸,水,白银,,3,45,水、坦克、重甲抗压、防御、前排、阻挡
ysbzs-local-2,5,4,事件节点3,1,node_d05_reward_tier2,白银精选奖励,reward_pet,白银精选奖励,reward_pT2,pal_052,笑魇猫,风,白银,,1,45,风、机动、机动压制、灵活、泛用
ysbzs-local-2,5,4,事件节点3,2,node_d05_tier2_shop,白银精选商会,shop_offer,白银精选商会,tier_pT2,pal_044,黑鸦隐士,土,白银,2,1,80,土、坦克、抗压承伤、防御、前排、阻挡
ysbzs-local-2,5,4,事件节点3,2,node_d05_tier2_shop,白银精选商会,shop_offer,白银精选商会,tier_pT2,pal_051,女皇蜂,风,白银,2,1,80,风、治疗、远点压制、后排、增益
ysbzs-local-2,5,4,事件节点3,2,node_d05_tier2_shop,白银精选商会,shop_offer,白银精选商会,tier_pT2,pal_078,暗巫猫,土,白银,2,1,80,土、治疗、土系抗压、后排、增益
ysbzs-local-2,5,4,事件节点3,2,node_d05_tier2_shop,白银精选商会,shop_offer,白银精选商会,tier_pT2,pal_088,冰棘兽,水,白银,4,2,80,水、坦克、抗压承伤、防御、前排、阻挡
ysbzs-local-2,5,4,事件节点3,2,node_d05_tier2_shop,白银精选商会,shop_offer,白银精选商会,tier_pT2,pal_064,花冠龙,风,白银,4,2,80,风、召唤、召唤铺场、成长、核心
ysbzs-local-2,5,4,事件节点3,2,node_d05_tier2_shop,白银精选商会,shop_offer,白银精选商会,tier_pT2,pal_065,雷冠龙,风,白银,4,2,80,风、控制、风系牵制、牵制、范围、机动
ysbzs-local-2,5,4,事件节点3,2,node_d05_tier2_shop,白银精选商会,shop_offer,白银精选商会,tier_pT2,pal_072,融焰娘,火,白银,2,1,80,火、召唤、召唤铺场、成长、核心
ysbzs-local-2,5,4,事件节点3,3,node_d05_heal_shop,治疗补强商人,shop_offer,治疗补强商人,role_治疗,pal_016,壶小象,水,青铜,6,3,90,水、治疗、水系控场、后排、增益
ysbzs-local-2,5,4,事件节点3,3,node_d05_heal_shop,治疗补强商人,shop_offer,治疗补强商人,role_治疗,pal_048,羽箭射手,风,白银,2,1,65,风、治疗、远点压制、后排、增益
ysbzs-local-2,5,4,事件节点3,3,node_d05_heal_shop,治疗补强商人,shop_offer,治疗补强商人,role_治疗,pal_087,碧海龙,水,白银,4,2,65,水、治疗、水系牵制、后排、增益
ysbzs-local-2,5,4,事件节点3,3,node_d05_heal_shop,治疗补强商人,shop_offer,治疗补强商人,role_治疗,pal_051,女皇蜂,风,白银,2,1,65,风、治疗、远点压制、后排、增益
ysbzs-local-2,5,4,事件节点3,3,node_d05_heal_shop,治疗补强商人,shop_offer,治疗补强商人,role_治疗,pal_028,波娜兔,风,青铜,6,3,90,风、治疗、风系铺场、后排、增益
ysbzs-local-2,5,5,事件节点4,1,node_d05_water_shop,水系治疗商人,shop_offer,水系治疗商人,elem_水,pal_006,冲浪鸭,水,青铜,4,2,100,水、毒伤牵制、后排、增益
ysbzs-local-2,5,5,事件节点4,1,node_d05_water_shop,水系治疗商人,shop_offer,水系治疗商人,elem_水,pal_016,壶小象,水,青铜,6,3,100,水、治疗、水系控场、后排、增益
ysbzs-local-2,5,5,事件节点4,1,node_d05_water_shop,水系治疗商人,shop_offer,水系治疗商人,elem_水,pal_031,鲨小子,水,青铜,4,2,100,水、治疗、抗压承伤、后排、增益
ysbzs-local-2,5,5,事件节点4,1,node_d05_water_shop,水系治疗商人,shop_offer,水系治疗商人,elem_水,pal_074,霜歌龙,水,白银,4,2,70,水、控制、水系牵制、牵制、范围、机动
ysbzs-local-2,5,5,事件节点4,1,node_d05_water_shop,水系治疗商人,shop_offer,水系治疗商人,elem_水,pal_053,毛掸儿,水,白银,2,1,70,水、控制、水系牵制、牵制、范围、机动
ysbzs-local-2,5,5,事件节点4,2,node_d05_reward_tier2,白银精选奖励,reward_pet,白银精选奖励,reward_pT2,pal_081,薇莉塔,风,白银,,1,45,风、治疗、远点压制、后排、增益
ysbzs-local-2,5,5,事件节点4,2,node_d05_reward_tier2,白银精选奖励,reward_pet,白银精选奖励,reward_pT2,pal_073,烽歌龙,火,白银,,2,45,火、机动、火系压制、灵活、泛用
ysbzs-local-2,5,5,事件节点4,3,node_d05_tier2_shop,白银精选商会,shop_offer,白银精选商会,tier_pT2,pal_105,云海鹿,风,白银,2,1,80,风、机动、机动压制、灵活、泛用
ysbzs-local-2,5,5,事件节点4,3,node_d05_tier2_shop,白银精选商会,shop_offer,白银精选商会,tier_pT2,pal_041,幻悦蝶,风,白银,2,1,80,风、治疗、远点压制、后排、增益
ysbzs-local-2,5,5,事件节点4,3,node_d05_tier2_shop,白银精选商会,shop_offer,白银精选商会,tier_pT2,pal_058,火麒麟,火,白银,2,1,80,火、输出、火系压制、爆发、前排
ysbzs-local-2,5,5,事件节点4,3,node_d05_tier2_shop,白银精选商会,shop_offer,白银精选商会,tier_pT2,pal_065,雷冠龙,风,白银,4,2,80,风、控制、风系牵制、牵制、范围、机动
ysbzs-local-2,5,5,事件节点4,3,node_d05_tier2_shop,白银精选商会,shop_offer,白银精选商会,tier_pT2,pal_039,姬小兔,风,白银,2,1,80,风、坦克、抗压承伤、防御、前排、阻挡
ysbzs-local-2,5,5,事件节点4,3,node_d05_tier2_shop,白银精选商会,shop_offer,白银精选商会,tier_pT2,pal_062,雷鸣童子,风,白银,2,1,80,风、控制、风系牵制、牵制、范围、机动
ysbzs-local-2,5,5,事件节点4,3,node_d05_tier2_shop,白银精选商会,shop_offer,白银精选商会,tier_pT2,pal_058,火麒麟,火,白银,2,1,80,火、输出、火系压制、爆发、前排
ysbzs-local-2,5,5,事件节点4,3,node_d05_tier2_shop,白银精选商会,shop_offer,白银精选商会,tier_pT2,pal_080,踏春兔,风,白银,2,1,80,风、治疗、远点压制、后排、增益
ysbzs-local-2,5,5,事件节点4,3,node_d05_tier2_shop,白银精选商会,shop_offer,白银精选商会,tier_pT2,pal_080,踏春兔,风,白银,2,1,80,风、治疗、远点压制、后排、增益
ysbzs-local-2,6,1,事件节点1,1,node_d06_tier3_shop,黄金商会,shop_offer,黄金商会,tier_pT3,pal_121,波鲁杰克斯,风,黄金,4,2,45,风、控制、风系牵制、牵制、范围、机动
ysbzs-local-2,6,1,事件节点1,1,node_d06_tier3_shop,黄金商会,shop_offer,黄金商会,tier_pT3,pal_120,荷鲁斯,火,黄金,2,1,45,火、机动、火系压制、灵活、泛用
ysbzs-local-2,6,1,事件节点1,1,node_d06_tier3_shop,黄金商会,shop_offer,黄金商会,tier_pT3,pal_119,黑月女王,土,黄金,2,1,45,土、治疗、土系抗压、后排、增益
ysbzs-local-2,6,1,事件节点1,1,node_d06_tier3_shop,黄金商会,shop_offer,黄金商会,tier_pT3,pal_120,荷鲁斯,火,黄金,2,1,45,火、机动、火系压制、灵活、泛用
ysbzs-local-2,6,1,事件节点1,1,node_d06_tier3_shop,黄金商会,shop_offer,黄金商会,tier_pT3,pal_114,腾炎龙,火,黄金,6,3,45,火、输出、火系重压、爆发、前排
ysbzs-local-2,6,1,事件节点1,1,node_d06_tier3_shop,黄金商会,shop_offer,黄金商会,tier_pT3,pal_125,唤冬兽,水,黄金,4,2,45,水、控制、水系牵制、牵制、范围、机动
ysbzs-local-2,6,1,事件节点1,2,node_d06_output_shop,输出补强商人,shop_offer,输出补强商人,role_输出,pal_042,炽焰牛,火,白银,2,1,65,火、输出、火系压制、爆发、前排
ysbzs-local-2,6,1,事件节点1,2,node_d06_output_shop,输出补强商人,shop_offer,输出补强商人,role_输出,pal_061,苍焰狼,火,白银,4,2,65,火、输出、成长输出、爆发、前排
ysbzs-local-2,6,1,事件节点1,2,node_d06_output_shop,输出补强商人,shop_offer,输出补强商人,role_输出,pal_075,浪刃武士,火,白银,2,1,65,火、输出、火系压制、爆发、前排
ysbzs-local-2,6,1,事件节点1,2,node_d06_output_shop,输出补强商人,shop_offer,输出补强商人,role_输出,pal_114,腾炎龙,火,黄金,6,3,30,火、输出、火系重压、爆发、前排
ysbzs-local-2,6,1,事件节点1,2,node_d06_output_shop,输出补强商人,shop_offer,输出补强商人,role_输出,pal_089,狱焰王,火,白银,6,3,65,火、输出、重甲抗压、爆发、前排
ysbzs-local-2,6,1,事件节点1,3,node_d06_reward_tier3,黄金奖励,reward_pet,黄金奖励,reward_pT3,pal_125,唤冬兽,水,黄金,,2,28,水、控制、水系牵制、牵制、范围、机动
ysbzs-local-2,6,1,事件节点1,3,node_d06_reward_tier3,黄金奖励,reward_pet,黄金奖励,reward_pT3,pal_125,唤冬兽,水,黄金,,2,28,水、控制、水系牵制、牵制、范围、机动
ysbzs-local-2,6,2,事件节点2,1,node_d06_tier3_shop,黄金商会,shop_offer,黄金商会,tier_pT3,pal_120,荷鲁斯,火,黄金,2,1,45,火、机动、火系压制、灵活、泛用
ysbzs-local-2,6,2,事件节点2,1,node_d06_tier3_shop,黄金商会,shop_offer,黄金商会,tier_pT3,pal_115,朱雀,火,黄金,2,1,45,火、机动、火系压制、灵活、泛用
ysbzs-local-2,6,2,事件节点2,1,node_d06_tier3_shop,黄金商会,shop_offer,黄金商会,tier_pT3,pal_117,暴电熊,风,黄金,2,1,45,风、控制、风系牵制、牵制、范围、机动
ysbzs-local-2,6,2,事件节点2,1,node_d06_tier3_shop,黄金商会,shop_offer,黄金商会,tier_pT3,pal_126,唤夜兽,土,黄金,4,2,45,土、控制、土系抗压、牵制、范围、机动
ysbzs-local-2,6,2,事件节点2,1,node_d06_tier3_shop,黄金商会,shop_offer,黄金商会,tier_pT3,pal_113,覆海龙,水,黄金,4,2,45,水、治疗、水系牵制、后排、增益
ysbzs-local-2,6,2,事件节点2,1,node_d06_tier3_shop,黄金商会,shop_offer,黄金商会,tier_pT3,pal_113,覆海龙,水,黄金,4,2,45,水、治疗、水系牵制、后排、增益
ysbzs-local-2,6,2,事件节点2,1,node_d06_tier3_shop,黄金商会,shop_offer,黄金商会,tier_pT3,pal_115,朱雀,火,黄金,2,1,45,火、机动、火系压制、灵活、泛用
ysbzs-local-2,6,2,事件节点2,2,node_d06_reward_tier3,黄金奖励,reward_pet,黄金奖励,reward_pT3,pal_112,阿努比斯,土,黄金,,1,28,土、输出、土系抗压、爆发、前排
ysbzs-local-2,6,2,事件节点2,2,node_d06_reward_tier3,黄金奖励,reward_pet,黄金奖励,reward_pT3,pal_119,黑月女王,土,黄金,,1,28,土、治疗、土系抗压、后排、增益
ysbzs-local-2,6,2,事件节点2,3,node_d06_fire_shop,火系爆发商人,shop_offer,火系爆发商人,elem_火,pal_090,狱阎王,火,白银,6,3,70,火、输出、召唤铺场、爆发、前排
ysbzs-local-2,6,2,事件节点2,3,node_d06_fire_shop,火系爆发商人,shop_offer,火系爆发商人,elem_火,pal_040,炎魔羊,火,白银,4,2,70,火、输出、火系压制、爆发、前排
ysbzs-local-2,6,2,事件节点2,3,node_d06_fire_shop,火系爆发商人,shop_offer,火系爆发商人,elem_火,pal_077,燧火鸟,火,白银,4,2,70,火、机动、火系压制、灵活、泛用
ysbzs-local-2,6,2,事件节点2,3,node_d06_fire_shop,火系爆发商人,shop_offer,火系爆发商人,elem_火,pal_042,炽焰牛,火,白银,2,1,70,火、输出、火系压制、爆发、前排
ysbzs-local-2,6,2,事件节点2,3,node_d06_fire_shop,火系爆发商人,shop_offer,火系爆发商人,elem_火,pal_058,火麒麟,火,白银,2,1,70,火、输出、火系压制、爆发、前排
ysbzs-local-2,6,2,事件节点2,3,node_d06_fire_shop,火系爆发商人,shop_offer,火系爆发商人,elem_火,pal_086,火灵儿,火,白银,2,1,70,火、输出、火系压制、爆发、前排
ysbzs-local-2,6,4,事件节点3,1,node_d06_fire_shop,火系爆发商人,shop_offer,火系爆发商人,elem_火,pal_089,狱焰王,火,白银,6,3,70,火、输出、重甲抗压、爆发、前排
ysbzs-local-2,6,4,事件节点3,1,node_d06_fire_shop,火系爆发商人,shop_offer,火系爆发商人,elem_火,pal_079,焰巫狐,火,白银,4,2,70,火、输出、成长输出、爆发、前排
ysbzs-local-2,6,4,事件节点3,1,node_d06_fire_shop,火系爆发商人,shop_offer,火系爆发商人,elem_火,pal_090,狱阎王,火,白银,6,3,70,火、输出、召唤铺场、爆发、前排
ysbzs-local-2,6,4,事件节点3,1,node_d06_fire_shop,火系爆发商人,shop_offer,火系爆发商人,elem_火,pal_077,燧火鸟,火,白银,4,2,70,火、机动、火系压制、灵活、泛用
ysbzs-local-2,6,4,事件节点3,2,node_d06_tier3_shop,黄金商会,shop_offer,黄金商会,tier_pT3,pal_116,清雀,水,黄金,2,1,45,水、治疗、水系牵制、后排、增益
ysbzs-local-2,6,4,事件节点3,2,node_d06_tier3_shop,黄金商会,shop_offer,黄金商会,tier_pT3,pal_111,冥铠蝎,土,黄金,2,1,45,土、坦克、抗压承伤、防御、前排、阻挡
ysbzs-local-2,6,4,事件节点3,2,node_d06_tier3_shop,黄金商会,shop_offer,黄金商会,tier_pT3,pal_122,异构格里芬,土,黄金,2,1,45,土、机动、土系抗压、灵活、泛用
ysbzs-local-2,6,4,事件节点3,2,node_d06_tier3_shop,黄金商会,shop_offer,黄金商会,tier_pT3,pal_123,圣光骑士,风,黄金,6,3,45,风、坦克、重甲抗压、防御、前排、阻挡
ysbzs-local-2,6,4,事件节点3,2,node_d06_tier3_shop,黄金商会,shop_offer,黄金商会,tier_pT3,pal_115,朱雀,火,黄金,2,1,45,火、机动、火系压制、灵活、泛用
ysbzs-local-2,6,4,事件节点3,2,node_d06_tier3_shop,黄金商会,shop_offer,黄金商会,tier_pT3,pal_111,冥铠蝎,土,黄金,2,1,45,土、坦克、抗压承伤、防御、前排、阻挡
ysbzs-local-2,6,4,事件节点3,2,node_d06_tier3_shop,黄金商会,shop_offer,黄金商会,tier_pT3,pal_127,空涡龙,风,黄金,4,2,45,风、机动、机动压制、灵活、泛用
ysbzs-local-2,6,4,事件节点3,3,node_d06_reward_tier3,黄金奖励,reward_pet,黄金奖励,reward_pT3,pal_118,百合女王,风,黄金,,1,28,风、治疗、远点压制、后排、增益
ysbzs-local-2,6,4,事件节点3,3,node_d06_reward_tier3,黄金奖励,reward_pet,黄金奖励,reward_pT3,pal_122,异构格里芬,土,黄金,,1,28,土、机动、土系抗压、灵活、泛用
ysbzs-local-2,6,5,事件节点4,1,node_d06_reward_tier3,黄金奖励,reward_pet,黄金奖励,reward_pT3,pal_125,唤冬兽,水,黄金,,2,28,水、控制、水系牵制、牵制、范围、机动
ysbzs-local-2,6,5,事件节点4,1,node_d06_reward_tier3,黄金奖励,reward_pet,黄金奖励,reward_pT3,pal_124,混沌骑士,土,黄金,,3,28,土、坦克、重甲抗压、防御、前排、阻挡
ysbzs-local-2,6,5,事件节点4,2,node_d06_tier3_shop,黄金商会,shop_offer,黄金商会,tier_pT3,pal_111,冥铠蝎,土,黄金,2,1,45,土、坦克、抗压承伤、防御、前排、阻挡
ysbzs-local-2,6,5,事件节点4,2,node_d06_tier3_shop,黄金商会,shop_offer,黄金商会,tier_pT3,pal_123,圣光骑士,风,黄金,6,3,45,风、坦克、重甲抗压、防御、前排、阻挡
ysbzs-local-2,6,5,事件节点4,2,node_d06_tier3_shop,黄金商会,shop_offer,黄金商会,tier_pT3,pal_123,圣光骑士,风,黄金,6,3,45,风、坦克、重甲抗压、防御、前排、阻挡
ysbzs-local-2,6,5,事件节点4,2,node_d06_tier3_shop,黄金商会,shop_offer,黄金商会,tier_pT3,pal_127,空涡龙,风,黄金,4,2,45,风、机动、机动压制、灵活、泛用
ysbzs-local-2,6,5,事件节点4,2,node_d06_tier3_shop,黄金商会,shop_offer,黄金商会,tier_pT3,pal_111,冥铠蝎,土,黄金,2,1,45,土、坦克、抗压承伤、防御、前排、阻挡
ysbzs-local-2,6,5,事件节点4,3,node_d06_output_shop,输出补强商人,shop_offer,输出补强商人,role_输出,pal_090,狱阎王,火,白银,6,3,65,火、输出、召唤铺场、爆发、前排
ysbzs-local-2,6,5,事件节点4,3,node_d06_output_shop,输出补强商人,shop_offer,输出补强商人,role_输出,pal_009,燎火鹿,火,青铜,4,2,90,火、输出、火系压制、爆发、前排
ysbzs-local-2,6,5,事件节点4,3,node_d06_output_shop,输出补强商人,shop_offer,输出补强商人,role_输出,pal_075,浪刃武士,火,白银,2,1,65,火、输出、火系压制、爆发、前排
ysbzs-local-2,6,5,事件节点4,3,node_d06_output_shop,输出补强商人,shop_offer,输出补强商人,role_输出,pal_090,狱阎王,火,白银,6,3,65,火、输出、召唤铺场、爆发、前排
ysbzs-local-2,6,5,事件节点4,3,node_d06_output_shop,输出补强商人,shop_offer,输出补强商人,role_输出,pal_112,阿努比斯,土,黄金,2,1,30,土、输出、土系抗压、爆发、前排
ysbzs-local-2,7,1,事件节点1,1,node_d07_tier3_shop,黄金精选商会,shop_offer,黄金精选商会,tier_pT3,pal_115,朱雀,火,黄金,2,1,45,火、机动、火系压制、灵活、泛用
ysbzs-local-2,7,1,事件节点1,1,node_d07_tier3_shop,黄金精选商会,shop_offer,黄金精选商会,tier_pT3,pal_114,腾炎龙,火,黄金,6,3,45,火、输出、火系重压、爆发、前排
ysbzs-local-2,7,1,事件节点1,1,node_d07_tier3_shop,黄金精选商会,shop_offer,黄金精选商会,tier_pT3,pal_122,异构格里芬,土,黄金,2,1,45,土、机动、土系抗压、灵活、泛用
ysbzs-local-2,7,1,事件节点1,1,node_d07_tier3_shop,黄金精选商会,shop_offer,黄金精选商会,tier_pT3,pal_123,圣光骑士,风,黄金,6,3,45,风、坦克、重甲抗压、防御、前排、阻挡
ysbzs-local-2,7,1,事件节点1,1,node_d07_tier3_shop,黄金精选商会,shop_offer,黄金精选商会,tier_pT3,pal_112,阿努比斯,土,黄金,2,1,45,土、输出、土系抗压、爆发、前排
ysbzs-local-2,7,1,事件节点1,1,node_d07_tier3_shop,黄金精选商会,shop_offer,黄金精选商会,tier_pT3,pal_118,百合女王,风,黄金,2,1,45,风、治疗、远点压制、后排、增益
ysbzs-local-2,7,1,事件节点1,2,node_d07_tank_shop,前排补强商人,shop_offer,前排补强商人,role_坦克,pal_013,叶泥泥,土,青铜,6,3,90,土、坦克、重甲抗压、防御、前排、阻挡
ysbzs-local-2,7,1,事件节点1,2,node_d07_tank_shop,前排补强商人,shop_offer,前排补强商人,role_坦克,pal_102,白绒雪怪,水,白银,2,1,65,水、坦克、抗压承伤、防御、前排、阻挡
ysbzs-local-2,7,1,事件节点1,2,node_d07_tank_shop,前排补强商人,shop_offer,前排补强商人,role_坦克,pal_069,碎岩龟,土,白银,4,2,65,土、坦克、抗压承伤、防御、前排、阻挡
ysbzs-local-2,7,1,事件节点1,2,node_d07_tank_shop,前排补强商人,shop_offer,前排补强商人,role_坦克,pal_046,月镰魔,土,白银,4,2,65,土、坦克、抗压承伤、防御、前排、阻挡
ysbzs-local-2,7,1,事件节点1,2,node_d07_tank_shop,前排补强商人,shop_offer,前排补强商人,role_坦克,pal_045,朋克蜥,土,白银,2,1,65,土、坦克、抗压承伤、防御、前排、阻挡
ysbzs-local-2,7,1,事件节点1,2,node_d07_tank_shop,前排补强商人,shop_offer,前排补强商人,role_坦克,pal_104,铠格力斯,土,白银,2,1,65,土、坦克、抗压承伤、防御、前排、阻挡
ysbzs-local-2,7,1,事件节点1,3,node_d07_earth_shop,土系防线商人,shop_offer,土系防线商人,elem_土,pal_068,噬魂兽,土,白银,4,2,70,土、坦克、抗压承伤、防御、前排、阻挡
ysbzs-local-2,7,1,事件节点1,3,node_d07_earth_shop,土系防线商人,shop_offer,土系防线商人,elem_土,pal_024,喵丝特,土,青铜,4,2,100,土、经济、土系抗压、召唤、发育
ysbzs-local-2,7,1,事件节点1,3,node_d07_earth_shop,土系防线商人,shop_offer,土系防线商人,elem_土,pal_020,草莽猪,土,青铜,4,2,100,土、坦克、抗压承伤、防御、前排、阻挡
ysbzs-local-2,7,1,事件节点1,3,node_d07_earth_shop,土系防线商人,shop_offer,土系防线商人,elem_土,pal_015,啼卡尔,土,青铜,6,3,100,土、坦克、重甲抗压、防御、前排、阻挡
ysbzs-local-2,7,1,事件节点1,3,node_d07_earth_shop,土系防线商人,shop_offer,土系防线商人,elem_土,pal_109,雷冥鸟,土,白银,2,1,70,土、机动、土系抗压、灵活、泛用
ysbzs-local-2,7,2,事件节点2,1,node_d07_reward_tier3,黄金精选奖励,reward_pet,黄金精选奖励,reward_pT3,pal_120,荷鲁斯,火,黄金,,1,28,火、机动、火系压制、灵活、泛用
ysbzs-local-2,7,2,事件节点2,1,node_d07_reward_tier3,黄金精选奖励,reward_pet,黄金精选奖励,reward_pT3,pal_126,唤夜兽,土,黄金,,2,28,土、控制、土系抗压、牵制、范围、机动
ysbzs-local-2,7,2,事件节点2,2,node_d07_tier3_shop,黄金精选商会,shop_offer,黄金精选商会,tier_pT3,pal_116,清雀,水,黄金,2,1,45,水、治疗、水系牵制、后排、增益
ysbzs-local-2,7,2,事件节点2,2,node_d07_tier3_shop,黄金精选商会,shop_offer,黄金精选商会,tier_pT3,pal_122,异构格里芬,土,黄金,2,1,45,土、机动、土系抗压、灵活、泛用
ysbzs-local-2,7,2,事件节点2,2,node_d07_tier3_shop,黄金精选商会,shop_offer,黄金精选商会,tier_pT3,pal_119,黑月女王,土,黄金,2,1,45,土、治疗、土系抗压、后排、增益
ysbzs-local-2,7,2,事件节点2,2,node_d07_tier3_shop,黄金精选商会,shop_offer,黄金精选商会,tier_pT3,pal_112,阿努比斯,土,黄金,2,1,45,土、输出、土系抗压、爆发、前排
ysbzs-local-2,7,2,事件节点2,2,node_d07_tier3_shop,黄金精选商会,shop_offer,黄金精选商会,tier_pT3,pal_115,朱雀,火,黄金,2,1,45,火、机动、火系压制、灵活、泛用
ysbzs-local-2,7,2,事件节点2,2,node_d07_tier3_shop,黄金精选商会,shop_offer,黄金精选商会,tier_pT3,pal_114,腾炎龙,火,黄金,6,3,45,火、输出、火系重压、爆发、前排
ysbzs-local-2,7,2,事件节点2,2,node_d07_tier3_shop,黄金精选商会,shop_offer,黄金精选商会,tier_pT3,pal_113,覆海龙,水,黄金,4,2,45,水、治疗、水系牵制、后排、增益
ysbzs-local-2,7,2,事件节点2,3,node_d07_tank_shop,前排补强商人,shop_offer,前排补强商人,role_坦克,pal_046,月镰魔,土,白银,4,2,65,土、坦克、抗压承伤、防御、前排、阻挡
ysbzs-local-2,7,2,事件节点2,3,node_d07_tank_shop,前排补强商人,shop_offer,前排补强商人,role_坦克,pal_039,姬小兔,风,白银,2,1,65,风、坦克、抗压承伤、防御、前排、阻挡
ysbzs-local-2,7,2,事件节点2,3,node_d07_tank_shop,前排补强商人,shop_offer,前排补强商人,role_坦克,pal_097,寒霜兽,水,白银,6,3,65,水、坦克、重甲抗压、防御、前排、阻挡
ysbzs-local-2,7,2,事件节点2,3,node_d07_tank_shop,前排补强商人,shop_offer,前排补强商人,role_坦克,pal_008,新叶猿,风,青铜,4,2,90,风、坦克、抗压承伤、防御、前排、阻挡
ysbzs-local-2,7,2,事件节点2,3,node_d07_tank_shop,前排补强商人,shop_offer,前排补强商人,role_坦克,pal_099,冰帝美露帕,水,白银,2,1,65,水、坦克、抗压承伤、防御、前排、阻挡
ysbzs-local-2,7,2,事件节点2,3,node_d07_tank_shop,前排补强商人,shop_offer,前排补强商人,role_坦克,pal_102,白绒雪怪,水,白银,2,1,65,水、坦克、抗压承伤、防御、前排、阻挡
ysbzs-local-2,7,4,事件节点3,1,node_d07_reward_tier3,黄金精选奖励,reward_pet,黄金精选奖励,reward_pT3,pal_127,空涡龙,风,黄金,,2,28,风、机动、机动压制、灵活、泛用
ysbzs-local-2,7,4,事件节点3,1,node_d07_reward_tier3,黄金精选奖励,reward_pet,黄金精选奖励,reward_pT3,pal_112,阿努比斯,土,黄金,,1,28,土、输出、土系抗压、爆发、前排
ysbzs-local-2,7,4,事件节点3,2,node_d07_earth_shop,土系防线商人,shop_offer,土系防线商人,elem_土,pal_022,遁地鼠,土,青铜,4,2,100,土、坦克、抗压承伤、防御、前排、阻挡
ysbzs-local-2,7,4,事件节点3,2,node_d07_earth_shop,土系防线商人,shop_offer,土系防线商人,elem_土,pal_032,吊缚灵,土,青铜,4,2,100,土、坦克、抗压承伤、防御、前排、阻挡
ysbzs-local-2,7,4,事件节点3,2,node_d07_earth_shop,土系防线商人,shop_offer,土系防线商人,elem_土,pal_013,叶泥泥,土,青铜,6,3,100,土、坦克、重甲抗压、防御、前排、阻挡
ysbzs-local-2,7,4,事件节点3,2,node_d07_earth_shop,土系防线商人,shop_offer,土系防线商人,elem_土,pal_119,黑月女王,土,黄金,2,1,32,土、治疗、土系抗压、后排、增益
ysbzs-local-2,7,4,事件节点3,2,node_d07_earth_shop,土系防线商人,shop_offer,土系防线商人,elem_土,pal_069,碎岩龟,土,白银,4,2,70,土、坦克、抗压承伤、防御、前排、阻挡
ysbzs-local-2,7,4,事件节点3,3,node_d07_tier3_shop,黄金精选商会,shop_offer,黄金精选商会,tier_pT3,pal_115,朱雀,火,黄金,2,1,45,火、机动、火系压制、灵活、泛用
ysbzs-local-2,7,4,事件节点3,3,node_d07_tier3_shop,黄金精选商会,shop_offer,黄金精选商会,tier_pT3,pal_125,唤冬兽,水,黄金,4,2,45,水、控制、水系牵制、牵制、范围、机动
ysbzs-local-2,7,4,事件节点3,3,node_d07_tier3_shop,黄金精选商会,shop_offer,黄金精选商会,tier_pT3,pal_114,腾炎龙,火,黄金,6,3,45,火、输出、火系重压、爆发、前排
ysbzs-local-2,7,4,事件节点3,3,node_d07_tier3_shop,黄金精选商会,shop_offer,黄金精选商会,tier_pT3,pal_121,波鲁杰克斯,风,黄金,4,2,45,风、控制、风系牵制、牵制、范围、机动
ysbzs-local-2,7,4,事件节点3,3,node_d07_tier3_shop,黄金精选商会,shop_offer,黄金精选商会,tier_pT3,pal_118,百合女王,风,黄金,2,1,45,风、治疗、远点压制、后排、增益
ysbzs-local-2,7,4,事件节点3,3,node_d07_tier3_shop,黄金精选商会,shop_offer,黄金精选商会,tier_pT3,pal_115,朱雀,火,黄金,2,1,45,火、机动、火系压制、灵活、泛用
ysbzs-local-2,7,5,事件节点4,1,node_d07_reward_tier3,黄金精选奖励,reward_pet,黄金精选奖励,reward_pT3,pal_122,异构格里芬,土,黄金,,1,28,土、机动、土系抗压、灵活、泛用
ysbzs-local-2,7,5,事件节点4,1,node_d07_reward_tier3,黄金精选奖励,reward_pet,黄金精选奖励,reward_pT3,pal_125,唤冬兽,水,黄金,,2,28,水、控制、水系牵制、牵制、范围、机动
ysbzs-local-2,7,5,事件节点4,2,node_d07_earth_shop,土系防线商人,shop_offer,土系防线商人,elem_土,pal_017,瞅什魔,土,青铜,6,3,100,土、坦克、重甲抗压、防御、前排、阻挡
ysbzs-local-2,7,5,事件节点4,2,node_d07_earth_shop,土系防线商人,shop_offer,土系防线商人,elem_土,pal_126,唤夜兽,土,黄金,4,2,32,土、控制、土系抗压、牵制、范围、机动
ysbzs-local-2,7,5,事件节点4,2,node_d07_earth_shop,土系防线商人,shop_offer,土系防线商人,elem_土,pal_022,遁地鼠,土,青铜,4,2,100,土、坦克、抗压承伤、防御、前排、阻挡
ysbzs-local-2,7,5,事件节点4,2,node_d07_earth_shop,土系防线商人,shop_offer,土系防线商人,elem_土,pal_111,冥铠蝎,土,黄金,2,1,32,土、坦克、抗压承伤、防御、前排、阻挡
ysbzs-local-2,7,5,事件节点4,2,node_d07_earth_shop,土系防线商人,shop_offer,土系防线商人,elem_土,pal_111,冥铠蝎,土,黄金,2,1,32,土、坦克、抗压承伤、防御、前排、阻挡
ysbzs-local-2,7,5,事件节点4,2,node_d07_earth_shop,土系防线商人,shop_offer,土系防线商人,elem_土,pal_078,暗巫猫,土,白银,2,1,70,土、治疗、土系抗压、后排、增益
ysbzs-local-2,7,5,事件节点4,3,node_d07_tier3_shop,黄金精选商会,shop_offer,黄金精选商会,tier_pT3,pal_125,唤冬兽,水,黄金,4,2,45,水、控制、水系牵制、牵制、范围、机动
ysbzs-local-2,7,5,事件节点4,3,node_d07_tier3_shop,黄金精选商会,shop_offer,黄金精选商会,tier_pT3,pal_118,百合女王,风,黄金,2,1,45,风、治疗、远点压制、后排、增益
ysbzs-local-2,7,5,事件节点4,3,node_d07_tier3_shop,黄金精选商会,shop_offer,黄金精选商会,tier_pT3,pal_114,腾炎龙,火,黄金,6,3,45,火、输出、火系重压、爆发、前排
ysbzs-local-2,7,5,事件节点4,3,node_d07_tier3_shop,黄金精选商会,shop_offer,黄金精选商会,tier_pT3,pal_112,阿努比斯,土,黄金,2,1,45,土、输出、土系抗压、爆发、前排
ysbzs-local-2,7,5,事件节点4,3,node_d07_tier3_shop,黄金精选商会,shop_offer,黄金精选商会,tier_pT3,pal_126,唤夜兽,土,黄金,4,2,45,土、控制、土系抗压、牵制、范围、机动
ysbzs-local-2,7,5,事件节点4,3,node_d07_tier3_shop,黄金精选商会,shop_offer,黄金精选商会,tier_pT3,pal_115,朱雀,火,黄金,2,1,45,火、机动、火系压制、灵活、泛用
ysbzs-local-2,8,1,事件节点1,1,node_d08_reward_tier3,黄金连锁奖励,reward_pet,黄金连锁奖励,reward_pT3,pal_114,腾炎龙,火,黄金,,3,28,火、输出、火系重压、爆发、前排
ysbzs-local-2,8,1,事件节点1,1,node_d08_reward_tier3,黄金连锁奖励,reward_pet,黄金连锁奖励,reward_pT3,pal_121,波鲁杰克斯,风,黄金,,2,28,风、控制、风系牵制、牵制、范围、机动
ysbzs-local-2,8,1,事件节点1,2,node_d08_tier3_shop,黄金连锁商会,shop_offer,黄金连锁商会,tier_pT3,pal_117,暴电熊,风,黄金,2,1,45,风、控制、风系牵制、牵制、范围、机动
ysbzs-local-2,8,1,事件节点1,2,node_d08_tier3_shop,黄金连锁商会,shop_offer,黄金连锁商会,tier_pT3,pal_120,荷鲁斯,火,黄金,2,1,45,火、机动、火系压制、灵活、泛用
ysbzs-local-2,8,1,事件节点1,2,node_d08_tier3_shop,黄金连锁商会,shop_offer,黄金连锁商会,tier_pT3,pal_127,空涡龙,风,黄金,4,2,45,风、机动、机动压制、灵活、泛用
ysbzs-local-2,8,1,事件节点1,2,node_d08_tier3_shop,黄金连锁商会,shop_offer,黄金连锁商会,tier_pT3,pal_120,荷鲁斯,火,黄金,2,1,45,火、机动、火系压制、灵活、泛用
ysbzs-local-2,8,1,事件节点1,2,node_d08_tier3_shop,黄金连锁商会,shop_offer,黄金连锁商会,tier_pT3,pal_126,唤夜兽,土,黄金,4,2,45,土、控制、土系抗压、牵制、范围、机动
ysbzs-local-2,8,1,事件节点1,2,node_d08_tier3_shop,黄金连锁商会,shop_offer,黄金连锁商会,tier_pT3,pal_127,空涡龙,风,黄金,4,2,45,风、机动、机动压制、灵活、泛用
ysbzs-local-2,8,1,事件节点1,2,node_d08_tier3_shop,黄金连锁商会,shop_offer,黄金连锁商会,tier_pT3,pal_118,百合女王,风,黄金,2,1,45,风、治疗、远点压制、后排、增益
ysbzs-local-2,8,1,事件节点1,3,node_d08_wind_shop,风系连锁商人,shop_offer,风系连锁商人,elem_风,pal_028,波娜兔,风,青铜,6,3,100,风、治疗、风系铺场、后排、增益
ysbzs-local-2,8,1,事件节点1,3,node_d08_wind_shop,风系连锁商人,shop_offer,风系连锁商人,elem_风,pal_030,荆棘魔仙,风,青铜,6,3,100,风、治疗、风系铺场、后排、增益
ysbzs-local-2,8,1,事件节点1,3,node_d08_wind_shop,风系连锁商人,shop_offer,风系连锁商人,elem_风,pal_041,幻悦蝶,风,白银,2,1,70,风、治疗、远点压制、后排、增益
ysbzs-local-2,8,1,事件节点1,3,node_d08_wind_shop,风系连锁商人,shop_offer,风系连锁商人,elem_风,pal_127,空涡龙,风,黄金,4,2,32,风、机动、机动压制、灵活、泛用
ysbzs-local-2,8,1,事件节点1,3,node_d08_wind_shop,风系连锁商人,shop_offer,风系连锁商人,elem_风,pal_081,薇莉塔,风,白银,2,1,70,风、治疗、远点压制、后排、增益
ysbzs-local-2,8,2,事件节点2,1,node_d08_tier3_shop,黄金连锁商会,shop_offer,黄金连锁商会,tier_pT3,pal_121,波鲁杰克斯,风,黄金,4,2,45,风、控制、风系牵制、牵制、范围、机动
ysbzs-local-2,8,2,事件节点2,1,node_d08_tier3_shop,黄金连锁商会,shop_offer,黄金连锁商会,tier_pT3,pal_111,冥铠蝎,土,黄金,2,1,45,土、坦克、抗压承伤、防御、前排、阻挡
ysbzs-local-2,8,2,事件节点2,1,node_d08_tier3_shop,黄金连锁商会,shop_offer,黄金连锁商会,tier_pT3,pal_111,冥铠蝎,土,黄金,2,1,45,土、坦克、抗压承伤、防御、前排、阻挡
ysbzs-local-2,8,2,事件节点2,1,node_d08_tier3_shop,黄金连锁商会,shop_offer,黄金连锁商会,tier_pT3,pal_117,暴电熊,风,黄金,2,1,45,风、控制、风系牵制、牵制、范围、机动
ysbzs-local-2,8,2,事件节点2,1,node_d08_tier3_shop,黄金连锁商会,shop_offer,黄金连锁商会,tier_pT3,pal_115,朱雀,火,黄金,2,1,45,火、机动、火系压制、灵活、泛用
ysbzs-local-2,8,2,事件节点2,1,node_d08_tier3_shop,黄金连锁商会,shop_offer,黄金连锁商会,tier_pT3,pal_120,荷鲁斯,火,黄金,2,1,45,火、机动、火系压制、灵活、泛用
ysbzs-local-2,8,2,事件节点2,1,node_d08_tier3_shop,黄金连锁商会,shop_offer,黄金连锁商会,tier_pT3,pal_120,荷鲁斯,火,黄金,2,1,45,火、机动、火系压制、灵活、泛用
ysbzs-local-2,8,2,事件节点2,1,node_d08_tier3_shop,黄金连锁商会,shop_offer,黄金连锁商会,tier_pT3,pal_122,异构格里芬,土,黄金,2,1,45,土、机动、土系抗压、灵活、泛用
ysbzs-local-2,8,2,事件节点2,1,node_d08_tier3_shop,黄金连锁商会,shop_offer,黄金连锁商会,tier_pT3,pal_115,朱雀,火,黄金,2,1,45,火、机动、火系压制、灵活、泛用
ysbzs-local-2,8,2,事件节点2,2,node_d08_economy_shop,经济补强商人,shop_offer,经济补强商人,role_经济,pal_034,棉花糖,风,青铜,2,1,90,风、经济、远点压制、召唤、发育
ysbzs-local-2,8,2,事件节点2,2,node_d08_economy_shop,经济补强商人,shop_offer,经济补强商人,role_经济,pal_034,棉花糖,风,青铜,2,1,90,风、经济、远点压制、召唤、发育
ysbzs-local-2,8,2,事件节点2,2,node_d08_economy_shop,经济补强商人,shop_offer,经济补强商人,role_经济,pal_034,棉花糖,风,青铜,2,1,90,风、经济、远点压制、召唤、发育
ysbzs-local-2,8,2,事件节点2,2,node_d08_economy_shop,经济补强商人,shop_offer,经济补强商人,role_经济,pal_034,棉花糖,风,青铜,2,1,90,风、经济、远点压制、召唤、发育
ysbzs-local-2,8,2,事件节点2,2,node_d08_economy_shop,经济补强商人,shop_offer,经济补强商人,role_经济,pal_098,君王美露帕,风,白银,4,2,65,风、经济、夹击牵制、召唤、发育
ysbzs-local-2,8,2,事件节点2,2,node_d08_economy_shop,经济补强商人,shop_offer,经济补强商人,role_经济,pal_024,喵丝特,土,青铜,4,2,90,土、经济、土系抗压、召唤、发育
ysbzs-local-2,8,2,事件节点2,2,node_d08_economy_shop,经济补强商人,shop_offer,经济补强商人,role_经济,pal_024,喵丝特,土,青铜,4,2,90,土、经济、土系抗压、召唤、发育
ysbzs-local-2,8,2,事件节点2,3,node_d08_reward_tier3,黄金连锁奖励,reward_pet,黄金连锁奖励,reward_pT3,pal_118,百合女王,风,黄金,,1,28,风、治疗、远点压制、后排、增益
ysbzs-local-2,8,2,事件节点2,3,node_d08_reward_tier3,黄金连锁奖励,reward_pet,黄金连锁奖励,reward_pT3,pal_113,覆海龙,水,黄金,,2,28,水、治疗、水系牵制、后排、增益
ysbzs-local-2,8,4,事件节点3,1,node_d08_tier3_shop,黄金连锁商会,shop_offer,黄金连锁商会,tier_pT3,pal_123,圣光骑士,风,黄金,6,3,45,风、坦克、重甲抗压、防御、前排、阻挡
ysbzs-local-2,8,4,事件节点3,1,node_d08_tier3_shop,黄金连锁商会,shop_offer,黄金连锁商会,tier_pT3,pal_117,暴电熊,风,黄金,2,1,45,风、控制、风系牵制、牵制、范围、机动
ysbzs-local-2,8,4,事件节点3,1,node_d08_tier3_shop,黄金连锁商会,shop_offer,黄金连锁商会,tier_pT3,pal_114,腾炎龙,火,黄金,6,3,45,火、输出、火系重压、爆发、前排
ysbzs-local-2,8,4,事件节点3,1,node_d08_tier3_shop,黄金连锁商会,shop_offer,黄金连锁商会,tier_pT3,pal_112,阿努比斯,土,黄金,2,1,45,土、输出、土系抗压、爆发、前排
ysbzs-local-2,8,4,事件节点3,1,node_d08_tier3_shop,黄金连锁商会,shop_offer,黄金连锁商会,tier_pT3,pal_121,波鲁杰克斯,风,黄金,4,2,45,风、控制、风系牵制、牵制、范围、机动
ysbzs-local-2,8,4,事件节点3,2,node_d08_reward_tier3,黄金连锁奖励,reward_pet,黄金连锁奖励,reward_pT3,pal_122,异构格里芬,土,黄金,,1,28,土、机动、土系抗压、灵活、泛用
ysbzs-local-2,8,4,事件节点3,2,node_d08_reward_tier3,黄金连锁奖励,reward_pet,黄金连锁奖励,reward_pT3,pal_121,波鲁杰克斯,风,黄金,,2,28,风、控制、风系牵制、牵制、范围、机动
ysbzs-local-2,8,4,事件节点3,3,node_d08_wind_shop,风系连锁商人,shop_offer,风系连锁商人,elem_风,pal_018,米露菲,风,青铜,6,3,100,风、经济、风系铺场、召唤、发育
ysbzs-local-2,8,4,事件节点3,3,node_d08_wind_shop,风系连锁商人,shop_offer,风系连锁商人,elem_风,pal_003,皮皮鸡,风,青铜,2,1,100,风、削弱远点、发育
ysbzs-local-2,8,4,事件节点3,3,node_d08_wind_shop,风系连锁商人,shop_offer,风系连锁商人,elem_风,pal_064,花冠龙,风,白银,4,2,70,风、召唤、召唤铺场、成长、核心
ysbzs-local-2,8,4,事件节点3,3,node_d08_wind_shop,风系连锁商人,shop_offer,风系连锁商人,elem_风,pal_049,铁拳猿,风,白银,2,1,70,风、坦克、抗压承伤、防御、前排、阻挡
ysbzs-local-2,8,4,事件节点3,3,node_d08_wind_shop,风系连锁商人,shop_offer,风系连锁商人,elem_风,pal_037,紫霞鹿,风,白银,2,1,70,风、机动、机动压制、灵活、泛用
ysbzs-local-2,8,4,事件节点3,3,node_d08_wind_shop,风系连锁商人,shop_offer,风系连锁商人,elem_风,pal_049,铁拳猿,风,白银,2,1,70,风、坦克、抗压承伤、防御、前排、阻挡
ysbzs-local-2,8,4,事件节点3,3,node_d08_wind_shop,风系连锁商人,shop_offer,风系连锁商人,elem_风,pal_002,捣蛋猫,风,青铜,2,1,100,风、抗压单点、前排、阻挡
ysbzs-local-2,8,5,事件节点4,1,node_d08_wind_shop,风系连锁商人,shop_offer,风系连锁商人,elem_风,pal_035,灌木羊,风,青铜,2,1,100,风、召唤、召唤铺场、成长、核心
ysbzs-local-2,8,5,事件节点4,1,node_d08_wind_shop,风系连锁商人,shop_offer,风系连锁商人,elem_风,pal_071,博爱蜥,风,白银,2,1,70,风、治疗、远点压制、后排、增益
ysbzs-local-2,8,5,事件节点4,1,node_d08_wind_shop,风系连锁商人,shop_offer,风系连锁商人,elem_风,pal_033,叶胖达,风,青铜,4,2,100,风、坦克、抗压承伤、防御、前排、阻挡
ysbzs-local-2,8,5,事件节点4,1,node_d08_wind_shop,风系连锁商人,shop_offer,风系连锁商人,elem_风,pal_014,玉藻狐,风,青铜,6,3,100,风、经济、风系铺场、召唤、发育
ysbzs-local-2,8,5,事件节点4,1,node_d08_wind_shop,风系连锁商人,shop_offer,风系连锁商人,elem_风,pal_028,波娜兔,风,青铜,6,3,100,风、治疗、风系铺场、后排、增益
ysbzs-local-2,8,5,事件节点4,2,node_d08_economy_shop,经济补强商人,shop_offer,经济补强商人,role_经济,pal_036,美露帕,风,白银,2,1,65,风、经济、远点压制、召唤、发育
ysbzs-local-2,8,5,事件节点4,2,node_d08_economy_shop,经济补强商人,shop_offer,经济补强商人,role_经济,pal_034,棉花糖,风,青铜,2,1,90,风、经济、远点压制、召唤、发育
ysbzs-local-2,8,5,事件节点4,2,node_d08_economy_shop,经济补强商人,shop_offer,经济补强商人,role_经济,pal_034,棉花糖,风,青铜,2,1,90,风、经济、远点压制、召唤、发育
ysbzs-local-2,8,5,事件节点4,2,node_d08_economy_shop,经济补强商人,shop_offer,经济补强商人,role_经济,pal_029,波霸牛,风,青铜,6,3,90,风、经济、诅咒牵制、召唤、发育
ysbzs-local-2,8,5,事件节点4,2,node_d08_economy_shop,经济补强商人,shop_offer,经济补强商人,role_经济,pal_014,玉藻狐,风,青铜,6,3,90,风、经济、风系铺场、召唤、发育
ysbzs-local-2,8,5,事件节点4,2,node_d08_economy_shop,经济补强商人,shop_offer,经济补强商人,role_经济,pal_034,棉花糖,风,青铜,2,1,90,风、经济、远点压制、召唤、发育
ysbzs-local-2,8,5,事件节点4,3,node_d08_tier3_shop,黄金连锁商会,shop_offer,黄金连锁商会,tier_pT3,pal_120,荷鲁斯,火,黄金,2,1,45,火、机动、火系压制、灵活、泛用
ysbzs-local-2,8,5,事件节点4,3,node_d08_tier3_shop,黄金连锁商会,shop_offer,黄金连锁商会,tier_pT3,pal_125,唤冬兽,水,黄金,4,2,45,水、控制、水系牵制、牵制、范围、机动
ysbzs-local-2,8,5,事件节点4,3,node_d08_tier3_shop,黄金连锁商会,shop_offer,黄金连锁商会,tier_pT3,pal_127,空涡龙,风,黄金,4,2,45,风、机动、机动压制、灵活、泛用
ysbzs-local-2,8,5,事件节点4,3,node_d08_tier3_shop,黄金连锁商会,shop_offer,黄金连锁商会,tier_pT3,pal_112,阿努比斯,土,黄金,2,1,45,土、输出、土系抗压、爆发、前排
ysbzs-local-2,8,5,事件节点4,3,node_d08_tier3_shop,黄金连锁商会,shop_offer,黄金连锁商会,tier_pT3,pal_121,波鲁杰克斯,风,黄金,4,2,45,风、控制、风系牵制、牵制、范围、机动
ysbzs-local-2,8,5,事件节点4,3,node_d08_tier3_shop,黄金连锁商会,shop_offer,黄金连锁商会,tier_pT3,pal_119,黑月女王,土,黄金,2,1,45,土、治疗、土系抗压、后排、增益
ysbzs-local-2,8,5,事件节点4,3,node_d08_tier3_shop,黄金连锁商会,shop_offer,黄金连锁商会,tier_pT3,pal_122,异构格里芬,土,黄金,2,1,45,土、机动、土系抗压、灵活、泛用
ysbzs-local-2,9,1,事件节点1,1,node_d09_fire_shop,火系终局商人,shop_offer,火系终局商人,elem_火,pal_042,炽焰牛,火,白银,2,1,70,火、输出、火系压制、爆发、前排
ysbzs-local-2,9,1,事件节点1,1,node_d09_fire_shop,火系终局商人,shop_offer,火系终局商人,elem_火,pal_009,燎火鹿,火,青铜,4,2,100,火、输出、火系压制、爆发、前排
ysbzs-local-2,9,1,事件节点1,1,node_d09_fire_shop,火系终局商人,shop_offer,火系终局商人,elem_火,pal_075,浪刃武士,火,白银,2,1,70,火、输出、火系压制、爆发、前排
ysbzs-local-2,9,1,事件节点1,1,node_d09_fire_shop,火系终局商人,shop_offer,火系终局商人,elem_火,pal_058,火麒麟,火,白银,2,1,70,火、输出、火系压制、爆发、前排
ysbzs-local-2,9,1,事件节点1,1,node_d09_fire_shop,火系终局商人,shop_offer,火系终局商人,elem_火,pal_061,苍焰狼,火,白银,4,2,70,火、输出、成长输出、爆发、前排
ysbzs-local-2,9,1,事件节点1,1,node_d09_fire_shop,火系终局商人,shop_offer,火系终局商人,elem_火,pal_120,荷鲁斯,火,黄金,2,1,32,火、机动、火系压制、灵活、泛用
ysbzs-local-2,9,1,事件节点1,1,node_d09_fire_shop,火系终局商人,shop_offer,火系终局商人,elem_火,pal_040,炎魔羊,火,白银,4,2,70,火、输出、火系压制、爆发、前排
ysbzs-local-2,9,1,事件节点1,2,node_d09_tier3_shop,终局前黄金商会,shop_offer,终局前黄金商会,tier_pT3,pal_113,覆海龙,水,黄金,4,2,45,水、治疗、水系牵制、后排、增益
ysbzs-local-2,9,1,事件节点1,2,node_d09_tier3_shop,终局前黄金商会,shop_offer,终局前黄金商会,tier_pT3,pal_118,百合女王,风,黄金,2,1,45,风、治疗、远点压制、后排、增益
ysbzs-local-2,9,1,事件节点1,2,node_d09_tier3_shop,终局前黄金商会,shop_offer,终局前黄金商会,tier_pT3,pal_114,腾炎龙,火,黄金,6,3,45,火、输出、火系重压、爆发、前排
ysbzs-local-2,9,1,事件节点1,2,node_d09_tier3_shop,终局前黄金商会,shop_offer,终局前黄金商会,tier_pT3,pal_121,波鲁杰克斯,风,黄金,4,2,45,风、控制、风系牵制、牵制、范围、机动
ysbzs-local-2,9,1,事件节点1,2,node_d09_tier3_shop,终局前黄金商会,shop_offer,终局前黄金商会,tier_pT3,pal_122,异构格里芬,土,黄金,2,1,45,土、机动、土系抗压、灵活、泛用
ysbzs-local-2,9,1,事件节点1,2,node_d09_tier3_shop,终局前黄金商会,shop_offer,终局前黄金商会,tier_pT3,pal_122,异构格里芬,土,黄金,2,1,45,土、机动、土系抗压、灵活、泛用
ysbzs-local-2,9,1,事件节点1,3,node_d09_summon_shop,召唤终局商人,shop_offer,召唤终局商人,role_召唤,pal_063,秘斯媞雅,风,白银,2,1,65,风、召唤、召唤铺场、成长、核心
ysbzs-local-2,9,1,事件节点1,3,node_d09_summon_shop,召唤终局商人,shop_offer,召唤终局商人,role_召唤,pal_035,灌木羊,风,青铜,2,1,90,风、召唤、召唤铺场、成长、核心
ysbzs-local-2,9,1,事件节点1,3,node_d09_summon_shop,召唤终局商人,shop_offer,召唤终局商人,role_召唤,pal_093,连理龙,风,白银,4,2,65,风、召唤、召唤铺场、成长、核心
ysbzs-local-2,9,1,事件节点1,3,node_d09_summon_shop,召唤终局商人,shop_offer,召唤终局商人,role_召唤,pal_050,骑士蜂,风,白银,4,2,65,风、召唤、召唤铺场、成长、核心
ysbzs-local-2,9,1,事件节点1,3,node_d09_summon_shop,召唤终局商人,shop_offer,召唤终局商人,role_召唤,pal_064,花冠龙,风,白银,4,2,65,风、召唤、召唤铺场、成长、核心
ysbzs-local-2,9,1,事件节点1,3,node_d09_summon_shop,召唤终局商人,shop_offer,召唤终局商人,role_召唤,pal_093,连理龙,风,白银,4,2,65,风、召唤、召唤铺场、成长、核心
ysbzs-local-2,9,2,事件节点2,1,node_d09_summon_shop,召唤终局商人,shop_offer,召唤终局商人,role_召唤,pal_083,精灵龙,风,白银,4,2,65,风、召唤、召唤铺场、成长、核心
ysbzs-local-2,9,2,事件节点2,1,node_d09_summon_shop,召唤终局商人,shop_offer,召唤终局商人,role_召唤,pal_064,花冠龙,风,白银,4,2,65,风、召唤、召唤铺场、成长、核心
ysbzs-local-2,9,2,事件节点2,1,node_d09_summon_shop,召唤终局商人,shop_offer,召唤终局商人,role_召唤,pal_093,连理龙,风,白银,4,2,65,风、召唤、召唤铺场、成长、核心
ysbzs-local-2,9,2,事件节点2,1,node_d09_summon_shop,召唤终局商人,shop_offer,召唤终局商人,role_召唤,pal_083,精灵龙,风,白银,4,2,65,风、召唤、召唤铺场、成长、核心
ysbzs-local-2,9,2,事件节点2,1,node_d09_summon_shop,召唤终局商人,shop_offer,召唤终局商人,role_召唤,pal_083,精灵龙,风,白银,4,2,65,风、召唤、召唤铺场、成长、核心
ysbzs-local-2,9,2,事件节点2,2,node_d09_fire_shop,火系终局商人,shop_offer,火系终局商人,elem_火,pal_009,燎火鹿,火,青铜,4,2,100,火、输出、火系压制、爆发、前排
ysbzs-local-2,9,2,事件节点2,2,node_d09_fire_shop,火系终局商人,shop_offer,火系终局商人,elem_火,pal_058,火麒麟,火,白银,2,1,70,火、输出、火系压制、爆发、前排
ysbzs-local-2,9,2,事件节点2,2,node_d09_fire_shop,火系终局商人,shop_offer,火系终局商人,elem_火,pal_077,燧火鸟,火,白银,4,2,70,火、机动、火系压制、灵活、泛用
ysbzs-local-2,9,2,事件节点2,2,node_d09_fire_shop,火系终局商人,shop_offer,火系终局商人,elem_火,pal_075,浪刃武士,火,白银,2,1,70,火、输出、火系压制、爆发、前排
ysbzs-local-2,9,2,事件节点2,2,node_d09_fire_shop,火系终局商人,shop_offer,火系终局商人,elem_火,pal_089,狱焰王,火,白银,6,3,70,火、输出、重甲抗压、爆发、前排
ysbzs-local-2,9,2,事件节点2,2,node_d09_fire_shop,火系终局商人,shop_offer,火系终局商人,elem_火,pal_086,火灵儿,火,白银,2,1,70,火、输出、火系压制、爆发、前排
ysbzs-local-2,9,2,事件节点2,3,node_d09_tier3_shop,终局前黄金商会,shop_offer,终局前黄金商会,tier_pT3,pal_123,圣光骑士,风,黄金,6,3,45,风、坦克、重甲抗压、防御、前排、阻挡
ysbzs-local-2,9,2,事件节点2,3,node_d09_tier3_shop,终局前黄金商会,shop_offer,终局前黄金商会,tier_pT3,pal_121,波鲁杰克斯,风,黄金,4,2,45,风、控制、风系牵制、牵制、范围、机动
ysbzs-local-2,9,2,事件节点2,3,node_d09_tier3_shop,终局前黄金商会,shop_offer,终局前黄金商会,tier_pT3,pal_121,波鲁杰克斯,风,黄金,4,2,45,风、控制、风系牵制、牵制、范围、机动
ysbzs-local-2,9,2,事件节点2,3,node_d09_tier3_shop,终局前黄金商会,shop_offer,终局前黄金商会,tier_pT3,pal_117,暴电熊,风,黄金,2,1,45,风、控制、风系牵制、牵制、范围、机动
ysbzs-local-2,9,2,事件节点2,3,node_d09_tier3_shop,终局前黄金商会,shop_offer,终局前黄金商会,tier_pT3,pal_117,暴电熊,风,黄金,2,1,45,风、控制、风系牵制、牵制、范围、机动
ysbzs-local-2,9,2,事件节点2,3,node_d09_tier3_shop,终局前黄金商会,shop_offer,终局前黄金商会,tier_pT3,pal_117,暴电熊,风,黄金,2,1,45,风、控制、风系牵制、牵制、范围、机动
ysbzs-local-2,9,4,事件节点3,1,node_d09_summon_shop,召唤终局商人,shop_offer,召唤终局商人,role_召唤,pal_093,连理龙,风,白银,4,2,65,风、召唤、召唤铺场、成长、核心
ysbzs-local-2,9,4,事件节点3,1,node_d09_summon_shop,召唤终局商人,shop_offer,召唤终局商人,role_召唤,pal_072,融焰娘,火,白银,2,1,65,火、召唤、召唤铺场、成长、核心
ysbzs-local-2,9,4,事件节点3,1,node_d09_summon_shop,召唤终局商人,shop_offer,召唤终局商人,role_召唤,pal_035,灌木羊,风,青铜,2,1,90,风、召唤、召唤铺场、成长、核心
ysbzs-local-2,9,4,事件节点3,1,node_d09_summon_shop,召唤终局商人,shop_offer,召唤终局商人,role_召唤,pal_064,花冠龙,风,白银,4,2,65,风、召唤、召唤铺场、成长、核心
ysbzs-local-2,9,4,事件节点3,1,node_d09_summon_shop,召唤终局商人,shop_offer,召唤终局商人,role_召唤,pal_050,骑士蜂,风,白银,4,2,65,风、召唤、召唤铺场、成长、核心
ysbzs-local-2,9,4,事件节点3,1,node_d09_summon_shop,召唤终局商人,shop_offer,召唤终局商人,role_召唤,pal_093,连理龙,风,白银,4,2,65,风、召唤、召唤铺场、成长、核心
ysbzs-local-2,9,4,事件节点3,2,node_d09_tier3_shop,终局前黄金商会,shop_offer,终局前黄金商会,tier_pT3,pal_127,空涡龙,风,黄金,4,2,45,风、机动、机动压制、灵活、泛用
ysbzs-local-2,9,4,事件节点3,2,node_d09_tier3_shop,终局前黄金商会,shop_offer,终局前黄金商会,tier_pT3,pal_114,腾炎龙,火,黄金,6,3,45,火、输出、火系重压、爆发、前排
ysbzs-local-2,9,4,事件节点3,2,node_d09_tier3_shop,终局前黄金商会,shop_offer,终局前黄金商会,tier_pT3,pal_114,腾炎龙,火,黄金,6,3,45,火、输出、火系重压、爆发、前排
ysbzs-local-2,9,4,事件节点3,2,node_d09_tier3_shop,终局前黄金商会,shop_offer,终局前黄金商会,tier_pT3,pal_112,阿努比斯,土,黄金,2,1,45,土、输出、土系抗压、爆发、前排
ysbzs-local-2,9,4,事件节点3,2,node_d09_tier3_shop,终局前黄金商会,shop_offer,终局前黄金商会,tier_pT3,pal_111,冥铠蝎,土,黄金,2,1,45,土、坦克、抗压承伤、防御、前排、阻挡
ysbzs-local-2,9,4,事件节点3,3,node_d09_reward_tier3,终局前黄金奖励,reward_pet,终局前黄金奖励,reward_pT3,pal_125,唤冬兽,水,黄金,,2,28,水、控制、水系牵制、牵制、范围、机动
ysbzs-local-2,9,4,事件节点3,3,node_d09_reward_tier3,终局前黄金奖励,reward_pet,终局前黄金奖励,reward_pT3,pal_115,朱雀,火,黄金,,1,28,火、机动、火系压制、灵活、泛用
ysbzs-local-2,9,5,事件节点4,1,node_d09_tier3_shop,终局前黄金商会,shop_offer,终局前黄金商会,tier_pT3,pal_112,阿努比斯,土,黄金,2,1,45,土、输出、土系抗压、爆发、前排
ysbzs-local-2,9,5,事件节点4,1,node_d09_tier3_shop,终局前黄金商会,shop_offer,终局前黄金商会,tier_pT3,pal_114,腾炎龙,火,黄金,6,3,45,火、输出、火系重压、爆发、前排
ysbzs-local-2,9,5,事件节点4,1,node_d09_tier3_shop,终局前黄金商会,shop_offer,终局前黄金商会,tier_pT3,pal_115,朱雀,火,黄金,2,1,45,火、机动、火系压制、灵活、泛用
ysbzs-local-2,9,5,事件节点4,1,node_d09_tier3_shop,终局前黄金商会,shop_offer,终局前黄金商会,tier_pT3,pal_119,黑月女王,土,黄金,2,1,45,土、治疗、土系抗压、后排、增益
ysbzs-local-2,9,5,事件节点4,1,node_d09_tier3_shop,终局前黄金商会,shop_offer,终局前黄金商会,tier_pT3,pal_118,百合女王,风,黄金,2,1,45,风、治疗、远点压制、后排、增益
ysbzs-local-2,9,5,事件节点4,1,node_d09_tier3_shop,终局前黄金商会,shop_offer,终局前黄金商会,tier_pT3,pal_117,暴电熊,风,黄金,2,1,45,风、控制、风系牵制、牵制、范围、机动
ysbzs-local-2,9,5,事件节点4,1,node_d09_tier3_shop,终局前黄金商会,shop_offer,终局前黄金商会,tier_pT3,pal_116,清雀,水,黄金,2,1,45,水、治疗、水系牵制、后排、增益
ysbzs-local-2,9,5,事件节点4,1,node_d09_tier3_shop,终局前黄金商会,shop_offer,终局前黄金商会,tier_pT3,pal_120,荷鲁斯,火,黄金,2,1,45,火、机动、火系压制、灵活、泛用
ysbzs-local-2,9,5,事件节点4,2,node_d09_fire_shop,火系终局商人,shop_offer,火系终局商人,elem_火,pal_005,火绒狐,火,青铜,4,2,100,火、抗压承伤、爆发、前排
ysbzs-local-2,9,5,事件节点4,2,node_d09_fire_shop,火系终局商人,shop_offer,火系终局商人,elem_火,pal_089,狱焰王,火,白银,6,3,70,火、输出、重甲抗压、爆发、前排
ysbzs-local-2,9,5,事件节点4,2,node_d09_fire_shop,火系终局商人,shop_offer,火系终局商人,elem_火,pal_061,苍焰狼,火,白银,4,2,70,火、输出、成长输出、爆发、前排
ysbzs-local-2,9,5,事件节点4,2,node_d09_fire_shop,火系终局商人,shop_offer,火系终局商人,elem_火,pal_061,苍焰狼,火,白银,4,2,70,火、输出、成长输出、爆发、前排
ysbzs-local-2,9,5,事件节点4,2,node_d09_fire_shop,火系终局商人,shop_offer,火系终局商人,elem_火,pal_115,朱雀,火,黄金,2,1,32,火、机动、火系压制、灵活、泛用
ysbzs-local-2,9,5,事件节点4,3,node_d09_reward_tier3,终局前黄金奖励,reward_pet,终局前黄金奖励,reward_pT3,pal_121,波鲁杰克斯,风,黄金,,2,28,风、控制、风系牵制、牵制、范围、机动
ysbzs-local-2,9,5,事件节点4,3,node_d09_reward_tier3,终局前黄金奖励,reward_pet,终局前黄金奖励,reward_pT3,pal_117,暴电熊,风,黄金,,1,28,风、控制、风系牵制、牵制、范围、机动
ysbzs-local-2,10,1,事件节点1,1,node_d10_fire_shop,终局火系商人,shop_offer,终局火系商人,elem_火,pal_090,狱阎王,火,白银,6,3,70,火、输出、召唤铺场、爆发、前排
ysbzs-local-2,10,1,事件节点1,1,node_d10_fire_shop,终局火系商人,shop_offer,终局火系商人,elem_火,pal_075,浪刃武士,火,白银,2,1,70,火、输出、火系压制、爆发、前排
ysbzs-local-2,10,1,事件节点1,1,node_d10_fire_shop,终局火系商人,shop_offer,终局火系商人,elem_火,pal_073,烽歌龙,火,白银,4,2,70,火、机动、火系压制、灵活、泛用
ysbzs-local-2,10,1,事件节点1,1,node_d10_fire_shop,终局火系商人,shop_offer,终局火系商人,elem_火,pal_079,焰巫狐,火,白银,4,2,70,火、输出、成长输出、爆发、前排
ysbzs-local-2,10,1,事件节点1,1,node_d10_fire_shop,终局火系商人,shop_offer,终局火系商人,elem_火,pal_061,苍焰狼,火,白银,4,2,70,火、输出、成长输出、爆发、前排
ysbzs-local-2,10,1,事件节点1,2,node_d10_output_shop,终局输出商人,shop_offer,终局输出商人,role_输出,pal_009,燎火鹿,火,青铜,4,2,90,火、输出、火系压制、爆发、前排
ysbzs-local-2,10,1,事件节点1,2,node_d10_output_shop,终局输出商人,shop_offer,终局输出商人,role_输出,pal_090,狱阎王,火,白银,6,3,65,火、输出、召唤铺场、爆发、前排
ysbzs-local-2,10,1,事件节点1,2,node_d10_output_shop,终局输出商人,shop_offer,终局输出商人,role_输出,pal_009,燎火鹿,火,青铜,4,2,90,火、输出、火系压制、爆发、前排
ysbzs-local-2,10,1,事件节点1,2,node_d10_output_shop,终局输出商人,shop_offer,终局输出商人,role_输出,pal_058,火麒麟,火,白银,2,1,65,火、输出、火系压制、爆发、前排
ysbzs-local-2,10,1,事件节点1,2,node_d10_output_shop,终局输出商人,shop_offer,终局输出商人,role_输出,pal_040,炎魔羊,火,白银,4,2,65,火、输出、火系压制、爆发、前排
ysbzs-local-2,10,1,事件节点1,3,node_d10_reward_tier3,终局黄金奖励,reward_pet,终局黄金奖励,reward_pT3,pal_120,荷鲁斯,火,黄金,,1,28,火、机动、火系压制、灵活、泛用
ysbzs-local-2,10,1,事件节点1,3,node_d10_reward_tier3,终局黄金奖励,reward_pet,终局黄金奖励,reward_pT3,pal_125,唤冬兽,水,黄金,,2,28,水、控制、水系牵制、牵制、范围、机动
ysbzs-local-2,10,2,事件节点2,1,node_d10_reward_tier3,终局黄金奖励,reward_pet,终局黄金奖励,reward_pT3,pal_112,阿努比斯,土,黄金,,1,28,土、输出、土系抗压、爆发、前排
ysbzs-local-2,10,2,事件节点2,1,node_d10_reward_tier3,终局黄金奖励,reward_pet,终局黄金奖励,reward_pT3,pal_112,阿努比斯,土,黄金,,1,28,土、输出、土系抗压、爆发、前排
ysbzs-local-2,10,2,事件节点2,2,node_d10_tier3_shop,终局黄金商会,shop_offer,终局黄金商会,tier_pT3,pal_127,空涡龙,风,黄金,4,2,45,风、机动、机动压制、灵活、泛用
ysbzs-local-2,10,2,事件节点2,2,node_d10_tier3_shop,终局黄金商会,shop_offer,终局黄金商会,tier_pT3,pal_119,黑月女王,土,黄金,2,1,45,土、治疗、土系抗压、后排、增益
ysbzs-local-2,10,2,事件节点2,2,node_d10_tier3_shop,终局黄金商会,shop_offer,终局黄金商会,tier_pT3,pal_122,异构格里芬,土,黄金,2,1,45,土、机动、土系抗压、灵活、泛用
ysbzs-local-2,10,2,事件节点2,2,node_d10_tier3_shop,终局黄金商会,shop_offer,终局黄金商会,tier_pT3,pal_127,空涡龙,风,黄金,4,2,45,风、机动、机动压制、灵活、泛用
ysbzs-local-2,10,2,事件节点2,2,node_d10_tier3_shop,终局黄金商会,shop_offer,终局黄金商会,tier_pT3,pal_112,阿努比斯,土,黄金,2,1,45,土、输出、土系抗压、爆发、前排
ysbzs-local-2,10,2,事件节点2,2,node_d10_tier3_shop,终局黄金商会,shop_offer,终局黄金商会,tier_pT3,pal_117,暴电熊,风,黄金,2,1,45,风、控制、风系牵制、牵制、范围、机动
ysbzs-local-2,10,2,事件节点2,2,node_d10_tier3_shop,终局黄金商会,shop_offer,终局黄金商会,tier_pT3,pal_116,清雀,水,黄金,2,1,45,水、治疗、水系牵制、后排、增益
ysbzs-local-2,10,2,事件节点2,2,node_d10_tier3_shop,终局黄金商会,shop_offer,终局黄金商会,tier_pT3,pal_115,朱雀,火,黄金,2,1,45,火、机动、火系压制、灵活、泛用
ysbzs-local-2,10,2,事件节点2,3,node_d10_fire_shop,终局火系商人,shop_offer,终局火系商人,elem_火,pal_075,浪刃武士,火,白银,2,1,70,火、输出、火系压制、爆发、前排
ysbzs-local-2,10,2,事件节点2,3,node_d10_fire_shop,终局火系商人,shop_offer,终局火系商人,elem_火,pal_090,狱阎王,火,白银,6,3,70,火、输出、召唤铺场、爆发、前排
ysbzs-local-2,10,2,事件节点2,3,node_d10_fire_shop,终局火系商人,shop_offer,终局火系商人,elem_火,pal_009,燎火鹿,火,青铜,4,2,100,火、输出、火系压制、爆发、前排
ysbzs-local-2,10,2,事件节点2,3,node_d10_fire_shop,终局火系商人,shop_offer,终局火系商人,elem_火,pal_072,融焰娘,火,白银,2,1,70,火、召唤、召唤铺场、成长、核心
ysbzs-local-2,10,2,事件节点2,3,node_d10_fire_shop,终局火系商人,shop_offer,终局火系商人,elem_火,pal_009,燎火鹿,火,青铜,4,2,100,火、输出、火系压制、爆发、前排
ysbzs-local-2,10,2,事件节点2,3,node_d10_fire_shop,终局火系商人,shop_offer,终局火系商人,elem_火,pal_058,火麒麟,火,白银,2,1,70,火、输出、火系压制、爆发、前排
ysbzs-local-2,10,4,事件节点3,1,node_d10_fire_shop,终局火系商人,shop_offer,终局火系商人,elem_火,pal_061,苍焰狼,火,白银,4,2,70,火、输出、成长输出、爆发、前排
ysbzs-local-2,10,4,事件节点3,1,node_d10_fire_shop,终局火系商人,shop_offer,终局火系商人,elem_火,pal_079,焰巫狐,火,白银,4,2,70,火、输出、成长输出、爆发、前排
ysbzs-local-2,10,4,事件节点3,1,node_d10_fire_shop,终局火系商人,shop_offer,终局火系商人,elem_火,pal_058,火麒麟,火,白银,2,1,70,火、输出、火系压制、爆发、前排
ysbzs-local-2,10,4,事件节点3,1,node_d10_fire_shop,终局火系商人,shop_offer,终局火系商人,elem_火,pal_040,炎魔羊,火,白银,4,2,70,火、输出、火系压制、爆发、前排
ysbzs-local-2,10,4,事件节点3,1,node_d10_fire_shop,终局火系商人,shop_offer,终局火系商人,elem_火,pal_096,熔岩兽,火,白银,6,3,70,火、坦克、重甲抗压、防御、前排、阻挡
ysbzs-local-2,10,4,事件节点3,2,node_d10_output_shop,终局输出商人,shop_offer,终局输出商人,role_输出,pal_108,焰煌,火,白银,6,3,65,火、输出、火系重压、爆发、前排
ysbzs-local-2,10,4,事件节点3,2,node_d10_output_shop,终局输出商人,shop_offer,终局输出商人,role_输出,pal_114,腾炎龙,火,黄金,6,3,30,火、输出、火系重压、爆发、前排
ysbzs-local-2,10,4,事件节点3,2,node_d10_output_shop,终局输出商人,shop_offer,终局输出商人,role_输出,pal_061,苍焰狼,火,白银,4,2,65,火、输出、成长输出、爆发、前排
ysbzs-local-2,10,4,事件节点3,2,node_d10_output_shop,终局输出商人,shop_offer,终局输出商人,role_输出,pal_075,浪刃武士,火,白银,2,1,65,火、输出、火系压制、爆发、前排
ysbzs-local-2,10,4,事件节点3,2,node_d10_output_shop,终局输出商人,shop_offer,终局输出商人,role_输出,pal_042,炽焰牛,火,白银,2,1,65,火、输出、火系压制、爆发、前排
ysbzs-local-2,10,4,事件节点3,3,node_d10_tier3_shop,终局黄金商会,shop_offer,终局黄金商会,tier_pT3,pal_118,百合女王,风,黄金,2,1,45,风、治疗、远点压制、后排、增益
ysbzs-local-2,10,4,事件节点3,3,node_d10_tier3_shop,终局黄金商会,shop_offer,终局黄金商会,tier_pT3,pal_114,腾炎龙,火,黄金,6,3,45,火、输出、火系重压、爆发、前排
ysbzs-local-2,10,4,事件节点3,3,node_d10_tier3_shop,终局黄金商会,shop_offer,终局黄金商会,tier_pT3,pal_113,覆海龙,水,黄金,4,2,45,水、治疗、水系牵制、后排、增益
ysbzs-local-2,10,4,事件节点3,3,node_d10_tier3_shop,终局黄金商会,shop_offer,终局黄金商会,tier_pT3,pal_126,唤夜兽,土,黄金,4,2,45,土、控制、土系抗压、牵制、范围、机动
ysbzs-local-2,10,4,事件节点3,3,node_d10_tier3_shop,终局黄金商会,shop_offer,终局黄金商会,tier_pT3,pal_117,暴电熊,风,黄金,2,1,45,风、控制、风系牵制、牵制、范围、机动
ysbzs-local-2,10,4,事件节点3,3,node_d10_tier3_shop,终局黄金商会,shop_offer,终局黄金商会,tier_pT3,pal_117,暴电熊,风,黄金,2,1,45,风、控制、风系牵制、牵制、范围、机动
ysbzs-local-2,10,5,事件节点4,1,node_d10_fire_shop,终局火系商人,shop_offer,终局火系商人,elem_火,pal_058,火麒麟,火,白银,2,1,70,火、输出、火系压制、爆发、前排
ysbzs-local-2,10,5,事件节点4,1,node_d10_fire_shop,终局火系商人,shop_offer,终局火系商人,elem_火,pal_040,炎魔羊,火,白银,4,2,70,火、输出、火系压制、爆发、前排
ysbzs-local-2,10,5,事件节点4,1,node_d10_fire_shop,终局火系商人,shop_offer,终局火系商人,elem_火,pal_086,火灵儿,火,白银,2,1,70,火、输出、火系压制、爆发、前排
ysbzs-local-2,10,5,事件节点4,1,node_d10_fire_shop,终局火系商人,shop_offer,终局火系商人,elem_火,pal_009,燎火鹿,火,青铜,4,2,100,火、输出、火系压制、爆发、前排
ysbzs-local-2,10,5,事件节点4,1,node_d10_fire_shop,终局火系商人,shop_offer,终局火系商人,elem_火,pal_058,火麒麟,火,白银,2,1,70,火、输出、火系压制、爆发、前排
ysbzs-local-2,10,5,事件节点4,1,node_d10_fire_shop,终局火系商人,shop_offer,终局火系商人,elem_火,pal_077,燧火鸟,火,白银,4,2,70,火、机动、火系压制、灵活、泛用
ysbzs-local-2,10,5,事件节点4,1,node_d10_fire_shop,终局火系商人,shop_offer,终局火系商人,elem_火,pal_072,融焰娘,火,白银,2,1,70,火、召唤、召唤铺场、成长、核心
ysbzs-local-2,10,5,事件节点4,2,node_d10_tier3_shop,终局黄金商会,shop_offer,终局黄金商会,tier_pT3,pal_127,空涡龙,风,黄金,4,2,45,风、机动、机动压制、灵活、泛用
ysbzs-local-2,10,5,事件节点4,2,node_d10_tier3_shop,终局黄金商会,shop_offer,终局黄金商会,tier_pT3,pal_126,唤夜兽,土,黄金,4,2,45,土、控制、土系抗压、牵制、范围、机动
ysbzs-local-2,10,5,事件节点4,2,node_d10_tier3_shop,终局黄金商会,shop_offer,终局黄金商会,tier_pT3,pal_127,空涡龙,风,黄金,4,2,45,风、机动、机动压制、灵活、泛用
ysbzs-local-2,10,5,事件节点4,2,node_d10_tier3_shop,终局黄金商会,shop_offer,终局黄金商会,tier_pT3,pal_127,空涡龙,风,黄金,4,2,45,风、机动、机动压制、灵活、泛用
ysbzs-local-2,10,5,事件节点4,2,node_d10_tier3_shop,终局黄金商会,shop_offer,终局黄金商会,tier_pT3,pal_126,唤夜兽,土,黄金,4,2,45,土、控制、土系抗压、牵制、范围、机动
ysbzs-local-2,10,5,事件节点4,3,node_d10_reward_tier3,终局黄金奖励,reward_pet,终局黄金奖励,reward_pT3,pal_124,混沌骑士,土,黄金,,3,28,土、坦克、重甲抗压、防御、前排、阻挡
ysbzs-local-2,10,5,事件节点4,3,node_d10_reward_tier3,终局黄金奖励,reward_pet,终局黄金奖励,reward_pT3,pal_124,混沌骑士,土,黄金,,3,28,土、坦克、重甲抗压、防御、前排、阻挡
ysbzs-local-3,1,1,事件节点1,1,node_shop_fire,火系补货商人,shop_offer,火系补货商人,elem_火,pal_005,火绒狐,火,青铜,4,2,100,火、抗压承伤、爆发、前排
ysbzs-local-3,1,1,事件节点1,1,node_shop_fire,火系补货商人,shop_offer,火系补货商人,elem_火,pal_009,燎火鹿,火,青铜,4,2,100,火、输出、火系压制、爆发、前排
ysbzs-local-3,1,1,事件节点1,1,node_shop_fire,火系补货商人,shop_offer,火系补货商人,elem_火,pal_009,燎火鹿,火,青铜,4,2,100,火、输出、火系压制、爆发、前排
ysbzs-local-3,1,1,事件节点1,1,node_shop_fire,火系补货商人,shop_offer,火系补货商人,elem_火,pal_005,火绒狐,火,青铜,4,2,100,火、抗压承伤、爆发、前排
ysbzs-local-3,1,1,事件节点1,1,node_shop_fire,火系补货商人,shop_offer,火系补货商人,elem_火,pal_009,燎火鹿,火,青铜,4,2,100,火、输出、火系压制、爆发、前排
ysbzs-local-3,1,1,事件节点1,2,node_reward_pet,宠物奖励,reward_pet,宠物奖励,reward_pT1,pal_026,猎狼,风,青铜,,2,60,风、机动、抗压承伤、灵活、泛用
ysbzs-local-3,1,1,事件节点1,2,node_reward_pet,宠物奖励,reward_pet,宠物奖励,reward_pT1,pal_028,波娜兔,风,青铜,,3,60,风、治疗、风系铺场、后排、增益
ysbzs-local-3,1,1,事件节点1,3,node_shop_basic,夜市商人,shop_offer,夜市商人,night_base,pal_001,棉悠悠,风,青铜,2,1,100,风、基准单点、发育
ysbzs-local-3,1,1,事件节点1,3,node_shop_basic,夜市商人,shop_offer,夜市商人,night_base,pal_014,玉藻狐,风,青铜,6,3,100,风、经济、风系铺场、召唤、发育
ysbzs-local-3,1,1,事件节点1,3,node_shop_basic,夜市商人,shop_offer,夜市商人,night_base,pal_016,壶小象,水,青铜,6,3,100,水、治疗、水系控场、后排、增益
ysbzs-local-3,1,1,事件节点1,3,node_shop_basic,夜市商人,shop_offer,夜市商人,night_base,pal_035,灌木羊,风,青铜,2,1,100,风、召唤、召唤铺场、成长、核心
ysbzs-local-3,1,1,事件节点1,3,node_shop_basic,夜市商人,shop_offer,夜市商人,night_base,pal_025,鲁米儿,水,青铜,4,2,100,水、治疗、水系牵制、后排、增益
ysbzs-local-3,1,2,事件节点2,1,node_shop_basic,夜市商人,shop_offer,夜市商人,night_base,pal_021,露娜蒂,土,青铜,4,2,100,土、坦克、抗压承伤、防御、前排、阻挡
ysbzs-local-3,1,2,事件节点2,1,node_shop_basic,夜市商人,shop_offer,夜市商人,night_base,pal_014,玉藻狐,风,青铜,6,3,100,风、经济、风系铺场、召唤、发育
ysbzs-local-3,1,2,事件节点2,1,node_shop_basic,夜市商人,shop_offer,夜市商人,night_base,pal_001,棉悠悠,风,青铜,2,1,100,风、基准单点、发育
ysbzs-local-3,1,2,事件节点2,1,node_shop_basic,夜市商人,shop_offer,夜市商人,night_base,pal_025,鲁米儿,水,青铜,4,2,100,水、治疗、水系牵制、后排、增益
ysbzs-local-3,1,2,事件节点2,1,node_shop_basic,夜市商人,shop_offer,夜市商人,night_base,pal_024,喵丝特,土,青铜,4,2,100,土、经济、土系抗压、召唤、发育
ysbzs-local-3,1,2,事件节点2,2,node_reward_pet,宠物奖励,reward_pet,宠物奖励,reward_pT1,pal_028,波娜兔,风,青铜,,3,60,风、治疗、风系铺场、后排、增益
ysbzs-local-3,1,2,事件节点2,2,node_reward_pet,宠物奖励,reward_pet,宠物奖励,reward_pT1,pal_025,鲁米儿,水,青铜,,2,60,水、治疗、水系牵制、后排、增益
ysbzs-local-3,1,2,事件节点2,3,node_shop_fire,火系补货商人,shop_offer,火系补货商人,elem_火,pal_005,火绒狐,火,青铜,4,2,100,火、抗压承伤、爆发、前排
ysbzs-local-3,1,2,事件节点2,3,node_shop_fire,火系补货商人,shop_offer,火系补货商人,elem_火,pal_005,火绒狐,火,青铜,4,2,100,火、抗压承伤、爆发、前排
ysbzs-local-3,1,2,事件节点2,3,node_shop_fire,火系补货商人,shop_offer,火系补货商人,elem_火,pal_005,火绒狐,火,青铜,4,2,100,火、抗压承伤、爆发、前排
ysbzs-local-3,1,2,事件节点2,3,node_shop_fire,火系补货商人,shop_offer,火系补货商人,elem_火,pal_005,火绒狐,火,青铜,4,2,100,火、抗压承伤、爆发、前排
ysbzs-local-3,1,2,事件节点2,3,node_shop_fire,火系补货商人,shop_offer,火系补货商人,elem_火,pal_009,燎火鹿,火,青铜,4,2,100,火、输出、火系压制、爆发、前排
ysbzs-local-3,1,4,事件节点3,1,node_reward_pet,宠物奖励,reward_pet,宠物奖励,reward_pT1,pal_002,捣蛋猫,风,青铜,,1,60,风、抗压单点、前排、阻挡
ysbzs-local-3,1,4,事件节点3,1,node_reward_pet,宠物奖励,reward_pet,宠物奖励,reward_pT1,pal_032,吊缚灵,土,青铜,,2,60,土、坦克、抗压承伤、防御、前排、阻挡
ysbzs-local-3,1,4,事件节点3,2,node_shop_fire,火系补货商人,shop_offer,火系补货商人,elem_火,pal_005,火绒狐,火,青铜,4,2,100,火、抗压承伤、爆发、前排
ysbzs-local-3,1,4,事件节点3,2,node_shop_fire,火系补货商人,shop_offer,火系补货商人,elem_火,pal_005,火绒狐,火,青铜,4,2,100,火、抗压承伤、爆发、前排
ysbzs-local-3,1,4,事件节点3,2,node_shop_fire,火系补货商人,shop_offer,火系补货商人,elem_火,pal_009,燎火鹿,火,青铜,4,2,100,火、输出、火系压制、爆发、前排
ysbzs-local-3,1,4,事件节点3,2,node_shop_fire,火系补货商人,shop_offer,火系补货商人,elem_火,pal_005,火绒狐,火,青铜,4,2,100,火、抗压承伤、爆发、前排
ysbzs-local-3,1,4,事件节点3,2,node_shop_fire,火系补货商人,shop_offer,火系补货商人,elem_火,pal_009,燎火鹿,火,青铜,4,2,100,火、输出、火系压制、爆发、前排
ysbzs-local-3,1,4,事件节点3,3,node_shop_basic,夜市商人,shop_offer,夜市商人,night_base,pal_006,冲浪鸭,水,青铜,4,2,100,水、毒伤牵制、后排、增益
ysbzs-local-3,1,4,事件节点3,3,node_shop_basic,夜市商人,shop_offer,夜市商人,night_base,pal_001,棉悠悠,风,青铜,2,1,100,风、基准单点、发育
ysbzs-local-3,1,4,事件节点3,3,node_shop_basic,夜市商人,shop_offer,夜市商人,night_base,pal_001,棉悠悠,风,青铜,2,1,100,风、基准单点、发育
ysbzs-local-3,1,4,事件节点3,3,node_shop_basic,夜市商人,shop_offer,夜市商人,night_base,pal_026,猎狼,风,青铜,4,2,100,风、机动、抗压承伤、灵活、泛用
ysbzs-local-3,1,4,事件节点3,3,node_shop_basic,夜市商人,shop_offer,夜市商人,night_base,pal_016,壶小象,水,青铜,6,3,100,水、治疗、水系控场、后排、增益
ysbzs-local-3,1,4,事件节点3,3,node_shop_basic,夜市商人,shop_offer,夜市商人,night_base,pal_004,翠叶鼠,风,青铜,2,1,100,风、远点压制、后排、增益
ysbzs-local-3,1,5,事件节点4,1,node_shop_basic,夜市商人,shop_offer,夜市商人,night_base,pal_010,企丸丸,水,青铜,4,2,100,水、治疗、水系牵制、后排、增益
ysbzs-local-3,1,5,事件节点4,1,node_shop_basic,夜市商人,shop_offer,夜市商人,night_base,pal_032,吊缚灵,土,青铜,4,2,100,土、坦克、抗压承伤、防御、前排、阻挡
ysbzs-local-3,1,5,事件节点4,1,node_shop_basic,夜市商人,shop_offer,夜市商人,night_base,pal_007,伏特喵,风,青铜,4,2,100,风、抗压承伤、前排、阻挡
ysbzs-local-3,1,5,事件节点4,1,node_shop_basic,夜市商人,shop_offer,夜市商人,night_base,pal_028,波娜兔,风,青铜,6,3,100,风、治疗、风系铺场、后排、增益
ysbzs-local-3,1,5,事件节点4,1,node_shop_basic,夜市商人,shop_offer,夜市商人,night_base,pal_003,皮皮鸡,风,青铜,2,1,100,风、削弱远点、发育
ysbzs-local-3,1,5,事件节点4,2,node_reward_pet,宠物奖励,reward_pet,宠物奖励,reward_pT1,pal_020,草莽猪,土,青铜,,2,60,土、坦克、抗压承伤、防御、前排、阻挡
ysbzs-local-3,1,5,事件节点4,2,node_reward_pet,宠物奖励,reward_pet,宠物奖励,reward_pT1,pal_018,米露菲,风,青铜,,3,60,风、经济、风系铺场、召唤、发育
ysbzs-local-3,1,5,事件节点4,3,node_shop_fire,火系补货商人,shop_offer,火系补货商人,elem_火,pal_009,燎火鹿,火,青铜,4,2,100,火、输出、火系压制、爆发、前排
ysbzs-local-3,1,5,事件节点4,3,node_shop_fire,火系补货商人,shop_offer,火系补货商人,elem_火,pal_009,燎火鹿,火,青铜,4,2,100,火、输出、火系压制、爆发、前排
ysbzs-local-3,1,5,事件节点4,3,node_shop_fire,火系补货商人,shop_offer,火系补货商人,elem_火,pal_005,火绒狐,火,青铜,4,2,100,火、抗压承伤、爆发、前排
ysbzs-local-3,1,5,事件节点4,3,node_shop_fire,火系补货商人,shop_offer,火系补货商人,elem_火,pal_009,燎火鹿,火,青铜,4,2,100,火、输出、火系压制、爆发、前排
ysbzs-local-3,1,5,事件节点4,3,node_shop_fire,火系补货商人,shop_offer,火系补货商人,elem_火,pal_009,燎火鹿,火,青铜,4,2,100,火、输出、火系压制、爆发、前排
ysbzs-local-3,2,1,事件节点1,1,node_d02_shop_water,水系补货商人,shop_offer,水系补货商人,elem_水,pal_010,企丸丸,水,青铜,4,2,100,水、治疗、水系牵制、后排、增益
ysbzs-local-3,2,1,事件节点1,1,node_d02_shop_water,水系补货商人,shop_offer,水系补货商人,elem_水,pal_031,鲨小子,水,青铜,4,2,100,水、治疗、抗压承伤、后排、增益
ysbzs-local-3,2,1,事件节点1,1,node_d02_shop_water,水系补货商人,shop_offer,水系补货商人,elem_水,pal_011,企丸王,水,青铜,4,2,100,水、治疗、水系牵制、后排、增益
ysbzs-local-3,2,1,事件节点1,1,node_d02_shop_water,水系补货商人,shop_offer,水系补货商人,elem_水,pal_010,企丸丸,水,青铜,4,2,100,水、治疗、水系牵制、后排、增益
ysbzs-local-3,2,1,事件节点1,1,node_d02_shop_water,水系补货商人,shop_offer,水系补货商人,elem_水,pal_011,企丸王,水,青铜,4,2,100,水、治疗、水系牵制、后排、增益
ysbzs-local-3,2,1,事件节点1,2,node_d02_reward_pet,宠物奖励,reward_pet,宠物奖励,reward_pT1,pal_006,冲浪鸭,水,青铜,,2,60,水、毒伤牵制、后排、增益
ysbzs-local-3,2,1,事件节点1,2,node_d02_reward_pet,宠物奖励,reward_pet,宠物奖励,reward_pT1,pal_006,冲浪鸭,水,青铜,,2,60,水、毒伤牵制、后排、增益
ysbzs-local-3,2,1,事件节点1,3,node_d02_role_tank,前排摊位,shop_offer,前排摊位,role_坦克,pal_019,寐魔,土,青铜,6,3,90,土、坦克、重甲抗压、防御、前排、阻挡
ysbzs-local-3,2,1,事件节点1,3,node_d02_role_tank,前排摊位,shop_offer,前排摊位,role_坦克,pal_022,遁地鼠,土,青铜,4,2,90,土、坦克、抗压承伤、防御、前排、阻挡
ysbzs-local-3,2,1,事件节点1,3,node_d02_role_tank,前排摊位,shop_offer,前排摊位,role_坦克,pal_021,露娜蒂,土,青铜,4,2,90,土、坦克、抗压承伤、防御、前排、阻挡
ysbzs-local-3,2,1,事件节点1,3,node_d02_role_tank,前排摊位,shop_offer,前排摊位,role_坦克,pal_023,勾魂鱿,土,青铜,4,2,90,土、坦克、抗压承伤、防御、前排、阻挡
ysbzs-local-3,2,2,事件节点2,1,node_d02_reward_pet,宠物奖励,reward_pet,宠物奖励,reward_pT1,pal_007,伏特喵,风,青铜,,2,60,风、抗压承伤、前排、阻挡
ysbzs-local-3,2,2,事件节点2,1,node_d02_reward_pet,宠物奖励,reward_pet,宠物奖励,reward_pT1,pal_008,新叶猿,风,青铜,,2,60,风、坦克、抗压承伤、防御、前排、阻挡
ysbzs-local-3,2,2,事件节点2,2,node_d02_role_summon,召唤摊位,shop_offer,召唤摊位,role_召唤,pal_035,灌木羊,风,青铜,2,1,90,风、召唤、召唤铺场、成长、核心
ysbzs-local-3,2,2,事件节点2,2,node_d02_role_summon,召唤摊位,shop_offer,召唤摊位,role_召唤,pal_035,灌木羊,风,青铜,2,1,90,风、召唤、召唤铺场、成长、核心
ysbzs-local-3,2,2,事件节点2,2,node_d02_role_summon,召唤摊位,shop_offer,召唤摊位,role_召唤,pal_035,灌木羊,风,青铜,2,1,90,风、召唤、召唤铺场、成长、核心
ysbzs-local-3,2,2,事件节点2,2,node_d02_role_summon,召唤摊位,shop_offer,召唤摊位,role_召唤,pal_035,灌木羊,风,青铜,2,1,90,风、召唤、召唤铺场、成长、核心
ysbzs-local-3,2,2,事件节点2,2,node_d02_role_summon,召唤摊位,shop_offer,召唤摊位,role_召唤,pal_035,灌木羊,风,青铜,2,1,90,风、召唤、召唤铺场、成长、核心
ysbzs-local-3,2,2,事件节点2,2,node_d02_role_summon,召唤摊位,shop_offer,召唤摊位,role_召唤,pal_035,灌木羊,风,青铜,2,1,90,风、召唤、召唤铺场、成长、核心
ysbzs-local-3,2,2,事件节点2,2,node_d02_role_summon,召唤摊位,shop_offer,召唤摊位,role_召唤,pal_035,灌木羊,风,青铜,2,1,90,风、召唤、召唤铺场、成长、核心
ysbzs-local-3,2,2,事件节点2,2,node_d02_role_summon,召唤摊位,shop_offer,召唤摊位,role_召唤,pal_035,灌木羊,风,青铜,2,1,90,风、召唤、召唤铺场、成长、核心
ysbzs-local-3,2,2,事件节点2,2,node_d02_role_summon,召唤摊位,shop_offer,召唤摊位,role_召唤,pal_035,灌木羊,风,青铜,2,1,90,风、召唤、召唤铺场、成长、核心
ysbzs-local-3,2,2,事件节点2,2,node_d02_role_summon,召唤摊位,shop_offer,召唤摊位,role_召唤,pal_035,灌木羊,风,青铜,2,1,90,风、召唤、召唤铺场、成长、核心
ysbzs-local-3,2,2,事件节点2,3,node_d02_role_tank,前排摊位,shop_offer,前排摊位,role_坦克,pal_008,新叶猿,风,青铜,4,2,90,风、坦克、抗压承伤、防御、前排、阻挡
ysbzs-local-3,2,2,事件节点2,3,node_d02_role_tank,前排摊位,shop_offer,前排摊位,role_坦克,pal_019,寐魔,土,青铜,6,3,90,土、坦克、重甲抗压、防御、前排、阻挡
ysbzs-local-3,2,2,事件节点2,3,node_d02_role_tank,前排摊位,shop_offer,前排摊位,role_坦克,pal_023,勾魂鱿,土,青铜,4,2,90,土、坦克、抗压承伤、防御、前排、阻挡
ysbzs-local-3,2,2,事件节点2,3,node_d02_role_tank,前排摊位,shop_offer,前排摊位,role_坦克,pal_017,瞅什魔,土,青铜,6,3,90,土、坦克、重甲抗压、防御、前排、阻挡
ysbzs-local-3,2,4,事件节点3,1,node_d02_role_tank,前排摊位,shop_offer,前排摊位,role_坦克,pal_015,啼卡尔,土,青铜,6,3,90,土、坦克、重甲抗压、防御、前排、阻挡
ysbzs-local-3,2,4,事件节点3,1,node_d02_role_tank,前排摊位,shop_offer,前排摊位,role_坦克,pal_017,瞅什魔,土,青铜,6,3,90,土、坦克、重甲抗压、防御、前排、阻挡
ysbzs-local-3,2,4,事件节点3,1,node_d02_role_tank,前排摊位,shop_offer,前排摊位,role_坦克,pal_020,草莽猪,土,青铜,4,2,90,土、坦克、抗压承伤、防御、前排、阻挡
ysbzs-local-3,2,4,事件节点3,1,node_d02_role_tank,前排摊位,shop_offer,前排摊位,role_坦克,pal_022,遁地鼠,土,青铜,4,2,90,土、坦克、抗压承伤、防御、前排、阻挡
ysbzs-local-3,2,4,事件节点3,2,node_d02_shop_water,水系补货商人,shop_offer,水系补货商人,elem_水,pal_031,鲨小子,水,青铜,4,2,100,水、治疗、抗压承伤、后排、增益
ysbzs-local-3,2,4,事件节点3,2,node_d02_shop_water,水系补货商人,shop_offer,水系补货商人,elem_水,pal_010,企丸丸,水,青铜,4,2,100,水、治疗、水系牵制、后排、增益
ysbzs-local-3,2,4,事件节点3,2,node_d02_shop_water,水系补货商人,shop_offer,水系补货商人,elem_水,pal_031,鲨小子,水,青铜,4,2,100,水、治疗、抗压承伤、后排、增益
ysbzs-local-3,2,4,事件节点3,2,node_d02_shop_water,水系补货商人,shop_offer,水系补货商人,elem_水,pal_010,企丸丸,水,青铜,4,2,100,水、治疗、水系牵制、后排、增益
ysbzs-local-3,2,4,事件节点3,2,node_d02_shop_water,水系补货商人,shop_offer,水系补货商人,elem_水,pal_006,冲浪鸭,水,青铜,4,2,100,水、毒伤牵制、后排、增益
ysbzs-local-3,2,4,事件节点3,3,node_d02_reward_pet,宠物奖励,reward_pet,宠物奖励,reward_pT1,pal_008,新叶猿,风,青铜,,2,60,风、坦克、抗压承伤、防御、前排、阻挡
ysbzs-local-3,2,4,事件节点3,3,node_d02_reward_pet,宠物奖励,reward_pet,宠物奖励,reward_pT1,pal_003,皮皮鸡,风,青铜,,1,60,风、削弱远点、发育
ysbzs-local-3,2,5,事件节点4,1,node_d02_role_tank,前排摊位,shop_offer,前排摊位,role_坦克,pal_013,叶泥泥,土,青铜,6,3,90,土、坦克、重甲抗压、防御、前排、阻挡
ysbzs-local-3,2,5,事件节点4,1,node_d02_role_tank,前排摊位,shop_offer,前排摊位,role_坦克,pal_021,露娜蒂,土,青铜,4,2,90,土、坦克、抗压承伤、防御、前排、阻挡
ysbzs-local-3,2,5,事件节点4,1,node_d02_role_tank,前排摊位,shop_offer,前排摊位,role_坦克,pal_008,新叶猿,风,青铜,4,2,90,风、坦克、抗压承伤、防御、前排、阻挡
ysbzs-local-3,2,5,事件节点4,1,node_d02_role_tank,前排摊位,shop_offer,前排摊位,role_坦克,pal_017,瞅什魔,土,青铜,6,3,90,土、坦克、重甲抗压、防御、前排、阻挡
ysbzs-local-3,2,5,事件节点4,2,node_d02_role_summon,召唤摊位,shop_offer,召唤摊位,role_召唤,pal_035,灌木羊,风,青铜,2,1,90,风、召唤、召唤铺场、成长、核心
ysbzs-local-3,2,5,事件节点4,2,node_d02_role_summon,召唤摊位,shop_offer,召唤摊位,role_召唤,pal_035,灌木羊,风,青铜,2,1,90,风、召唤、召唤铺场、成长、核心
ysbzs-local-3,2,5,事件节点4,2,node_d02_role_summon,召唤摊位,shop_offer,召唤摊位,role_召唤,pal_035,灌木羊,风,青铜,2,1,90,风、召唤、召唤铺场、成长、核心
ysbzs-local-3,2,5,事件节点4,2,node_d02_role_summon,召唤摊位,shop_offer,召唤摊位,role_召唤,pal_035,灌木羊,风,青铜,2,1,90,风、召唤、召唤铺场、成长、核心
ysbzs-local-3,2,5,事件节点4,2,node_d02_role_summon,召唤摊位,shop_offer,召唤摊位,role_召唤,pal_035,灌木羊,风,青铜,2,1,90,风、召唤、召唤铺场、成长、核心
ysbzs-local-3,2,5,事件节点4,2,node_d02_role_summon,召唤摊位,shop_offer,召唤摊位,role_召唤,pal_035,灌木羊,风,青铜,2,1,90,风、召唤、召唤铺场、成长、核心
ysbzs-local-3,2,5,事件节点4,2,node_d02_role_summon,召唤摊位,shop_offer,召唤摊位,role_召唤,pal_035,灌木羊,风,青铜,2,1,90,风、召唤、召唤铺场、成长、核心
ysbzs-local-3,2,5,事件节点4,2,node_d02_role_summon,召唤摊位,shop_offer,召唤摊位,role_召唤,pal_035,灌木羊,风,青铜,2,1,90,风、召唤、召唤铺场、成长、核心
ysbzs-local-3,2,5,事件节点4,2,node_d02_role_summon,召唤摊位,shop_offer,召唤摊位,role_召唤,pal_035,灌木羊,风,青铜,2,1,90,风、召唤、召唤铺场、成长、核心
ysbzs-local-3,2,5,事件节点4,2,node_d02_role_summon,召唤摊位,shop_offer,召唤摊位,role_召唤,pal_035,灌木羊,风,青铜,2,1,90,风、召唤、召唤铺场、成长、核心
ysbzs-local-3,2,5,事件节点4,3,node_d02_reward_pet,宠物奖励,reward_pet,宠物奖励,reward_pT1,pal_020,草莽猪,土,青铜,,2,60,土、坦克、抗压承伤、防御、前排、阻挡
ysbzs-local-3,2,5,事件节点4,3,node_d02_reward_pet,宠物奖励,reward_pet,宠物奖励,reward_pT1,pal_004,翠叶鼠,风,青铜,,1,60,风、远点压制、后排、增益
ysbzs-local-3,3,1,事件节点1,1,node_d03_fire_shop,火系强化商人,shop_offer,火系强化商人,elem_火,pal_072,融焰娘,火,白银,2,1,70,火、召唤、召唤铺场、成长、核心
ysbzs-local-3,3,1,事件节点1,1,node_d03_fire_shop,火系强化商人,shop_offer,火系强化商人,elem_火,pal_061,苍焰狼,火,白银,4,2,70,火、输出、成长输出、爆发、前排
ysbzs-local-3,3,1,事件节点1,1,node_d03_fire_shop,火系强化商人,shop_offer,火系强化商人,elem_火,pal_077,燧火鸟,火,白银,4,2,70,火、机动、火系压制、灵活、泛用
ysbzs-local-3,3,1,事件节点1,1,node_d03_fire_shop,火系强化商人,shop_offer,火系强化商人,elem_火,pal_075,浪刃武士,火,白银,2,1,70,火、输出、火系压制、爆发、前排
ysbzs-local-3,3,1,事件节点1,1,node_d03_fire_shop,火系强化商人,shop_offer,火系强化商人,elem_火,pal_086,火灵儿,火,白银,2,1,70,火、输出、火系压制、爆发、前排
ysbzs-local-3,3,1,事件节点1,1,node_d03_fire_shop,火系强化商人,shop_offer,火系强化商人,elem_火,pal_075,浪刃武士,火,白银,2,1,70,火、输出、火系压制、爆发、前排
ysbzs-local-3,3,1,事件节点1,1,node_d03_fire_shop,火系强化商人,shop_offer,火系强化商人,elem_火,pal_040,炎魔羊,火,白银,4,2,70,火、输出、火系压制、爆发、前排
ysbzs-local-3,3,1,事件节点1,2,node_d03_reward_tier2,白银奖励,reward_pet,白银奖励,reward_pT2,pal_102,白绒雪怪,水,白银,,1,45,水、坦克、抗压承伤、防御、前排、阻挡
ysbzs-local-3,3,1,事件节点1,2,node_d03_reward_tier2,白银奖励,reward_pet,白银奖励,reward_pT2,pal_056,雷角马,风,白银,,1,45,风、控制、风系牵制、牵制、范围、机动
ysbzs-local-3,3,1,事件节点1,3,node_d03_tier2_shop,白银预备商人,shop_offer,白银预备商人,tier_pT2,pal_049,铁拳猿,风,白银,2,1,80,风、坦克、抗压承伤、防御、前排、阻挡
ysbzs-local-3,3,1,事件节点1,3,node_d03_tier2_shop,白银预备商人,shop_offer,白银预备商人,tier_pT2,pal_053,毛掸儿,水,白银,2,1,80,水、控制、水系牵制、牵制、范围、机动
ysbzs-local-3,3,1,事件节点1,3,node_d03_tier2_shop,白银预备商人,shop_offer,白银预备商人,tier_pT2,pal_042,炽焰牛,火,白银,2,1,80,火、输出、火系压制、爆发、前排
ysbzs-local-3,3,1,事件节点1,3,node_d03_tier2_shop,白银预备商人,shop_offer,白银预备商人,tier_pT2,pal_093,连理龙,风,白银,4,2,80,风、召唤、召唤铺场、成长、核心
ysbzs-local-3,3,1,事件节点1,3,node_d03_tier2_shop,白银预备商人,shop_offer,白银预备商人,tier_pT2,pal_079,焰巫狐,火,白银,4,2,80,火、输出、成长输出、爆发、前排
ysbzs-local-3,3,1,事件节点1,3,node_d03_tier2_shop,白银预备商人,shop_offer,白银预备商人,tier_pT2,pal_097,寒霜兽,水,白银,6,3,80,水、坦克、重甲抗压、防御、前排、阻挡
ysbzs-local-3,3,2,事件节点2,1,node_d03_tier2_shop,白银预备商人,shop_offer,白银预备商人,tier_pT2,pal_102,白绒雪怪,水,白银,2,1,80,水、坦克、抗压承伤、防御、前排、阻挡
ysbzs-local-3,3,2,事件节点2,1,node_d03_tier2_shop,白银预备商人,shop_offer,白银预备商人,tier_pT2,pal_039,姬小兔,风,白银,2,1,80,风、坦克、抗压承伤、防御、前排、阻挡
ysbzs-local-3,3,2,事件节点2,1,node_d03_tier2_shop,白银预备商人,shop_offer,白银预备商人,tier_pT2,pal_050,骑士蜂,风,白银,4,2,80,风、召唤、召唤铺场、成长、核心
ysbzs-local-3,3,2,事件节点2,1,node_d03_tier2_shop,白银预备商人,shop_offer,白银预备商人,tier_pT2,pal_042,炽焰牛,火,白银,2,1,80,火、输出、火系压制、爆发、前排
ysbzs-local-3,3,2,事件节点2,1,node_d03_tier2_shop,白银预备商人,shop_offer,白银预备商人,tier_pT2,pal_085,水灵儿,水,白银,2,1,80,水、治疗、水系牵制、后排、增益
ysbzs-local-3,3,2,事件节点2,1,node_d03_tier2_shop,白银预备商人,shop_offer,白银预备商人,tier_pT2,pal_046,月镰魔,土,白银,4,2,80,土、坦克、抗压承伤、防御、前排、阻挡
ysbzs-local-3,3,2,事件节点2,1,node_d03_tier2_shop,白银预备商人,shop_offer,白银预备商人,tier_pT2,pal_036,美露帕,风,白银,2,1,80,风、经济、远点压制、召唤、发育
ysbzs-local-3,3,2,事件节点2,1,node_d03_tier2_shop,白银预备商人,shop_offer,白银预备商人,tier_pT2,pal_057,吹雪狐,水,白银,2,1,80,水、控制、水系牵制、牵制、范围、机动
ysbzs-local-3,3,2,事件节点2,2,node_d03_reward_tier2,白银奖励,reward_pet,白银奖励,reward_pT2,pal_038,疾风隼,风,白银,,1,45,风、机动、机动压制、灵活、泛用
ysbzs-local-3,3,2,事件节点2,2,node_d03_reward_tier2,白银奖励,reward_pet,白银奖励,reward_pT2,pal_085,水灵儿,水,白银,,1,45,水、治疗、水系牵制、后排、增益
ysbzs-local-3,3,2,事件节点2,3,node_d03_summon_shop,召唤强化商人,shop_offer,召唤强化商人,role_召唤,pal_050,骑士蜂,风,白银,4,2,65,风、召唤、召唤铺场、成长、核心
ysbzs-local-3,3,2,事件节点2,3,node_d03_summon_shop,召唤强化商人,shop_offer,召唤强化商人,role_召唤,pal_050,骑士蜂,风,白银,4,2,65,风、召唤、召唤铺场、成长、核心
ysbzs-local-3,3,2,事件节点2,3,node_d03_summon_shop,召唤强化商人,shop_offer,召唤强化商人,role_召唤,pal_035,灌木羊,风,青铜,2,1,90,风、召唤、召唤铺场、成长、核心
ysbzs-local-3,3,2,事件节点2,3,node_d03_summon_shop,召唤强化商人,shop_offer,召唤强化商人,role_召唤,pal_050,骑士蜂,风,白银,4,2,65,风、召唤、召唤铺场、成长、核心
ysbzs-local-3,3,2,事件节点2,3,node_d03_summon_shop,召唤强化商人,shop_offer,召唤强化商人,role_召唤,pal_072,融焰娘,火,白银,2,1,65,火、召唤、召唤铺场、成长、核心
ysbzs-local-3,3,2,事件节点2,3,node_d03_summon_shop,召唤强化商人,shop_offer,召唤强化商人,role_召唤,pal_063,秘斯媞雅,风,白银,2,1,65,风、召唤、召唤铺场、成长、核心
ysbzs-local-3,3,2,事件节点2,3,node_d03_summon_shop,召唤强化商人,shop_offer,召唤强化商人,role_召唤,pal_072,融焰娘,火,白银,2,1,65,火、召唤、召唤铺场、成长、核心
ysbzs-local-3,3,4,事件节点3,1,node_d03_tier2_shop,白银预备商人,shop_offer,白银预备商人,tier_pT2,pal_065,雷冠龙,风,白银,4,2,80,风、控制、风系牵制、牵制、范围、机动
ysbzs-local-3,3,4,事件节点3,1,node_d03_tier2_shop,白银预备商人,shop_offer,白银预备商人,tier_pT2,pal_076,迅雷鸟,风,白银,6,3,80,风、控制、风系牵制、牵制、范围、机动
ysbzs-local-3,3,4,事件节点3,1,node_d03_tier2_shop,白银预备商人,shop_offer,白银预备商人,tier_pT2,pal_095,花丽娜,风,白银,2,1,80,风、治疗、远点压制、后排、增益
ysbzs-local-3,3,4,事件节点3,1,node_d03_tier2_shop,白银预备商人,shop_offer,白银预备商人,tier_pT2,pal_036,美露帕,风,白银,2,1,80,风、经济、远点压制、召唤、发育
ysbzs-local-3,3,4,事件节点3,1,node_d03_tier2_shop,白银预备商人,shop_offer,白银预备商人,tier_pT2,pal_052,笑魇猫,风,白银,2,1,80,风、机动、机动压制、灵活、泛用
ysbzs-local-3,3,4,事件节点3,1,node_d03_tier2_shop,白银预备商人,shop_offer,白银预备商人,tier_pT2,pal_042,炽焰牛,火,白银,2,1,80,火、输出、火系压制、爆发、前排
ysbzs-local-3,3,4,事件节点3,1,node_d03_tier2_shop,白银预备商人,shop_offer,白银预备商人,tier_pT2,pal_085,水灵儿,水,白银,2,1,80,水、治疗、水系牵制、后排、增益
ysbzs-local-3,3,4,事件节点3,2,node_d03_summon_shop,召唤强化商人,shop_offer,召唤强化商人,role_召唤,pal_072,融焰娘,火,白银,2,1,65,火、召唤、召唤铺场、成长、核心
ysbzs-local-3,3,4,事件节点3,2,node_d03_summon_shop,召唤强化商人,shop_offer,召唤强化商人,role_召唤,pal_093,连理龙,风,白银,4,2,65,风、召唤、召唤铺场、成长、核心
ysbzs-local-3,3,4,事件节点3,2,node_d03_summon_shop,召唤强化商人,shop_offer,召唤强化商人,role_召唤,pal_064,花冠龙,风,白银,4,2,65,风、召唤、召唤铺场、成长、核心
ysbzs-local-3,3,4,事件节点3,2,node_d03_summon_shop,召唤强化商人,shop_offer,召唤强化商人,role_召唤,pal_064,花冠龙,风,白银,4,2,65,风、召唤、召唤铺场、成长、核心
ysbzs-local-3,3,4,事件节点3,2,node_d03_summon_shop,召唤强化商人,shop_offer,召唤强化商人,role_召唤,pal_063,秘斯媞雅,风,白银,2,1,65,风、召唤、召唤铺场、成长、核心
ysbzs-local-3,3,4,事件节点3,2,node_d03_summon_shop,召唤强化商人,shop_offer,召唤强化商人,role_召唤,pal_035,灌木羊,风,青铜,2,1,90,风、召唤、召唤铺场、成长、核心
ysbzs-local-3,3,4,事件节点3,2,node_d03_summon_shop,召唤强化商人,shop_offer,召唤强化商人,role_召唤,pal_072,融焰娘,火,白银,2,1,65,火、召唤、召唤铺场、成长、核心
ysbzs-local-3,3,4,事件节点3,3,node_d03_reward_tier2,白银奖励,reward_pet,白银奖励,reward_pT2,pal_047,天擒鸟,风,白银,,1,45,风、机动、机动压制、灵活、泛用
ysbzs-local-3,3,4,事件节点3,3,node_d03_reward_tier2,白银奖励,reward_pet,白银奖励,reward_pT2,pal_070,猫蝠怪,土,白银,,2,45,土、坦克、抗压承伤、防御、前排、阻挡
ysbzs-local-3,3,5,事件节点4,1,node_d03_tier2_shop,白银预备商人,shop_offer,白银预备商人,tier_pT2,pal_066,滑水蛇,水,白银,2,1,80,水、治疗、水系牵制、后排、增益
ysbzs-local-3,3,5,事件节点4,1,node_d03_tier2_shop,白银预备商人,shop_offer,白银预备商人,tier_pT2,pal_101,雪猛犸,水,白银,6,3,80,水、坦克、重甲抗压、防御、前排、阻挡
ysbzs-local-3,3,5,事件节点4,1,node_d03_tier2_shop,白银预备商人,shop_offer,白银预备商人,tier_pT2,pal_070,猫蝠怪,土,白银,4,2,80,土、坦克、抗压承伤、防御、前排、阻挡
ysbzs-local-3,3,5,事件节点4,1,node_d03_tier2_shop,白银预备商人,shop_offer,白银预备商人,tier_pT2,pal_099,冰帝美露帕,水,白银,2,1,80,水、坦克、抗压承伤、防御、前排、阻挡
ysbzs-local-3,3,5,事件节点4,1,node_d03_tier2_shop,白银预备商人,shop_offer,白银预备商人,tier_pT2,pal_103,绿苔绒怪,风,白银,2,1,80,风、坦克、抗压承伤、防御、前排、阻挡
ysbzs-local-3,3,5,事件节点4,1,node_d03_tier2_shop,白银预备商人,shop_offer,白银预备商人,tier_pT2,pal_060,霹雳犬,风,白银,2,1,80,风、控制、风系牵制、牵制、范围、机动
ysbzs-local-3,3,5,事件节点4,1,node_d03_tier2_shop,白银预备商人,shop_offer,白银预备商人,tier_pT2,pal_056,雷角马,风,白银,2,1,80,风、控制、风系牵制、牵制、范围、机动
ysbzs-local-3,3,5,事件节点4,2,node_d03_fire_shop,火系强化商人,shop_offer,火系强化商人,elem_火,pal_077,燧火鸟,火,白银,4,2,70,火、机动、火系压制、灵活、泛用
ysbzs-local-3,3,5,事件节点4,2,node_d03_fire_shop,火系强化商人,shop_offer,火系强化商人,elem_火,pal_042,炽焰牛,火,白银,2,1,70,火、输出、火系压制、爆发、前排
ysbzs-local-3,3,5,事件节点4,2,node_d03_fire_shop,火系强化商人,shop_offer,火系强化商人,elem_火,pal_090,狱阎王,火,白银,6,3,70,火、输出、召唤铺场、爆发、前排
ysbzs-local-3,3,5,事件节点4,2,node_d03_fire_shop,火系强化商人,shop_offer,火系强化商人,elem_火,pal_079,焰巫狐,火,白银,4,2,70,火、输出、成长输出、爆发、前排
ysbzs-local-3,3,5,事件节点4,2,node_d03_fire_shop,火系强化商人,shop_offer,火系强化商人,elem_火,pal_073,烽歌龙,火,白银,4,2,70,火、机动、火系压制、灵活、泛用
ysbzs-local-3,3,5,事件节点4,3,node_d03_reward_tier2,白银奖励,reward_pet,白银奖励,reward_pT2,pal_086,火灵儿,火,白银,,1,45,火、输出、火系压制、爆发、前排
ysbzs-local-3,3,5,事件节点4,3,node_d03_reward_tier2,白银奖励,reward_pet,白银奖励,reward_pT2,pal_073,烽歌龙,火,白银,,2,45,火、机动、火系压制、灵活、泛用
ysbzs-local-3,4,1,事件节点1,1,node_d04_reward_tier2,白银奖励,reward_pet,白银奖励,reward_pT2,pal_051,女皇蜂,风,白银,,1,45,风、治疗、远点压制、后排、增益
ysbzs-local-3,4,1,事件节点1,1,node_d04_reward_tier2,白银奖励,reward_pet,白银奖励,reward_pT2,pal_061,苍焰狼,火,白银,,2,45,火、输出、成长输出、爆发、前排
ysbzs-local-3,4,1,事件节点1,2,node_d04_tier2_shop,白银商会,shop_offer,白银商会,tier_pT2,pal_099,冰帝美露帕,水,白银,2,1,80,水、坦克、抗压承伤、防御、前排、阻挡
ysbzs-local-3,4,1,事件节点1,2,node_d04_tier2_shop,白银商会,shop_offer,白银商会,tier_pT2,pal_064,花冠龙,风,白银,4,2,80,风、召唤、召唤铺场、成长、核心
ysbzs-local-3,4,1,事件节点1,2,node_d04_tier2_shop,白银商会,shop_offer,白银商会,tier_pT2,pal_074,霜歌龙,水,白银,4,2,80,水、控制、水系牵制、牵制、范围、机动
ysbzs-local-3,4,1,事件节点1,2,node_d04_tier2_shop,白银商会,shop_offer,白银商会,tier_pT2,pal_037,紫霞鹿,风,白银,2,1,80,风、机动、机动压制、灵活、泛用
ysbzs-local-3,4,1,事件节点1,2,node_d04_tier2_shop,白银商会,shop_offer,白银商会,tier_pT2,pal_106,夜幕魔蝠,土,白银,6,3,80,土、坦克、召唤铺场、防御、前排、阻挡
ysbzs-local-3,4,1,事件节点1,2,node_d04_tier2_shop,白银商会,shop_offer,白银商会,tier_pT2,pal_078,暗巫猫,土,白银,2,1,80,土、治疗、土系抗压、后排、增益
ysbzs-local-3,4,1,事件节点1,3,node_d04_control_shop,控制补强商人,shop_offer,控制补强商人,role_控制,pal_012,电棘鼠,风,青铜,4,2,90,风、控制、风系牵制、牵制、范围、机动
ysbzs-local-3,4,1,事件节点1,3,node_d04_control_shop,控制补强商人,shop_offer,控制补强商人,role_控制,pal_060,霹雳犬,风,白银,2,1,65,风、控制、风系牵制、牵制、范围、机动
ysbzs-local-3,4,1,事件节点1,3,node_d04_control_shop,控制补强商人,shop_offer,控制补强商人,role_控制,pal_074,霜歌龙,水,白银,4,2,65,水、控制、水系牵制、牵制、范围、机动
ysbzs-local-3,4,1,事件节点1,3,node_d04_control_shop,控制补强商人,shop_offer,控制补强商人,role_控制,pal_053,毛掸儿,水,白银,2,1,65,水、控制、水系牵制、牵制、范围、机动
ysbzs-local-3,4,1,事件节点1,3,node_d04_control_shop,控制补强商人,shop_offer,控制补强商人,role_控制,pal_092,派克龙,风,白银,4,2,65,风、控制、风系牵制、牵制、范围、机动
ysbzs-local-3,4,1,事件节点1,3,node_d04_control_shop,控制补强商人,shop_offer,控制补强商人,role_控制,pal_056,雷角马,风,白银,2,1,65,风、控制、风系牵制、牵制、范围、机动
ysbzs-local-3,4,1,事件节点1,3,node_d04_control_shop,控制补强商人,shop_offer,控制补强商人,role_控制,pal_060,霹雳犬,风,白银,2,1,65,风、控制、风系牵制、牵制、范围、机动
ysbzs-local-3,4,2,事件节点2,1,node_d04_reward_tier2,白银奖励,reward_pet,白银奖励,reward_pT2,pal_076,迅雷鸟,风,白银,,3,45,风、控制、风系牵制、牵制、范围、机动
ysbzs-local-3,4,2,事件节点2,1,node_d04_reward_tier2,白银奖励,reward_pet,白银奖励,reward_pT2,pal_051,女皇蜂,风,白银,,1,45,风、治疗、远点压制、后排、增益
ysbzs-local-3,4,2,事件节点2,2,node_d04_wind_shop,风系补货商人,shop_offer,风系补货商人,elem_风,pal_093,连理龙,风,白银,4,2,70,风、召唤、召唤铺场、成长、核心
ysbzs-local-3,4,2,事件节点2,2,node_d04_wind_shop,风系补货商人,shop_offer,风系补货商人,elem_风,pal_107,天羽龙,风,白银,6,3,70,风、机动、机动压制、灵活、泛用
ysbzs-local-3,4,2,事件节点2,2,node_d04_wind_shop,风系补货商人,shop_offer,风系补货商人,elem_风,pal_076,迅雷鸟,风,白银,6,3,70,风、控制、风系牵制、牵制、范围、机动
ysbzs-local-3,4,2,事件节点2,2,node_d04_wind_shop,风系补货商人,shop_offer,风系补货商人,elem_风,pal_034,棉花糖,风,青铜,2,1,100,风、经济、远点压制、召唤、发育
ysbzs-local-3,4,2,事件节点2,2,node_d04_wind_shop,风系补货商人,shop_offer,风系补货商人,elem_风,pal_036,美露帕,风,白银,2,1,70,风、经济、远点压制、召唤、发育
ysbzs-local-3,4,2,事件节点2,3,node_d04_control_shop,控制补强商人,shop_offer,控制补强商人,role_控制,pal_065,雷冠龙,风,白银,4,2,65,风、控制、风系牵制、牵制、范围、机动
ysbzs-local-3,4,2,事件节点2,3,node_d04_control_shop,控制补强商人,shop_offer,控制补强商人,role_控制,pal_055,疾旋鼬,水,白银,4,2,65,水、控制、召唤铺场、牵制、范围、机动
ysbzs-local-3,4,2,事件节点2,3,node_d04_control_shop,控制补强商人,shop_offer,控制补强商人,role_控制,pal_065,雷冠龙,风,白银,4,2,65,风、控制、风系牵制、牵制、范围、机动
ysbzs-local-3,4,2,事件节点2,3,node_d04_control_shop,控制补强商人,shop_offer,控制补强商人,role_控制,pal_060,霹雳犬,风,白银,2,1,65,风、控制、风系牵制、牵制、范围、机动
ysbzs-local-3,4,2,事件节点2,3,node_d04_control_shop,控制补强商人,shop_offer,控制补强商人,role_控制,pal_076,迅雷鸟,风,白银,6,3,65,风、控制、风系牵制、牵制、范围、机动
ysbzs-local-3,4,4,事件节点3,1,node_d04_control_shop,控制补强商人,shop_offer,控制补强商人,role_控制,pal_057,吹雪狐,水,白银,2,1,65,水、控制、水系牵制、牵制、范围、机动
ysbzs-local-3,4,4,事件节点3,1,node_d04_control_shop,控制补强商人,shop_offer,控制补强商人,role_控制,pal_012,电棘鼠,风,青铜,4,2,90,风、控制、风系牵制、牵制、范围、机动
ysbzs-local-3,4,4,事件节点3,1,node_d04_control_shop,控制补强商人,shop_offer,控制补强商人,role_控制,pal_076,迅雷鸟,风,白银,6,3,65,风、控制、风系牵制、牵制、范围、机动
ysbzs-local-3,4,4,事件节点3,1,node_d04_control_shop,控制补强商人,shop_offer,控制补强商人,role_控制,pal_092,派克龙,风,白银,4,2,65,风、控制、风系牵制、牵制、范围、机动
ysbzs-local-3,4,4,事件节点3,1,node_d04_control_shop,控制补强商人,shop_offer,控制补强商人,role_控制,pal_012,电棘鼠,风,青铜,4,2,90,风、控制、风系牵制、牵制、范围、机动
ysbzs-local-3,4,4,事件节点3,2,node_d04_reward_tier2,白银奖励,reward_pet,白银奖励,reward_pT2,pal_063,秘斯媞雅,风,白银,,1,45,风、召唤、召唤铺场、成长、核心
ysbzs-local-3,4,4,事件节点3,2,node_d04_reward_tier2,白银奖励,reward_pet,白银奖励,reward_pT2,pal_074,霜歌龙,水,白银,,2,45,水、控制、水系牵制、牵制、范围、机动
ysbzs-local-3,4,4,事件节点3,3,node_d04_wind_shop,风系补货商人,shop_offer,风系补货商人,elem_风,pal_062,雷鸣童子,风,白银,2,1,70,风、控制、风系牵制、牵制、范围、机动
ysbzs-local-3,4,4,事件节点3,3,node_d04_wind_shop,风系补货商人,shop_offer,风系补货商人,elem_风,pal_038,疾风隼,风,白银,2,1,70,风、机动、机动压制、灵活、泛用
ysbzs-local-3,4,4,事件节点3,3,node_d04_wind_shop,风系补货商人,shop_offer,风系补货商人,elem_风,pal_081,薇莉塔,风,白银,2,1,70,风、治疗、远点压制、后排、增益
ysbzs-local-3,4,4,事件节点3,3,node_d04_wind_shop,风系补货商人,shop_offer,风系补货商人,elem_风,pal_034,棉花糖,风,青铜,2,1,100,风、经济、远点压制、召唤、发育
ysbzs-local-3,4,4,事件节点3,3,node_d04_wind_shop,风系补货商人,shop_offer,风系补货商人,elem_风,pal_008,新叶猿,风,青铜,4,2,100,风、坦克、抗压承伤、防御、前排、阻挡
ysbzs-local-3,4,4,事件节点3,3,node_d04_wind_shop,风系补货商人,shop_offer,风系补货商人,elem_风,pal_050,骑士蜂,风,白银,4,2,70,风、召唤、召唤铺场、成长、核心
ysbzs-local-3,4,4,事件节点3,3,node_d04_wind_shop,风系补货商人,shop_offer,风系补货商人,elem_风,pal_002,捣蛋猫,风,青铜,2,1,100,风、抗压单点、前排、阻挡
ysbzs-local-3,4,4,事件节点3,3,node_d04_wind_shop,风系补货商人,shop_offer,风系补货商人,elem_风,pal_041,幻悦蝶,风,白银,2,1,70,风、治疗、远点压制、后排、增益
ysbzs-local-3,4,5,事件节点4,1,node_d04_reward_tier2,白银奖励,reward_pet,白银奖励,reward_pT2,pal_063,秘斯媞雅,风,白银,,1,45,风、召唤、召唤铺场、成长、核心
ysbzs-local-3,4,5,事件节点4,1,node_d04_reward_tier2,白银奖励,reward_pet,白银奖励,reward_pT2,pal_060,霹雳犬,风,白银,,1,45,风、控制、风系牵制、牵制、范围、机动
ysbzs-local-3,4,5,事件节点4,2,node_d04_control_shop,控制补强商人,shop_offer,控制补强商人,role_控制,pal_092,派克龙,风,白银,4,2,65,风、控制、风系牵制、牵制、范围、机动
ysbzs-local-3,4,5,事件节点4,2,node_d04_control_shop,控制补强商人,shop_offer,控制补强商人,role_控制,pal_060,霹雳犬,风,白银,2,1,65,风、控制、风系牵制、牵制、范围、机动
ysbzs-local-3,4,5,事件节点4,2,node_d04_control_shop,控制补强商人,shop_offer,控制补强商人,role_控制,pal_012,电棘鼠,风,青铜,4,2,90,风、控制、风系牵制、牵制、范围、机动
ysbzs-local-3,4,5,事件节点4,2,node_d04_control_shop,控制补强商人,shop_offer,控制补强商人,role_控制,pal_054,毛老爹,水,白银,2,1,65,水、控制、水系牵制、牵制、范围、机动
ysbzs-local-3,4,5,事件节点4,2,node_d04_control_shop,控制补强商人,shop_offer,控制补强商人,role_控制,pal_055,疾旋鼬,水,白银,4,2,65,水、控制、召唤铺场、牵制、范围、机动
ysbzs-local-3,4,5,事件节点4,2,node_d04_control_shop,控制补强商人,shop_offer,控制补强商人,role_控制,pal_054,毛老爹,水,白银,2,1,65,水、控制、水系牵制、牵制、范围、机动
ysbzs-local-3,4,5,事件节点4,2,node_d04_control_shop,控制补强商人,shop_offer,控制补强商人,role_控制,pal_056,雷角马,风,白银,2,1,65,风、控制、风系牵制、牵制、范围、机动
ysbzs-local-3,4,5,事件节点4,3,node_d04_tier2_shop,白银商会,shop_offer,白银商会,tier_pT2,pal_089,狱焰王,火,白银,6,3,80,火、输出、重甲抗压、爆发、前排
ysbzs-local-3,4,5,事件节点4,3,node_d04_tier2_shop,白银商会,shop_offer,白银商会,tier_pT2,pal_083,精灵龙,风,白银,4,2,80,风、召唤、召唤铺场、成长、核心
ysbzs-local-3,4,5,事件节点4,3,node_d04_tier2_shop,白银商会,shop_offer,白银商会,tier_pT2,pal_098,君王美露帕,风,白银,4,2,80,风、经济、夹击牵制、召唤、发育
ysbzs-local-3,4,5,事件节点4,3,node_d04_tier2_shop,白银商会,shop_offer,白银商会,tier_pT2,pal_068,噬魂兽,土,白银,4,2,80,土、坦克、抗压承伤、防御、前排、阻挡
ysbzs-local-3,4,5,事件节点4,3,node_d04_tier2_shop,白银商会,shop_offer,白银商会,tier_pT2,pal_059,严冬鹿,水,白银,2,1,80,水、控制、水系牵制、牵制、范围、机动
ysbzs-local-3,5,1,事件节点1,1,node_d05_heal_shop,治疗补强商人,shop_offer,治疗补强商人,role_治疗,pal_030,荆棘魔仙,风,青铜,6,3,90,风、治疗、风系铺场、后排、增益
ysbzs-local-3,5,1,事件节点1,1,node_d05_heal_shop,治疗补强商人,shop_offer,治疗补强商人,role_治疗,pal_087,碧海龙,水,白银,4,2,65,水、治疗、水系牵制、后排、增益
ysbzs-local-3,5,1,事件节点1,1,node_d05_heal_shop,治疗补强商人,shop_offer,治疗补强商人,role_治疗,pal_011,企丸王,水,青铜,4,2,90,水、治疗、水系牵制、后排、增益
ysbzs-local-3,5,1,事件节点1,1,node_d05_heal_shop,治疗补强商人,shop_offer,治疗补强商人,role_治疗,pal_066,滑水蛇,水,白银,2,1,65,水、治疗、水系牵制、后排、增益
ysbzs-local-3,5,1,事件节点1,1,node_d05_heal_shop,治疗补强商人,shop_offer,治疗补强商人,role_治疗,pal_094,海誓龙,水,白银,4,2,65,水、治疗、水系牵制、后排、增益
ysbzs-local-3,5,1,事件节点1,2,node_d05_water_shop,水系治疗商人,shop_offer,水系治疗商人,elem_水,pal_074,霜歌龙,水,白银,4,2,70,水、控制、水系牵制、牵制、范围、机动
ysbzs-local-3,5,1,事件节点1,2,node_d05_water_shop,水系治疗商人,shop_offer,水系治疗商人,elem_水,pal_087,碧海龙,水,白银,4,2,70,水、治疗、水系牵制、后排、增益
ysbzs-local-3,5,1,事件节点1,2,node_d05_water_shop,水系治疗商人,shop_offer,水系治疗商人,elem_水,pal_087,碧海龙,水,白银,4,2,70,水、治疗、水系牵制、后排、增益
ysbzs-local-3,5,1,事件节点1,2,node_d05_water_shop,水系治疗商人,shop_offer,水系治疗商人,elem_水,pal_031,鲨小子,水,青铜,4,2,100,水、治疗、抗压承伤、后排、增益
ysbzs-local-3,5,1,事件节点1,2,node_d05_water_shop,水系治疗商人,shop_offer,水系治疗商人,elem_水,pal_031,鲨小子,水,青铜,4,2,100,水、治疗、抗压承伤、后排、增益
ysbzs-local-3,5,1,事件节点1,3,node_d05_tier2_shop,白银精选商会,shop_offer,白银精选商会,tier_pT2,pal_055,疾旋鼬,水,白银,4,2,80,水、控制、召唤铺场、牵制、范围、机动
ysbzs-local-3,5,1,事件节点1,3,node_d05_tier2_shop,白银精选商会,shop_offer,白银精选商会,tier_pT2,pal_046,月镰魔,土,白银,4,2,80,土、坦克、抗压承伤、防御、前排、阻挡
ysbzs-local-3,5,1,事件节点1,3,node_d05_tier2_shop,白银精选商会,shop_offer,白银精选商会,tier_pT2,pal_052,笑魇猫,风,白银,2,1,80,风、机动、机动压制、灵活、泛用
ysbzs-local-3,5,1,事件节点1,3,node_d05_tier2_shop,白银精选商会,shop_offer,白银精选商会,tier_pT2,pal_054,毛老爹,水,白银,2,1,80,水、控制、水系牵制、牵制、范围、机动
ysbzs-local-3,5,1,事件节点1,3,node_d05_tier2_shop,白银精选商会,shop_offer,白银精选商会,tier_pT2,pal_059,严冬鹿,水,白银,2,1,80,水、控制、水系牵制、牵制、范围、机动
ysbzs-local-3,5,1,事件节点1,3,node_d05_tier2_shop,白银精选商会,shop_offer,白银精选商会,tier_pT2,pal_043,趴趴鲶,土,白银,2,1,80,土、治疗、土系抗压、后排、增益
ysbzs-local-3,5,1,事件节点1,3,node_d05_tier2_shop,白银精选商会,shop_offer,白银精选商会,tier_pT2,pal_061,苍焰狼,火,白银,4,2,80,火、输出、成长输出、爆发、前排
ysbzs-local-3,5,2,事件节点2,1,node_d05_tier2_shop,白银精选商会,shop_offer,白银精选商会,tier_pT2,pal_105,云海鹿,风,白银,2,1,80,风、机动、机动压制、灵活、泛用
ysbzs-local-3,5,2,事件节点2,1,node_d05_tier2_shop,白银精选商会,shop_offer,白银精选商会,tier_pT2,pal_093,连理龙,风,白银,4,2,80,风、召唤、召唤铺场、成长、核心
ysbzs-local-3,5,2,事件节点2,1,node_d05_tier2_shop,白银精选商会,shop_offer,白银精选商会,tier_pT2,pal_096,熔岩兽,火,白银,6,3,80,火、坦克、重甲抗压、防御、前排、阻挡
ysbzs-local-3,5,2,事件节点2,1,node_d05_tier2_shop,白银精选商会,shop_offer,白银精选商会,tier_pT2,pal_072,融焰娘,火,白银,2,1,80,火、召唤、召唤铺场、成长、核心
ysbzs-local-3,5,2,事件节点2,1,node_d05_tier2_shop,白银精选商会,shop_offer,白银精选商会,tier_pT2,pal_096,熔岩兽,火,白银,6,3,80,火、坦克、重甲抗压、防御、前排、阻挡
ysbzs-local-3,5,2,事件节点2,2,node_d05_reward_tier2,白银精选奖励,reward_pet,白银精选奖励,reward_pT2,pal_068,噬魂兽,土,白银,,2,45,土、坦克、抗压承伤、防御、前排、阻挡
ysbzs-local-3,5,2,事件节点2,2,node_d05_reward_tier2,白银精选奖励,reward_pet,白银精选奖励,reward_pT2,pal_069,碎岩龟,土,白银,,2,45,土、坦克、抗压承伤、防御、前排、阻挡
ysbzs-local-3,5,2,事件节点2,3,node_d05_water_shop,水系治疗商人,shop_offer,水系治疗商人,elem_水,pal_102,白绒雪怪,水,白银,2,1,70,水、坦克、抗压承伤、防御、前排、阻挡
ysbzs-local-3,5,2,事件节点2,3,node_d05_water_shop,水系治疗商人,shop_offer,水系治疗商人,elem_水,pal_074,霜歌龙,水,白银,4,2,70,水、控制、水系牵制、牵制、范围、机动
ysbzs-local-3,5,2,事件节点2,3,node_d05_water_shop,水系治疗商人,shop_offer,水系治疗商人,elem_水,pal_088,冰棘兽,水,白银,4,2,70,水、坦克、抗压承伤、防御、前排、阻挡
ysbzs-local-3,5,2,事件节点2,3,node_d05_water_shop,水系治疗商人,shop_offer,水系治疗商人,elem_水,pal_057,吹雪狐,水,白银,2,1,70,水、控制、水系牵制、牵制、范围、机动
ysbzs-local-3,5,2,事件节点2,3,node_d05_water_shop,水系治疗商人,shop_offer,水系治疗商人,elem_水,pal_097,寒霜兽,水,白银,6,3,70,水、坦克、重甲抗压、防御、前排、阻挡
ysbzs-local-3,5,2,事件节点2,3,node_d05_water_shop,水系治疗商人,shop_offer,水系治疗商人,elem_水,pal_053,毛掸儿,水,白银,2,1,70,水、控制、水系牵制、牵制、范围、机动
ysbzs-local-3,5,4,事件节点3,1,node_d05_heal_shop,治疗补强商人,shop_offer,治疗补强商人,role_治疗,pal_011,企丸王,水,青铜,4,2,90,水、治疗、水系牵制、后排、增益
ysbzs-local-3,5,4,事件节点3,1,node_d05_heal_shop,治疗补强商人,shop_offer,治疗补强商人,role_治疗,pal_078,暗巫猫,土,白银,2,1,65,土、治疗、土系抗压、后排、增益
ysbzs-local-3,5,4,事件节点3,1,node_d05_heal_shop,治疗补强商人,shop_offer,治疗补强商人,role_治疗,pal_043,趴趴鲶,土,白银,2,1,65,土、治疗、土系抗压、后排、增益
ysbzs-local-3,5,4,事件节点3,1,node_d05_heal_shop,治疗补强商人,shop_offer,治疗补强商人,role_治疗,pal_051,女皇蜂,风,白银,2,1,65,风、治疗、远点压制、后排、增益
ysbzs-local-3,5,4,事件节点3,1,node_d05_heal_shop,治疗补强商人,shop_offer,治疗补强商人,role_治疗,pal_016,壶小象,水,青铜,6,3,90,水、治疗、水系控场、后排、增益
ysbzs-local-3,5,4,事件节点3,1,node_d05_heal_shop,治疗补强商人,shop_offer,治疗补强商人,role_治疗,pal_094,海誓龙,水,白银,4,2,65,水、治疗、水系牵制、后排、增益
ysbzs-local-3,5,4,事件节点3,2,node_d05_water_shop,水系治疗商人,shop_offer,水系治疗商人,elem_水,pal_006,冲浪鸭,水,青铜,4,2,100,水、毒伤牵制、后排、增益
ysbzs-local-3,5,4,事件节点3,2,node_d05_water_shop,水系治疗商人,shop_offer,水系治疗商人,elem_水,pal_085,水灵儿,水,白银,2,1,70,水、治疗、水系牵制、后排、增益
ysbzs-local-3,5,4,事件节点3,2,node_d05_water_shop,水系治疗商人,shop_offer,水系治疗商人,elem_水,pal_059,严冬鹿,水,白银,2,1,70,水、控制、水系牵制、牵制、范围、机动
ysbzs-local-3,5,4,事件节点3,2,node_d05_water_shop,水系治疗商人,shop_offer,水系治疗商人,elem_水,pal_011,企丸王,水,青铜,4,2,100,水、治疗、水系牵制、后排、增益
ysbzs-local-3,5,4,事件节点3,2,node_d05_water_shop,水系治疗商人,shop_offer,水系治疗商人,elem_水,pal_010,企丸丸,水,青铜,4,2,100,水、治疗、水系牵制、后排、增益
ysbzs-local-3,5,4,事件节点3,2,node_d05_water_shop,水系治疗商人,shop_offer,水系治疗商人,elem_水,pal_006,冲浪鸭,水,青铜,4,2,100,水、毒伤牵制、后排、增益
ysbzs-local-3,5,4,事件节点3,3,node_d05_tier2_shop,白银精选商会,shop_offer,白银精选商会,tier_pT2,pal_089,狱焰王,火,白银,6,3,80,火、输出、重甲抗压、爆发、前排
ysbzs-local-3,5,4,事件节点3,3,node_d05_tier2_shop,白银精选商会,shop_offer,白银精选商会,tier_pT2,pal_100,森猛犸,风,白银,6,3,80,风、坦克、重甲抗压、防御、前排、阻挡
ysbzs-local-3,5,4,事件节点3,3,node_d05_tier2_shop,白银精选商会,shop_offer,白银精选商会,tier_pT2,pal_074,霜歌龙,水,白银,4,2,80,水、控制、水系牵制、牵制、范围、机动
ysbzs-local-3,5,4,事件节点3,3,node_d05_tier2_shop,白银精选商会,shop_offer,白银精选商会,tier_pT2,pal_092,派克龙,风,白银,4,2,80,风、控制、风系牵制、牵制、范围、机动
ysbzs-local-3,5,5,事件节点4,1,node_d05_reward_tier2,白银精选奖励,reward_pet,白银精选奖励,reward_pT2,pal_066,滑水蛇,水,白银,,1,45,水、治疗、水系牵制、后排、增益
ysbzs-local-3,5,5,事件节点4,1,node_d05_reward_tier2,白银精选奖励,reward_pet,白银精选奖励,reward_pT2,pal_061,苍焰狼,火,白银,,2,45,火、输出、成长输出、爆发、前排
ysbzs-local-3,5,5,事件节点4,2,node_d05_tier2_shop,白银精选商会,shop_offer,白银精选商会,tier_pT2,pal_100,森猛犸,风,白银,6,3,80,风、坦克、重甲抗压、防御、前排、阻挡
ysbzs-local-3,5,5,事件节点4,2,node_d05_tier2_shop,白银精选商会,shop_offer,白银精选商会,tier_pT2,pal_043,趴趴鲶,土,白银,2,1,80,土、治疗、土系抗压、后排、增益
ysbzs-local-3,5,5,事件节点4,2,node_d05_tier2_shop,白银精选商会,shop_offer,白银精选商会,tier_pT2,pal_075,浪刃武士,火,白银,2,1,80,火、输出、火系压制、爆发、前排
ysbzs-local-3,5,5,事件节点4,2,node_d05_tier2_shop,白银精选商会,shop_offer,白银精选商会,tier_pT2,pal_042,炽焰牛,火,白银,2,1,80,火、输出、火系压制、爆发、前排
ysbzs-local-3,5,5,事件节点4,2,node_d05_tier2_shop,白银精选商会,shop_offer,白银精选商会,tier_pT2,pal_060,霹雳犬,风,白银,2,1,80,风、控制、风系牵制、牵制、范围、机动
ysbzs-local-3,5,5,事件节点4,2,node_d05_tier2_shop,白银精选商会,shop_offer,白银精选商会,tier_pT2,pal_103,绿苔绒怪,风,白银,2,1,80,风、坦克、抗压承伤、防御、前排、阻挡
ysbzs-local-3,5,5,事件节点4,2,node_d05_tier2_shop,白银精选商会,shop_offer,白银精选商会,tier_pT2,pal_057,吹雪狐,水,白银,2,1,80,水、控制、水系牵制、牵制、范围、机动
ysbzs-local-3,5,5,事件节点4,2,node_d05_tier2_shop,白银精选商会,shop_offer,白银精选商会,tier_pT2,pal_105,云海鹿,风,白银,2,1,80,风、机动、机动压制、灵活、泛用
ysbzs-local-3,5,5,事件节点4,3,node_d05_water_shop,水系治疗商人,shop_offer,水系治疗商人,elem_水,pal_059,严冬鹿,水,白银,2,1,70,水、控制、水系牵制、牵制、范围、机动
ysbzs-local-3,5,5,事件节点4,3,node_d05_water_shop,水系治疗商人,shop_offer,水系治疗商人,elem_水,pal_010,企丸丸,水,青铜,4,2,100,水、治疗、水系牵制、后排、增益
ysbzs-local-3,5,5,事件节点4,3,node_d05_water_shop,水系治疗商人,shop_offer,水系治疗商人,elem_水,pal_125,唤冬兽,水,黄金,4,2,32,水、控制、水系牵制、牵制、范围、机动
ysbzs-local-3,5,5,事件节点4,3,node_d05_water_shop,水系治疗商人,shop_offer,水系治疗商人,elem_水,pal_059,严冬鹿,水,白银,2,1,70,水、控制、水系牵制、牵制、范围、机动
ysbzs-local-3,5,5,事件节点4,3,node_d05_water_shop,水系治疗商人,shop_offer,水系治疗商人,elem_水,pal_074,霜歌龙,水,白银,4,2,70,水、控制、水系牵制、牵制、范围、机动
ysbzs-local-3,5,5,事件节点4,3,node_d05_water_shop,水系治疗商人,shop_offer,水系治疗商人,elem_水,pal_031,鲨小子,水,青铜,4,2,100,水、治疗、抗压承伤、后排、增益
ysbzs-local-3,6,1,事件节点1,1,node_d06_fire_shop,火系爆发商人,shop_offer,火系爆发商人,elem_火,pal_114,腾炎龙,火,黄金,6,3,32,火、输出、火系重压、爆发、前排
ysbzs-local-3,6,1,事件节点1,1,node_d06_fire_shop,火系爆发商人,shop_offer,火系爆发商人,elem_火,pal_073,烽歌龙,火,白银,4,2,70,火、机动、火系压制、灵活、泛用
ysbzs-local-3,6,1,事件节点1,1,node_d06_fire_shop,火系爆发商人,shop_offer,火系爆发商人,elem_火,pal_073,烽歌龙,火,白银,4,2,70,火、机动、火系压制、灵活、泛用
ysbzs-local-3,6,1,事件节点1,1,node_d06_fire_shop,火系爆发商人,shop_offer,火系爆发商人,elem_火,pal_089,狱焰王,火,白银,6,3,70,火、输出、重甲抗压、爆发、前排
ysbzs-local-3,6,1,事件节点1,2,node_d06_output_shop,输出补强商人,shop_offer,输出补强商人,role_输出,pal_108,焰煌,火,白银,6,3,65,火、输出、火系重压、爆发、前排
ysbzs-local-3,6,1,事件节点1,2,node_d06_output_shop,输出补强商人,shop_offer,输出补强商人,role_输出,pal_086,火灵儿,火,白银,2,1,65,火、输出、火系压制、爆发、前排
ysbzs-local-3,6,1,事件节点1,2,node_d06_output_shop,输出补强商人,shop_offer,输出补强商人,role_输出,pal_112,阿努比斯,土,黄金,2,1,30,土、输出、土系抗压、爆发、前排
ysbzs-local-3,6,1,事件节点1,2,node_d06_output_shop,输出补强商人,shop_offer,输出补强商人,role_输出,pal_075,浪刃武士,火,白银,2,1,65,火、输出、火系压制、爆发、前排
ysbzs-local-3,6,1,事件节点1,2,node_d06_output_shop,输出补强商人,shop_offer,输出补强商人,role_输出,pal_058,火麒麟,火,白银,2,1,65,火、输出、火系压制、爆发、前排
ysbzs-local-3,6,1,事件节点1,2,node_d06_output_shop,输出补强商人,shop_offer,输出补强商人,role_输出,pal_061,苍焰狼,火,白银,4,2,65,火、输出、成长输出、爆发、前排
ysbzs-local-3,6,1,事件节点1,2,node_d06_output_shop,输出补强商人,shop_offer,输出补强商人,role_输出,pal_112,阿努比斯,土,黄金,2,1,30,土、输出、土系抗压、爆发、前排
ysbzs-local-3,6,1,事件节点1,3,node_d06_reward_tier3,黄金奖励,reward_pet,黄金奖励,reward_pT3,pal_122,异构格里芬,土,黄金,,1,28,土、机动、土系抗压、灵活、泛用
ysbzs-local-3,6,1,事件节点1,3,node_d06_reward_tier3,黄金奖励,reward_pet,黄金奖励,reward_pT3,pal_114,腾炎龙,火,黄金,,3,28,火、输出、火系重压、爆发、前排
ysbzs-local-3,6,2,事件节点2,1,node_d06_reward_tier3,黄金奖励,reward_pet,黄金奖励,reward_pT3,pal_123,圣光骑士,风,黄金,,3,28,风、坦克、重甲抗压、防御、前排、阻挡
ysbzs-local-3,6,2,事件节点2,1,node_d06_reward_tier3,黄金奖励,reward_pet,黄金奖励,reward_pT3,pal_112,阿努比斯,土,黄金,,1,28,土、输出、土系抗压、爆发、前排
ysbzs-local-3,6,2,事件节点2,2,node_d06_fire_shop,火系爆发商人,shop_offer,火系爆发商人,elem_火,pal_009,燎火鹿,火,青铜,4,2,100,火、输出、火系压制、爆发、前排
ysbzs-local-3,6,2,事件节点2,2,node_d06_fire_shop,火系爆发商人,shop_offer,火系爆发商人,elem_火,pal_108,焰煌,火,白银,6,3,70,火、输出、火系重压、爆发、前排
ysbzs-local-3,6,2,事件节点2,2,node_d06_fire_shop,火系爆发商人,shop_offer,火系爆发商人,elem_火,pal_073,烽歌龙,火,白银,4,2,70,火、机动、火系压制、灵活、泛用
ysbzs-local-3,6,2,事件节点2,2,node_d06_fire_shop,火系爆发商人,shop_offer,火系爆发商人,elem_火,pal_115,朱雀,火,黄金,2,1,32,火、机动、火系压制、灵活、泛用
ysbzs-local-3,6,2,事件节点2,2,node_d06_fire_shop,火系爆发商人,shop_offer,火系爆发商人,elem_火,pal_075,浪刃武士,火,白银,2,1,70,火、输出、火系压制、爆发、前排
ysbzs-local-3,6,2,事件节点2,2,node_d06_fire_shop,火系爆发商人,shop_offer,火系爆发商人,elem_火,pal_086,火灵儿,火,白银,2,1,70,火、输出、火系压制、爆发、前排
ysbzs-local-3,6,2,事件节点2,3,node_d06_output_shop,输出补强商人,shop_offer,输出补强商人,role_输出,pal_090,狱阎王,火,白银,6,3,65,火、输出、召唤铺场、爆发、前排
ysbzs-local-3,6,2,事件节点2,3,node_d06_output_shop,输出补强商人,shop_offer,输出补强商人,role_输出,pal_009,燎火鹿,火,青铜,4,2,90,火、输出、火系压制、爆发、前排
ysbzs-local-3,6,2,事件节点2,3,node_d06_output_shop,输出补强商人,shop_offer,输出补强商人,role_输出,pal_112,阿努比斯,土,黄金,2,1,30,土、输出、土系抗压、爆发、前排
ysbzs-local-3,6,2,事件节点2,3,node_d06_output_shop,输出补强商人,shop_offer,输出补强商人,role_输出,pal_058,火麒麟,火,白银,2,1,65,火、输出、火系压制、爆发、前排
ysbzs-local-3,6,2,事件节点2,3,node_d06_output_shop,输出补强商人,shop_offer,输出补强商人,role_输出,pal_042,炽焰牛,火,白银,2,1,65,火、输出、火系压制、爆发、前排
ysbzs-local-3,6,2,事件节点2,3,node_d06_output_shop,输出补强商人,shop_offer,输出补强商人,role_输出,pal_058,火麒麟,火,白银,2,1,65,火、输出、火系压制、爆发、前排
ysbzs-local-3,6,2,事件节点2,3,node_d06_output_shop,输出补强商人,shop_offer,输出补强商人,role_输出,pal_058,火麒麟,火,白银,2,1,65,火、输出、火系压制、爆发、前排
ysbzs-local-3,6,4,事件节点3,1,node_d06_reward_tier3,黄金奖励,reward_pet,黄金奖励,reward_pT3,pal_112,阿努比斯,土,黄金,,1,28,土、输出、土系抗压、爆发、前排
ysbzs-local-3,6,4,事件节点3,1,node_d06_reward_tier3,黄金奖励,reward_pet,黄金奖励,reward_pT3,pal_116,清雀,水,黄金,,1,28,水、治疗、水系牵制、后排、增益
ysbzs-local-3,6,4,事件节点3,2,node_d06_output_shop,输出补强商人,shop_offer,输出补强商人,role_输出,pal_079,焰巫狐,火,白银,4,2,65,火、输出、成长输出、爆发、前排
ysbzs-local-3,6,4,事件节点3,2,node_d06_output_shop,输出补强商人,shop_offer,输出补强商人,role_输出,pal_086,火灵儿,火,白银,2,1,65,火、输出、火系压制、爆发、前排
ysbzs-local-3,6,4,事件节点3,2,node_d06_output_shop,输出补强商人,shop_offer,输出补强商人,role_输出,pal_040,炎魔羊,火,白银,4,2,65,火、输出、火系压制、爆发、前排
ysbzs-local-3,6,4,事件节点3,2,node_d06_output_shop,输出补强商人,shop_offer,输出补强商人,role_输出,pal_089,狱焰王,火,白银,6,3,65,火、输出、重甲抗压、爆发、前排
ysbzs-local-3,6,4,事件节点3,2,node_d06_output_shop,输出补强商人,shop_offer,输出补强商人,role_输出,pal_112,阿努比斯,土,黄金,2,1,30,土、输出、土系抗压、爆发、前排
ysbzs-local-3,6,4,事件节点3,2,node_d06_output_shop,输出补强商人,shop_offer,输出补强商人,role_输出,pal_058,火麒麟,火,白银,2,1,65,火、输出、火系压制、爆发、前排
ysbzs-local-3,6,4,事件节点3,3,node_d06_tier3_shop,黄金商会,shop_offer,黄金商会,tier_pT3,pal_117,暴电熊,风,黄金,2,1,45,风、控制、风系牵制、牵制、范围、机动
ysbzs-local-3,6,4,事件节点3,3,node_d06_tier3_shop,黄金商会,shop_offer,黄金商会,tier_pT3,pal_127,空涡龙,风,黄金,4,2,45,风、机动、机动压制、灵活、泛用
ysbzs-local-3,6,4,事件节点3,3,node_d06_tier3_shop,黄金商会,shop_offer,黄金商会,tier_pT3,pal_116,清雀,水,黄金,2,1,45,水、治疗、水系牵制、后排、增益
ysbzs-local-3,6,4,事件节点3,3,node_d06_tier3_shop,黄金商会,shop_offer,黄金商会,tier_pT3,pal_123,圣光骑士,风,黄金,6,3,45,风、坦克、重甲抗压、防御、前排、阻挡
ysbzs-local-3,6,4,事件节点3,3,node_d06_tier3_shop,黄金商会,shop_offer,黄金商会,tier_pT3,pal_118,百合女王,风,黄金,2,1,45,风、治疗、远点压制、后排、增益
ysbzs-local-3,6,4,事件节点3,3,node_d06_tier3_shop,黄金商会,shop_offer,黄金商会,tier_pT3,pal_119,黑月女王,土,黄金,2,1,45,土、治疗、土系抗压、后排、增益
ysbzs-local-3,6,4,事件节点3,3,node_d06_tier3_shop,黄金商会,shop_offer,黄金商会,tier_pT3,pal_112,阿努比斯,土,黄金,2,1,45,土、输出、土系抗压、爆发、前排
ysbzs-local-3,6,5,事件节点4,1,node_d06_reward_tier3,黄金奖励,reward_pet,黄金奖励,reward_pT3,pal_126,唤夜兽,土,黄金,,2,28,土、控制、土系抗压、牵制、范围、机动
ysbzs-local-3,6,5,事件节点4,1,node_d06_reward_tier3,黄金奖励,reward_pet,黄金奖励,reward_pT3,pal_112,阿努比斯,土,黄金,,1,28,土、输出、土系抗压、爆发、前排
ysbzs-local-3,6,5,事件节点4,2,node_d06_tier3_shop,黄金商会,shop_offer,黄金商会,tier_pT3,pal_114,腾炎龙,火,黄金,6,3,45,火、输出、火系重压、爆发、前排
ysbzs-local-3,6,5,事件节点4,2,node_d06_tier3_shop,黄金商会,shop_offer,黄金商会,tier_pT3,pal_115,朱雀,火,黄金,2,1,45,火、机动、火系压制、灵活、泛用
ysbzs-local-3,6,5,事件节点4,2,node_d06_tier3_shop,黄金商会,shop_offer,黄金商会,tier_pT3,pal_121,波鲁杰克斯,风,黄金,4,2,45,风、控制、风系牵制、牵制、范围、机动
ysbzs-local-3,6,5,事件节点4,2,node_d06_tier3_shop,黄金商会,shop_offer,黄金商会,tier_pT3,pal_125,唤冬兽,水,黄金,4,2,45,水、控制、水系牵制、牵制、范围、机动
ysbzs-local-3,6,5,事件节点4,2,node_d06_tier3_shop,黄金商会,shop_offer,黄金商会,tier_pT3,pal_119,黑月女王,土,黄金,2,1,45,土、治疗、土系抗压、后排、增益
ysbzs-local-3,6,5,事件节点4,2,node_d06_tier3_shop,黄金商会,shop_offer,黄金商会,tier_pT3,pal_117,暴电熊,风,黄金,2,1,45,风、控制、风系牵制、牵制、范围、机动
ysbzs-local-3,6,5,事件节点4,3,node_d06_fire_shop,火系爆发商人,shop_offer,火系爆发商人,elem_火,pal_072,融焰娘,火,白银,2,1,70,火、召唤、召唤铺场、成长、核心
ysbzs-local-3,6,5,事件节点4,3,node_d06_fire_shop,火系爆发商人,shop_offer,火系爆发商人,elem_火,pal_120,荷鲁斯,火,黄金,2,1,32,火、机动、火系压制、灵活、泛用
ysbzs-local-3,6,5,事件节点4,3,node_d06_fire_shop,火系爆发商人,shop_offer,火系爆发商人,elem_火,pal_096,熔岩兽,火,白银,6,3,70,火、坦克、重甲抗压、防御、前排、阻挡
ysbzs-local-3,6,5,事件节点4,3,node_d06_fire_shop,火系爆发商人,shop_offer,火系爆发商人,elem_火,pal_077,燧火鸟,火,白银,4,2,70,火、机动、火系压制、灵活、泛用
ysbzs-local-3,6,5,事件节点4,3,node_d06_fire_shop,火系爆发商人,shop_offer,火系爆发商人,elem_火,pal_077,燧火鸟,火,白银,4,2,70,火、机动、火系压制、灵活、泛用
ysbzs-local-3,6,5,事件节点4,3,node_d06_fire_shop,火系爆发商人,shop_offer,火系爆发商人,elem_火,pal_075,浪刃武士,火,白银,2,1,70,火、输出、火系压制、爆发、前排
ysbzs-local-3,7,1,事件节点1,1,node_d07_tank_shop,前排补强商人,shop_offer,前排补强商人,role_坦克,pal_023,勾魂鱿,土,青铜,4,2,90,土、坦克、抗压承伤、防御、前排、阻挡
ysbzs-local-3,7,1,事件节点1,1,node_d07_tank_shop,前排补强商人,shop_offer,前排补强商人,role_坦克,pal_096,熔岩兽,火,白银,6,3,65,火、坦克、重甲抗压、防御、前排、阻挡
ysbzs-local-3,7,1,事件节点1,1,node_d07_tank_shop,前排补强商人,shop_offer,前排补强商人,role_坦克,pal_100,森猛犸,风,白银,6,3,65,风、坦克、重甲抗压、防御、前排、阻挡
ysbzs-local-3,7,1,事件节点1,1,node_d07_tank_shop,前排补强商人,shop_offer,前排补强商人,role_坦克,pal_069,碎岩龟,土,白银,4,2,65,土、坦克、抗压承伤、防御、前排、阻挡
ysbzs-local-3,7,1,事件节点1,2,node_d07_tier3_shop,黄金精选商会,shop_offer,黄金精选商会,tier_pT3,pal_127,空涡龙,风,黄金,4,2,45,风、机动、机动压制、灵活、泛用
ysbzs-local-3,7,1,事件节点1,2,node_d07_tier3_shop,黄金精选商会,shop_offer,黄金精选商会,tier_pT3,pal_111,冥铠蝎,土,黄金,2,1,45,土、坦克、抗压承伤、防御、前排、阻挡
ysbzs-local-3,7,1,事件节点1,2,node_d07_tier3_shop,黄金精选商会,shop_offer,黄金精选商会,tier_pT3,pal_118,百合女王,风,黄金,2,1,45,风、治疗、远点压制、后排、增益
ysbzs-local-3,7,1,事件节点1,2,node_d07_tier3_shop,黄金精选商会,shop_offer,黄金精选商会,tier_pT3,pal_112,阿努比斯,土,黄金,2,1,45,土、输出、土系抗压、爆发、前排
ysbzs-local-3,7,1,事件节点1,2,node_d07_tier3_shop,黄金精选商会,shop_offer,黄金精选商会,tier_pT3,pal_122,异构格里芬,土,黄金,2,1,45,土、机动、土系抗压、灵活、泛用
ysbzs-local-3,7,1,事件节点1,2,node_d07_tier3_shop,黄金精选商会,shop_offer,黄金精选商会,tier_pT3,pal_119,黑月女王,土,黄金,2,1,45,土、治疗、土系抗压、后排、增益
ysbzs-local-3,7,1,事件节点1,2,node_d07_tier3_shop,黄金精选商会,shop_offer,黄金精选商会,tier_pT3,pal_120,荷鲁斯,火,黄金,2,1,45,火、机动、火系压制、灵活、泛用
ysbzs-local-3,7,1,事件节点1,2,node_d07_tier3_shop,黄金精选商会,shop_offer,黄金精选商会,tier_pT3,pal_115,朱雀,火,黄金,2,1,45,火、机动、火系压制、灵活、泛用
ysbzs-local-3,7,1,事件节点1,2,node_d07_tier3_shop,黄金精选商会,shop_offer,黄金精选商会,tier_pT3,pal_111,冥铠蝎,土,黄金,2,1,45,土、坦克、抗压承伤、防御、前排、阻挡
ysbzs-local-3,7,1,事件节点1,3,node_d07_reward_tier3,黄金精选奖励,reward_pet,黄金精选奖励,reward_pT3,pal_121,波鲁杰克斯,风,黄金,,2,28,风、控制、风系牵制、牵制、范围、机动
ysbzs-local-3,7,1,事件节点1,3,node_d07_reward_tier3,黄金精选奖励,reward_pet,黄金精选奖励,reward_pT3,pal_126,唤夜兽,土,黄金,,2,28,土、控制、土系抗压、牵制、范围、机动
ysbzs-local-3,7,2,事件节点2,1,node_d07_earth_shop,土系防线商人,shop_offer,土系防线商人,elem_土,pal_110,魔渊龙,土,白银,6,3,70,土、坦克、诅咒牵制、防御、前排、阻挡
ysbzs-local-3,7,2,事件节点2,1,node_d07_earth_shop,土系防线商人,shop_offer,土系防线商人,elem_土,pal_013,叶泥泥,土,青铜,6,3,100,土、坦克、重甲抗压、防御、前排、阻挡
ysbzs-local-3,7,2,事件节点2,1,node_d07_earth_shop,土系防线商人,shop_offer,土系防线商人,elem_土,pal_068,噬魂兽,土,白银,4,2,70,土、坦克、抗压承伤、防御、前排、阻挡
ysbzs-local-3,7,2,事件节点2,1,node_d07_earth_shop,土系防线商人,shop_offer,土系防线商人,elem_土,pal_067,流沙蛇,土,白银,4,2,70,土、坦克、召唤铺场、防御、前排、阻挡
ysbzs-local-3,7,2,事件节点2,2,node_d07_tier3_shop,黄金精选商会,shop_offer,黄金精选商会,tier_pT3,pal_111,冥铠蝎,土,黄金,2,1,45,土、坦克、抗压承伤、防御、前排、阻挡
ysbzs-local-3,7,2,事件节点2,2,node_d07_tier3_shop,黄金精选商会,shop_offer,黄金精选商会,tier_pT3,pal_118,百合女王,风,黄金,2,1,45,风、治疗、远点压制、后排、增益
ysbzs-local-3,7,2,事件节点2,2,node_d07_tier3_shop,黄金精选商会,shop_offer,黄金精选商会,tier_pT3,pal_127,空涡龙,风,黄金,4,2,45,风、机动、机动压制、灵活、泛用
ysbzs-local-3,7,2,事件节点2,2,node_d07_tier3_shop,黄金精选商会,shop_offer,黄金精选商会,tier_pT3,pal_125,唤冬兽,水,黄金,4,2,45,水、控制、水系牵制、牵制、范围、机动
ysbzs-local-3,7,2,事件节点2,2,node_d07_tier3_shop,黄金精选商会,shop_offer,黄金精选商会,tier_pT3,pal_125,唤冬兽,水,黄金,4,2,45,水、控制、水系牵制、牵制、范围、机动
ysbzs-local-3,7,2,事件节点2,2,node_d07_tier3_shop,黄金精选商会,shop_offer,黄金精选商会,tier_pT3,pal_112,阿努比斯,土,黄金,2,1,45,土、输出、土系抗压、爆发、前排
ysbzs-local-3,7,2,事件节点2,2,node_d07_tier3_shop,黄金精选商会,shop_offer,黄金精选商会,tier_pT3,pal_111,冥铠蝎,土,黄金,2,1,45,土、坦克、抗压承伤、防御、前排、阻挡
ysbzs-local-3,7,2,事件节点2,3,node_d07_tank_shop,前排补强商人,shop_offer,前排补强商人,role_坦克,pal_049,铁拳猿,风,白银,2,1,65,风、坦克、抗压承伤、防御、前排、阻挡
ysbzs-local-3,7,2,事件节点2,3,node_d07_tank_shop,前排补强商人,shop_offer,前排补强商人,role_坦克,pal_091,佩克龙,水,白银,6,3,65,水、坦克、重甲抗压、防御、前排、阻挡
ysbzs-local-3,7,2,事件节点2,3,node_d07_tank_shop,前排补强商人,shop_offer,前排补强商人,role_坦克,pal_013,叶泥泥,土,青铜,6,3,90,土、坦克、重甲抗压、防御、前排、阻挡
ysbzs-local-3,7,2,事件节点2,3,node_d07_tank_shop,前排补强商人,shop_offer,前排补强商人,role_坦克,pal_067,流沙蛇,土,白银,4,2,65,土、坦克、召唤铺场、防御、前排、阻挡
ysbzs-local-3,7,2,事件节点2,3,node_d07_tank_shop,前排补强商人,shop_offer,前排补强商人,role_坦克,pal_102,白绒雪怪,水,白银,2,1,65,水、坦克、抗压承伤、防御、前排、阻挡
ysbzs-local-3,7,4,事件节点3,1,node_d07_tier3_shop,黄金精选商会,shop_offer,黄金精选商会,tier_pT3,pal_115,朱雀,火,黄金,2,1,45,火、机动、火系压制、灵活、泛用
ysbzs-local-3,7,4,事件节点3,1,node_d07_tier3_shop,黄金精选商会,shop_offer,黄金精选商会,tier_pT3,pal_124,混沌骑士,土,黄金,6,3,45,土、坦克、重甲抗压、防御、前排、阻挡
ysbzs-local-3,7,4,事件节点3,1,node_d07_tier3_shop,黄金精选商会,shop_offer,黄金精选商会,tier_pT3,pal_116,清雀,水,黄金,2,1,45,水、治疗、水系牵制、后排、增益
ysbzs-local-3,7,4,事件节点3,1,node_d07_tier3_shop,黄金精选商会,shop_offer,黄金精选商会,tier_pT3,pal_122,异构格里芬,土,黄金,2,1,45,土、机动、土系抗压、灵活、泛用
ysbzs-local-3,7,4,事件节点3,1,node_d07_tier3_shop,黄金精选商会,shop_offer,黄金精选商会,tier_pT3,pal_118,百合女王,风,黄金,2,1,45,风、治疗、远点压制、后排、增益
ysbzs-local-3,7,4,事件节点3,1,node_d07_tier3_shop,黄金精选商会,shop_offer,黄金精选商会,tier_pT3,pal_112,阿努比斯,土,黄金,2,1,45,土、输出、土系抗压、爆发、前排
ysbzs-local-3,7,4,事件节点3,1,node_d07_tier3_shop,黄金精选商会,shop_offer,黄金精选商会,tier_pT3,pal_118,百合女王,风,黄金,2,1,45,风、治疗、远点压制、后排、增益
ysbzs-local-3,7,4,事件节点3,1,node_d07_tier3_shop,黄金精选商会,shop_offer,黄金精选商会,tier_pT3,pal_120,荷鲁斯,火,黄金,2,1,45,火、机动、火系压制、灵活、泛用
ysbzs-local-3,7,4,事件节点3,2,node_d07_reward_tier3,黄金精选奖励,reward_pet,黄金精选奖励,reward_pT3,pal_125,唤冬兽,水,黄金,,2,28,水、控制、水系牵制、牵制、范围、机动
ysbzs-local-3,7,4,事件节点3,2,node_d07_reward_tier3,黄金精选奖励,reward_pet,黄金精选奖励,reward_pT3,pal_123,圣光骑士,风,黄金,,3,28,风、坦克、重甲抗压、防御、前排、阻挡
ysbzs-local-3,7,4,事件节点3,3,node_d07_tank_shop,前排补强商人,shop_offer,前排补强商人,role_坦克,pal_022,遁地鼠,土,青铜,4,2,90,土、坦克、抗压承伤、防御、前排、阻挡
ysbzs-local-3,7,4,事件节点3,3,node_d07_tank_shop,前排补强商人,shop_offer,前排补强商人,role_坦克,pal_103,绿苔绒怪,风,白银,2,1,65,风、坦克、抗压承伤、防御、前排、阻挡
ysbzs-local-3,7,4,事件节点3,3,node_d07_tank_shop,前排补强商人,shop_offer,前排补强商人,role_坦克,pal_008,新叶猿,风,青铜,4,2,90,风、坦克、抗压承伤、防御、前排、阻挡
ysbzs-local-3,7,4,事件节点3,3,node_d07_tank_shop,前排补强商人,shop_offer,前排补强商人,role_坦克,pal_091,佩克龙,水,白银,6,3,65,水、坦克、重甲抗压、防御、前排、阻挡
ysbzs-local-3,7,4,事件节点3,3,node_d07_tank_shop,前排补强商人,shop_offer,前排补强商人,role_坦克,pal_032,吊缚灵,土,青铜,4,2,90,土、坦克、抗压承伤、防御、前排、阻挡
ysbzs-local-3,7,5,事件节点4,1,node_d07_tier3_shop,黄金精选商会,shop_offer,黄金精选商会,tier_pT3,pal_121,波鲁杰克斯,风,黄金,4,2,45,风、控制、风系牵制、牵制、范围、机动
ysbzs-local-3,7,5,事件节点4,1,node_d07_tier3_shop,黄金精选商会,shop_offer,黄金精选商会,tier_pT3,pal_114,腾炎龙,火,黄金,6,3,45,火、输出、火系重压、爆发、前排
ysbzs-local-3,7,5,事件节点4,1,node_d07_tier3_shop,黄金精选商会,shop_offer,黄金精选商会,tier_pT3,pal_121,波鲁杰克斯,风,黄金,4,2,45,风、控制、风系牵制、牵制、范围、机动
ysbzs-local-3,7,5,事件节点4,1,node_d07_tier3_shop,黄金精选商会,shop_offer,黄金精选商会,tier_pT3,pal_117,暴电熊,风,黄金,2,1,45,风、控制、风系牵制、牵制、范围、机动
ysbzs-local-3,7,5,事件节点4,1,node_d07_tier3_shop,黄金精选商会,shop_offer,黄金精选商会,tier_pT3,pal_119,黑月女王,土,黄金,2,1,45,土、治疗、土系抗压、后排、增益
ysbzs-local-3,7,5,事件节点4,1,node_d07_tier3_shop,黄金精选商会,shop_offer,黄金精选商会,tier_pT3,pal_117,暴电熊,风,黄金,2,1,45,风、控制、风系牵制、牵制、范围、机动
ysbzs-local-3,7,5,事件节点4,2,node_d07_reward_tier3,黄金精选奖励,reward_pet,黄金精选奖励,reward_pT3,pal_115,朱雀,火,黄金,,1,28,火、机动、火系压制、灵活、泛用
ysbzs-local-3,7,5,事件节点4,2,node_d07_reward_tier3,黄金精选奖励,reward_pet,黄金精选奖励,reward_pT3,pal_121,波鲁杰克斯,风,黄金,,2,28,风、控制、风系牵制、牵制、范围、机动
ysbzs-local-3,7,5,事件节点4,3,node_d07_tank_shop,前排补强商人,shop_offer,前排补强商人,role_坦克,pal_039,姬小兔,风,白银,2,1,65,风、坦克、抗压承伤、防御、前排、阻挡
ysbzs-local-3,7,5,事件节点4,3,node_d07_tank_shop,前排补强商人,shop_offer,前排补强商人,role_坦克,pal_022,遁地鼠,土,青铜,4,2,90,土、坦克、抗压承伤、防御、前排、阻挡
ysbzs-local-3,7,5,事件节点4,3,node_d07_tank_shop,前排补强商人,shop_offer,前排补强商人,role_坦克,pal_022,遁地鼠,土,青铜,4,2,90,土、坦克、抗压承伤、防御、前排、阻挡
ysbzs-local-3,7,5,事件节点4,3,node_d07_tank_shop,前排补强商人,shop_offer,前排补强商人,role_坦克,pal_022,遁地鼠,土,青铜,4,2,90,土、坦克、抗压承伤、防御、前排、阻挡
ysbzs-local-3,7,5,事件节点4,3,node_d07_tank_shop,前排补强商人,shop_offer,前排补强商人,role_坦克,pal_110,魔渊龙,土,白银,6,3,65,土、坦克、诅咒牵制、防御、前排、阻挡
ysbzs-local-3,8,1,事件节点1,1,node_d08_wind_shop,风系连锁商人,shop_offer,风系连锁商人,elem_风,pal_050,骑士蜂,风,白银,4,2,70,风、召唤、召唤铺场、成长、核心
ysbzs-local-3,8,1,事件节点1,1,node_d08_wind_shop,风系连锁商人,shop_offer,风系连锁商人,elem_风,pal_092,派克龙,风,白银,4,2,70,风、控制、风系牵制、牵制、范围、机动
ysbzs-local-3,8,1,事件节点1,1,node_d08_wind_shop,风系连锁商人,shop_offer,风系连锁商人,elem_风,pal_049,铁拳猿,风,白银,2,1,70,风、坦克、抗压承伤、防御、前排、阻挡
ysbzs-local-3,8,1,事件节点1,1,node_d08_wind_shop,风系连锁商人,shop_offer,风系连锁商人,elem_风,pal_030,荆棘魔仙,风,青铜,6,3,100,风、治疗、风系铺场、后排、增益
ysbzs-local-3,8,1,事件节点1,1,node_d08_wind_shop,风系连锁商人,shop_offer,风系连锁商人,elem_风,pal_039,姬小兔,风,白银,2,1,70,风、坦克、抗压承伤、防御、前排、阻挡
ysbzs-local-3,8,1,事件节点1,1,node_d08_wind_shop,风系连锁商人,shop_offer,风系连锁商人,elem_风,pal_039,姬小兔,风,白银,2,1,70,风、坦克、抗压承伤、防御、前排、阻挡
ysbzs-local-3,8,1,事件节点1,2,node_d08_reward_tier3,黄金连锁奖励,reward_pet,黄金连锁奖励,reward_pT3,pal_113,覆海龙,水,黄金,,2,28,水、治疗、水系牵制、后排、增益
ysbzs-local-3,8,1,事件节点1,2,node_d08_reward_tier3,黄金连锁奖励,reward_pet,黄金连锁奖励,reward_pT3,pal_127,空涡龙,风,黄金,,2,28,风、机动、机动压制、灵活、泛用
ysbzs-local-3,8,1,事件节点1,3,node_d08_economy_shop,经济补强商人,shop_offer,经济补强商人,role_经济,pal_024,喵丝特,土,青铜,4,2,90,土、经济、土系抗压、召唤、发育
ysbzs-local-3,8,1,事件节点1,3,node_d08_economy_shop,经济补强商人,shop_offer,经济补强商人,role_经济,pal_014,玉藻狐,风,青铜,6,3,90,风、经济、风系铺场、召唤、发育
ysbzs-local-3,8,1,事件节点1,3,node_d08_economy_shop,经济补强商人,shop_offer,经济补强商人,role_经济,pal_018,米露菲,风,青铜,6,3,90,风、经济、风系铺场、召唤、发育
ysbzs-local-3,8,1,事件节点1,3,node_d08_economy_shop,经济补强商人,shop_offer,经济补强商人,role_经济,pal_098,君王美露帕,风,白银,4,2,65,风、经济、夹击牵制、召唤、发育
ysbzs-local-3,8,2,事件节点2,1,node_d08_tier3_shop,黄金连锁商会,shop_offer,黄金连锁商会,tier_pT3,pal_118,百合女王,风,黄金,2,1,45,风、治疗、远点压制、后排、增益
ysbzs-local-3,8,2,事件节点2,1,node_d08_tier3_shop,黄金连锁商会,shop_offer,黄金连锁商会,tier_pT3,pal_112,阿努比斯,土,黄金,2,1,45,土、输出、土系抗压、爆发、前排
ysbzs-local-3,8,2,事件节点2,1,node_d08_tier3_shop,黄金连锁商会,shop_offer,黄金连锁商会,tier_pT3,pal_125,唤冬兽,水,黄金,4,2,45,水、控制、水系牵制、牵制、范围、机动
ysbzs-local-3,8,2,事件节点2,1,node_d08_tier3_shop,黄金连锁商会,shop_offer,黄金连锁商会,tier_pT3,pal_119,黑月女王,土,黄金,2,1,45,土、治疗、土系抗压、后排、增益
ysbzs-local-3,8,2,事件节点2,1,node_d08_tier3_shop,黄金连锁商会,shop_offer,黄金连锁商会,tier_pT3,pal_121,波鲁杰克斯,风,黄金,4,2,45,风、控制、风系牵制、牵制、范围、机动
ysbzs-local-3,8,2,事件节点2,1,node_d08_tier3_shop,黄金连锁商会,shop_offer,黄金连锁商会,tier_pT3,pal_126,唤夜兽,土,黄金,4,2,45,土、控制、土系抗压、牵制、范围、机动
ysbzs-local-3,8,2,事件节点2,1,node_d08_tier3_shop,黄金连锁商会,shop_offer,黄金连锁商会,tier_pT3,pal_116,清雀,水,黄金,2,1,45,水、治疗、水系牵制、后排、增益
ysbzs-local-3,8,2,事件节点2,2,node_d08_reward_tier3,黄金连锁奖励,reward_pet,黄金连锁奖励,reward_pT3,pal_115,朱雀,火,黄金,,1,28,火、机动、火系压制、灵活、泛用
ysbzs-local-3,8,2,事件节点2,2,node_d08_reward_tier3,黄金连锁奖励,reward_pet,黄金连锁奖励,reward_pT3,pal_127,空涡龙,风,黄金,,2,28,风、机动、机动压制、灵活、泛用
ysbzs-local-3,8,2,事件节点2,3,node_d08_economy_shop,经济补强商人,shop_offer,经济补强商人,role_经济,pal_024,喵丝特,土,青铜,4,2,90,土、经济、土系抗压、召唤、发育
ysbzs-local-3,8,2,事件节点2,3,node_d08_economy_shop,经济补强商人,shop_offer,经济补强商人,role_经济,pal_014,玉藻狐,风,青铜,6,3,90,风、经济、风系铺场、召唤、发育
ysbzs-local-3,8,2,事件节点2,3,node_d08_economy_shop,经济补强商人,shop_offer,经济补强商人,role_经济,pal_014,玉藻狐,风,青铜,6,3,90,风、经济、风系铺场、召唤、发育
ysbzs-local-3,8,2,事件节点2,3,node_d08_economy_shop,经济补强商人,shop_offer,经济补强商人,role_经济,pal_034,棉花糖,风,青铜,2,1,90,风、经济、远点压制、召唤、发育
ysbzs-local-3,8,2,事件节点2,3,node_d08_economy_shop,经济补强商人,shop_offer,经济补强商人,role_经济,pal_036,美露帕,风,白银,2,1,65,风、经济、远点压制、召唤、发育
ysbzs-local-3,8,4,事件节点3,1,node_d08_reward_tier3,黄金连锁奖励,reward_pet,黄金连锁奖励,reward_pT3,pal_127,空涡龙,风,黄金,,2,28,风、机动、机动压制、灵活、泛用
ysbzs-local-3,8,4,事件节点3,1,node_d08_reward_tier3,黄金连锁奖励,reward_pet,黄金连锁奖励,reward_pT3,pal_112,阿努比斯,土,黄金,,1,28,土、输出、土系抗压、爆发、前排
ysbzs-local-3,8,4,事件节点3,2,node_d08_tier3_shop,黄金连锁商会,shop_offer,黄金连锁商会,tier_pT3,pal_126,唤夜兽,土,黄金,4,2,45,土、控制、土系抗压、牵制、范围、机动
ysbzs-local-3,8,4,事件节点3,2,node_d08_tier3_shop,黄金连锁商会,shop_offer,黄金连锁商会,tier_pT3,pal_127,空涡龙,风,黄金,4,2,45,风、机动、机动压制、灵活、泛用
ysbzs-local-3,8,4,事件节点3,2,node_d08_tier3_shop,黄金连锁商会,shop_offer,黄金连锁商会,tier_pT3,pal_123,圣光骑士,风,黄金,6,3,45,风、坦克、重甲抗压、防御、前排、阻挡
ysbzs-local-3,8,4,事件节点3,2,node_d08_tier3_shop,黄金连锁商会,shop_offer,黄金连锁商会,tier_pT3,pal_122,异构格里芬,土,黄金,2,1,45,土、机动、土系抗压、灵活、泛用
ysbzs-local-3,8,4,事件节点3,2,node_d08_tier3_shop,黄金连锁商会,shop_offer,黄金连锁商会,tier_pT3,pal_127,空涡龙,风,黄金,4,2,45,风、机动、机动压制、灵活、泛用
ysbzs-local-3,8,4,事件节点3,3,node_d08_wind_shop,风系连锁商人,shop_offer,风系连锁商人,elem_风,pal_037,紫霞鹿,风,白银,2,1,70,风、机动、机动压制、灵活、泛用
ysbzs-local-3,8,4,事件节点3,3,node_d08_wind_shop,风系连锁商人,shop_offer,风系连锁商人,elem_风,pal_034,棉花糖,风,青铜,2,1,100,风、经济、远点压制、召唤、发育
ysbzs-local-3,8,4,事件节点3,3,node_d08_wind_shop,风系连锁商人,shop_offer,风系连锁商人,elem_风,pal_035,灌木羊,风,青铜,2,1,100,风、召唤、召唤铺场、成长、核心
ysbzs-local-3,8,4,事件节点3,3,node_d08_wind_shop,风系连锁商人,shop_offer,风系连锁商人,elem_风,pal_036,美露帕,风,白银,2,1,70,风、经济、远点压制、召唤、发育
ysbzs-local-3,8,4,事件节点3,3,node_d08_wind_shop,风系连锁商人,shop_offer,风系连锁商人,elem_风,pal_047,天擒鸟,风,白银,2,1,70,风、机动、机动压制、灵活、泛用
ysbzs-local-3,8,4,事件节点3,3,node_d08_wind_shop,风系连锁商人,shop_offer,风系连锁商人,elem_风,pal_028,波娜兔,风,青铜,6,3,100,风、治疗、风系铺场、后排、增益
ysbzs-local-3,8,4,事件节点3,3,node_d08_wind_shop,风系连锁商人,shop_offer,风系连锁商人,elem_风,pal_039,姬小兔,风,白银,2,1,70,风、坦克、抗压承伤、防御、前排、阻挡
ysbzs-local-3,8,4,事件节点3,3,node_d08_wind_shop,风系连锁商人,shop_offer,风系连锁商人,elem_风,pal_051,女皇蜂,风,白银,2,1,70,风、治疗、远点压制、后排、增益
ysbzs-local-3,8,5,事件节点4,1,node_d08_wind_shop,风系连锁商人,shop_offer,风系连锁商人,elem_风,pal_100,森猛犸,风,白银,6,3,70,风、坦克、重甲抗压、防御、前排、阻挡
ysbzs-local-3,8,5,事件节点4,1,node_d08_wind_shop,风系连锁商人,shop_offer,风系连锁商人,elem_风,pal_105,云海鹿,风,白银,2,1,70,风、机动、机动压制、灵活、泛用
ysbzs-local-3,8,5,事件节点4,1,node_d08_wind_shop,风系连锁商人,shop_offer,风系连锁商人,elem_风,pal_051,女皇蜂,风,白银,2,1,70,风、治疗、远点压制、后排、增益
ysbzs-local-3,8,5,事件节点4,1,node_d08_wind_shop,风系连锁商人,shop_offer,风系连锁商人,elem_风,pal_012,电棘鼠,风,青铜,4,2,100,风、控制、风系牵制、牵制、范围、机动
ysbzs-local-3,8,5,事件节点4,1,node_d08_wind_shop,风系连锁商人,shop_offer,风系连锁商人,elem_风,pal_014,玉藻狐,风,青铜,6,3,100,风、经济、风系铺场、召唤、发育
ysbzs-local-3,8,5,事件节点4,2,node_d08_tier3_shop,黄金连锁商会,shop_offer,黄金连锁商会,tier_pT3,pal_124,混沌骑士,土,黄金,6,3,45,土、坦克、重甲抗压、防御、前排、阻挡
ysbzs-local-3,8,5,事件节点4,2,node_d08_tier3_shop,黄金连锁商会,shop_offer,黄金连锁商会,tier_pT3,pal_116,清雀,水,黄金,2,1,45,水、治疗、水系牵制、后排、增益
ysbzs-local-3,8,5,事件节点4,2,node_d08_tier3_shop,黄金连锁商会,shop_offer,黄金连锁商会,tier_pT3,pal_127,空涡龙,风,黄金,4,2,45,风、机动、机动压制、灵活、泛用
ysbzs-local-3,8,5,事件节点4,2,node_d08_tier3_shop,黄金连锁商会,shop_offer,黄金连锁商会,tier_pT3,pal_113,覆海龙,水,黄金,4,2,45,水、治疗、水系牵制、后排、增益
ysbzs-local-3,8,5,事件节点4,2,node_d08_tier3_shop,黄金连锁商会,shop_offer,黄金连锁商会,tier_pT3,pal_120,荷鲁斯,火,黄金,2,1,45,火、机动、火系压制、灵活、泛用
ysbzs-local-3,8,5,事件节点4,2,node_d08_tier3_shop,黄金连锁商会,shop_offer,黄金连锁商会,tier_pT3,pal_120,荷鲁斯,火,黄金,2,1,45,火、机动、火系压制、灵活、泛用
ysbzs-local-3,8,5,事件节点4,3,node_d08_economy_shop,经济补强商人,shop_offer,经济补强商人,role_经济,pal_014,玉藻狐,风,青铜,6,3,90,风、经济、风系铺场、召唤、发育
ysbzs-local-3,8,5,事件节点4,3,node_d08_economy_shop,经济补强商人,shop_offer,经济补强商人,role_经济,pal_029,波霸牛,风,青铜,6,3,90,风、经济、诅咒牵制、召唤、发育
ysbzs-local-3,8,5,事件节点4,3,node_d08_economy_shop,经济补强商人,shop_offer,经济补强商人,role_经济,pal_014,玉藻狐,风,青铜,6,3,90,风、经济、风系铺场、召唤、发育
ysbzs-local-3,8,5,事件节点4,3,node_d08_economy_shop,经济补强商人,shop_offer,经济补强商人,role_经济,pal_034,棉花糖,风,青铜,2,1,90,风、经济、远点压制、召唤、发育
ysbzs-local-3,9,1,事件节点1,1,node_d09_summon_shop,召唤终局商人,shop_offer,召唤终局商人,role_召唤,pal_035,灌木羊,风,青铜,2,1,90,风、召唤、召唤铺场、成长、核心
ysbzs-local-3,9,1,事件节点1,1,node_d09_summon_shop,召唤终局商人,shop_offer,召唤终局商人,role_召唤,pal_072,融焰娘,火,白银,2,1,65,火、召唤、召唤铺场、成长、核心
ysbzs-local-3,9,1,事件节点1,1,node_d09_summon_shop,召唤终局商人,shop_offer,召唤终局商人,role_召唤,pal_063,秘斯媞雅,风,白银,2,1,65,风、召唤、召唤铺场、成长、核心
ysbzs-local-3,9,1,事件节点1,1,node_d09_summon_shop,召唤终局商人,shop_offer,召唤终局商人,role_召唤,pal_083,精灵龙,风,白银,4,2,65,风、召唤、召唤铺场、成长、核心
ysbzs-local-3,9,1,事件节点1,1,node_d09_summon_shop,召唤终局商人,shop_offer,召唤终局商人,role_召唤,pal_035,灌木羊,风,青铜,2,1,90,风、召唤、召唤铺场、成长、核心
ysbzs-local-3,9,1,事件节点1,1,node_d09_summon_shop,召唤终局商人,shop_offer,召唤终局商人,role_召唤,pal_035,灌木羊,风,青铜,2,1,90,风、召唤、召唤铺场、成长、核心
ysbzs-local-3,9,1,事件节点1,1,node_d09_summon_shop,召唤终局商人,shop_offer,召唤终局商人,role_召唤,pal_063,秘斯媞雅,风,白银,2,1,65,风、召唤、召唤铺场、成长、核心
ysbzs-local-3,9,1,事件节点1,1,node_d09_summon_shop,召唤终局商人,shop_offer,召唤终局商人,role_召唤,pal_035,灌木羊,风,青铜,2,1,90,风、召唤、召唤铺场、成长、核心
ysbzs-local-3,9,1,事件节点1,1,node_d09_summon_shop,召唤终局商人,shop_offer,召唤终局商人,role_召唤,pal_035,灌木羊,风,青铜,2,1,90,风、召唤、召唤铺场、成长、核心
ysbzs-local-3,9,1,事件节点1,2,node_d09_tier3_shop,终局前黄金商会,shop_offer,终局前黄金商会,tier_pT3,pal_117,暴电熊,风,黄金,2,1,45,风、控制、风系牵制、牵制、范围、机动
ysbzs-local-3,9,1,事件节点1,2,node_d09_tier3_shop,终局前黄金商会,shop_offer,终局前黄金商会,tier_pT3,pal_117,暴电熊,风,黄金,2,1,45,风、控制、风系牵制、牵制、范围、机动
ysbzs-local-3,9,1,事件节点1,2,node_d09_tier3_shop,终局前黄金商会,shop_offer,终局前黄金商会,tier_pT3,pal_118,百合女王,风,黄金,2,1,45,风、治疗、远点压制、后排、增益
ysbzs-local-3,9,1,事件节点1,2,node_d09_tier3_shop,终局前黄金商会,shop_offer,终局前黄金商会,tier_pT3,pal_127,空涡龙,风,黄金,4,2,45,风、机动、机动压制、灵活、泛用
ysbzs-local-3,9,1,事件节点1,2,node_d09_tier3_shop,终局前黄金商会,shop_offer,终局前黄金商会,tier_pT3,pal_118,百合女王,风,黄金,2,1,45,风、治疗、远点压制、后排、增益
ysbzs-local-3,9,1,事件节点1,2,node_d09_tier3_shop,终局前黄金商会,shop_offer,终局前黄金商会,tier_pT3,pal_124,混沌骑士,土,黄金,6,3,45,土、坦克、重甲抗压、防御、前排、阻挡
ysbzs-local-3,9,1,事件节点1,2,node_d09_tier3_shop,终局前黄金商会,shop_offer,终局前黄金商会,tier_pT3,pal_120,荷鲁斯,火,黄金,2,1,45,火、机动、火系压制、灵活、泛用
ysbzs-local-3,9,1,事件节点1,3,node_d09_reward_tier3,终局前黄金奖励,reward_pet,终局前黄金奖励,reward_pT3,pal_125,唤冬兽,水,黄金,,2,28,水、控制、水系牵制、牵制、范围、机动
ysbzs-local-3,9,1,事件节点1,3,node_d09_reward_tier3,终局前黄金奖励,reward_pet,终局前黄金奖励,reward_pT3,pal_123,圣光骑士,风,黄金,,3,28,风、坦克、重甲抗压、防御、前排、阻挡
ysbzs-local-3,9,2,事件节点2,1,node_d09_reward_tier3,终局前黄金奖励,reward_pet,终局前黄金奖励,reward_pT3,pal_126,唤夜兽,土,黄金,,2,28,土、控制、土系抗压、牵制、范围、机动
ysbzs-local-3,9,2,事件节点2,1,node_d09_reward_tier3,终局前黄金奖励,reward_pet,终局前黄金奖励,reward_pT3,pal_118,百合女王,风,黄金,,1,28,风、治疗、远点压制、后排、增益
ysbzs-local-3,9,2,事件节点2,2,node_d09_tier3_shop,终局前黄金商会,shop_offer,终局前黄金商会,tier_pT3,pal_112,阿努比斯,土,黄金,2,1,45,土、输出、土系抗压、爆发、前排
ysbzs-local-3,9,2,事件节点2,2,node_d09_tier3_shop,终局前黄金商会,shop_offer,终局前黄金商会,tier_pT3,pal_127,空涡龙,风,黄金,4,2,45,风、机动、机动压制、灵活、泛用
ysbzs-local-3,9,2,事件节点2,2,node_d09_tier3_shop,终局前黄金商会,shop_offer,终局前黄金商会,tier_pT3,pal_119,黑月女王,土,黄金,2,1,45,土、治疗、土系抗压、后排、增益
ysbzs-local-3,9,2,事件节点2,2,node_d09_tier3_shop,终局前黄金商会,shop_offer,终局前黄金商会,tier_pT3,pal_122,异构格里芬,土,黄金,2,1,45,土、机动、土系抗压、灵活、泛用
ysbzs-local-3,9,2,事件节点2,2,node_d09_tier3_shop,终局前黄金商会,shop_offer,终局前黄金商会,tier_pT3,pal_119,黑月女王,土,黄金,2,1,45,土、治疗、土系抗压、后排、增益
ysbzs-local-3,9,2,事件节点2,2,node_d09_tier3_shop,终局前黄金商会,shop_offer,终局前黄金商会,tier_pT3,pal_116,清雀,水,黄金,2,1,45,水、治疗、水系牵制、后排、增益
ysbzs-local-3,9,2,事件节点2,2,node_d09_tier3_shop,终局前黄金商会,shop_offer,终局前黄金商会,tier_pT3,pal_121,波鲁杰克斯,风,黄金,4,2,45,风、控制、风系牵制、牵制、范围、机动
ysbzs-local-3,9,2,事件节点2,2,node_d09_tier3_shop,终局前黄金商会,shop_offer,终局前黄金商会,tier_pT3,pal_116,清雀,水,黄金,2,1,45,水、治疗、水系牵制、后排、增益
ysbzs-local-3,9,2,事件节点2,3,node_d09_fire_shop,火系终局商人,shop_offer,火系终局商人,elem_火,pal_114,腾炎龙,火,黄金,6,3,32,火、输出、火系重压、爆发、前排
ysbzs-local-3,9,2,事件节点2,3,node_d09_fire_shop,火系终局商人,shop_offer,火系终局商人,elem_火,pal_096,熔岩兽,火,白银,6,3,70,火、坦克、重甲抗压、防御、前排、阻挡
ysbzs-local-3,9,2,事件节点2,3,node_d09_fire_shop,火系终局商人,shop_offer,火系终局商人,elem_火,pal_061,苍焰狼,火,白银,4,2,70,火、输出、成长输出、爆发、前排
ysbzs-local-3,9,2,事件节点2,3,node_d09_fire_shop,火系终局商人,shop_offer,火系终局商人,elem_火,pal_075,浪刃武士,火,白银,2,1,70,火、输出、火系压制、爆发、前排
ysbzs-local-3,9,2,事件节点2,3,node_d09_fire_shop,火系终局商人,shop_offer,火系终局商人,elem_火,pal_042,炽焰牛,火,白银,2,1,70,火、输出、火系压制、爆发、前排
ysbzs-local-3,9,4,事件节点3,1,node_d09_tier3_shop,终局前黄金商会,shop_offer,终局前黄金商会,tier_pT3,pal_123,圣光骑士,风,黄金,6,3,45,风、坦克、重甲抗压、防御、前排、阻挡
ysbzs-local-3,9,4,事件节点3,1,node_d09_tier3_shop,终局前黄金商会,shop_offer,终局前黄金商会,tier_pT3,pal_122,异构格里芬,土,黄金,2,1,45,土、机动、土系抗压、灵活、泛用
ysbzs-local-3,9,4,事件节点3,1,node_d09_tier3_shop,终局前黄金商会,shop_offer,终局前黄金商会,tier_pT3,pal_116,清雀,水,黄金,2,1,45,水、治疗、水系牵制、后排、增益
ysbzs-local-3,9,4,事件节点3,1,node_d09_tier3_shop,终局前黄金商会,shop_offer,终局前黄金商会,tier_pT3,pal_114,腾炎龙,火,黄金,6,3,45,火、输出、火系重压、爆发、前排
ysbzs-local-3,9,4,事件节点3,1,node_d09_tier3_shop,终局前黄金商会,shop_offer,终局前黄金商会,tier_pT3,pal_118,百合女王,风,黄金,2,1,45,风、治疗、远点压制、后排、增益
ysbzs-local-3,9,4,事件节点3,1,node_d09_tier3_shop,终局前黄金商会,shop_offer,终局前黄金商会,tier_pT3,pal_120,荷鲁斯,火,黄金,2,1,45,火、机动、火系压制、灵活、泛用
ysbzs-local-3,9,4,事件节点3,2,node_d09_summon_shop,召唤终局商人,shop_offer,召唤终局商人,role_召唤,pal_063,秘斯媞雅,风,白银,2,1,65,风、召唤、召唤铺场、成长、核心
ysbzs-local-3,9,4,事件节点3,2,node_d09_summon_shop,召唤终局商人,shop_offer,召唤终局商人,role_召唤,pal_093,连理龙,风,白银,4,2,65,风、召唤、召唤铺场、成长、核心
ysbzs-local-3,9,4,事件节点3,2,node_d09_summon_shop,召唤终局商人,shop_offer,召唤终局商人,role_召唤,pal_093,连理龙,风,白银,4,2,65,风、召唤、召唤铺场、成长、核心
ysbzs-local-3,9,4,事件节点3,2,node_d09_summon_shop,召唤终局商人,shop_offer,召唤终局商人,role_召唤,pal_050,骑士蜂,风,白银,4,2,65,风、召唤、召唤铺场、成长、核心
ysbzs-local-3,9,4,事件节点3,2,node_d09_summon_shop,召唤终局商人,shop_offer,召唤终局商人,role_召唤,pal_035,灌木羊,风,青铜,2,1,90,风、召唤、召唤铺场、成长、核心
ysbzs-local-3,9,4,事件节点3,2,node_d09_summon_shop,召唤终局商人,shop_offer,召唤终局商人,role_召唤,pal_063,秘斯媞雅,风,白银,2,1,65,风、召唤、召唤铺场、成长、核心
ysbzs-local-3,9,4,事件节点3,2,node_d09_summon_shop,召唤终局商人,shop_offer,召唤终局商人,role_召唤,pal_072,融焰娘,火,白银,2,1,65,火、召唤、召唤铺场、成长、核心
ysbzs-local-3,9,4,事件节点3,3,node_d09_fire_shop,火系终局商人,shop_offer,火系终局商人,elem_火,pal_090,狱阎王,火,白银,6,3,70,火、输出、召唤铺场、爆发、前排
ysbzs-local-3,9,4,事件节点3,3,node_d09_fire_shop,火系终局商人,shop_offer,火系终局商人,elem_火,pal_115,朱雀,火,黄金,2,1,32,火、机动、火系压制、灵活、泛用
ysbzs-local-3,9,4,事件节点3,3,node_d09_fire_shop,火系终局商人,shop_offer,火系终局商人,elem_火,pal_005,火绒狐,火,青铜,4,2,100,火、抗压承伤、爆发、前排
ysbzs-local-3,9,4,事件节点3,3,node_d09_fire_shop,火系终局商人,shop_offer,火系终局商人,elem_火,pal_086,火灵儿,火,白银,2,1,70,火、输出、火系压制、爆发、前排
ysbzs-local-3,9,4,事件节点3,3,node_d09_fire_shop,火系终局商人,shop_offer,火系终局商人,elem_火,pal_073,烽歌龙,火,白银,4,2,70,火、机动、火系压制、灵活、泛用
ysbzs-local-3,9,4,事件节点3,3,node_d09_fire_shop,火系终局商人,shop_offer,火系终局商人,elem_火,pal_086,火灵儿,火,白银,2,1,70,火、输出、火系压制、爆发、前排
ysbzs-local-3,9,5,事件节点4,1,node_d09_reward_tier3,终局前黄金奖励,reward_pet,终局前黄金奖励,reward_pT3,pal_117,暴电熊,风,黄金,,1,28,风、控制、风系牵制、牵制、范围、机动
ysbzs-local-3,9,5,事件节点4,1,node_d09_reward_tier3,终局前黄金奖励,reward_pet,终局前黄金奖励,reward_pT3,pal_112,阿努比斯,土,黄金,,1,28,土、输出、土系抗压、爆发、前排
ysbzs-local-3,9,5,事件节点4,2,node_d09_tier3_shop,终局前黄金商会,shop_offer,终局前黄金商会,tier_pT3,pal_125,唤冬兽,水,黄金,4,2,45,水、控制、水系牵制、牵制、范围、机动
ysbzs-local-3,9,5,事件节点4,2,node_d09_tier3_shop,终局前黄金商会,shop_offer,终局前黄金商会,tier_pT3,pal_111,冥铠蝎,土,黄金,2,1,45,土、坦克、抗压承伤、防御、前排、阻挡
ysbzs-local-3,9,5,事件节点4,2,node_d09_tier3_shop,终局前黄金商会,shop_offer,终局前黄金商会,tier_pT3,pal_123,圣光骑士,风,黄金,6,3,45,风、坦克、重甲抗压、防御、前排、阻挡
ysbzs-local-3,9,5,事件节点4,2,node_d09_tier3_shop,终局前黄金商会,shop_offer,终局前黄金商会,tier_pT3,pal_122,异构格里芬,土,黄金,2,1,45,土、机动、土系抗压、灵活、泛用
ysbzs-local-3,9,5,事件节点4,2,node_d09_tier3_shop,终局前黄金商会,shop_offer,终局前黄金商会,tier_pT3,pal_127,空涡龙,风,黄金,4,2,45,风、机动、机动压制、灵活、泛用
ysbzs-local-3,9,5,事件节点4,2,node_d09_tier3_shop,终局前黄金商会,shop_offer,终局前黄金商会,tier_pT3,pal_111,冥铠蝎,土,黄金,2,1,45,土、坦克、抗压承伤、防御、前排、阻挡
ysbzs-local-3,9,5,事件节点4,3,node_d09_fire_shop,火系终局商人,shop_offer,火系终局商人,elem_火,pal_009,燎火鹿,火,青铜,4,2,100,火、输出、火系压制、爆发、前排
ysbzs-local-3,9,5,事件节点4,3,node_d09_fire_shop,火系终局商人,shop_offer,火系终局商人,elem_火,pal_005,火绒狐,火,青铜,4,2,100,火、抗压承伤、爆发、前排
ysbzs-local-3,9,5,事件节点4,3,node_d09_fire_shop,火系终局商人,shop_offer,火系终局商人,elem_火,pal_005,火绒狐,火,青铜,4,2,100,火、抗压承伤、爆发、前排
ysbzs-local-3,9,5,事件节点4,3,node_d09_fire_shop,火系终局商人,shop_offer,火系终局商人,elem_火,pal_005,火绒狐,火,青铜,4,2,100,火、抗压承伤、爆发、前排
ysbzs-local-3,9,5,事件节点4,3,node_d09_fire_shop,火系终局商人,shop_offer,火系终局商人,elem_火,pal_005,火绒狐,火,青铜,4,2,100,火、抗压承伤、爆发、前排
ysbzs-local-3,10,1,事件节点1,1,node_d10_reward_tier3,终局黄金奖励,reward_pet,终局黄金奖励,reward_pT3,pal_118,百合女王,风,黄金,,1,28,风、治疗、远点压制、后排、增益
ysbzs-local-3,10,1,事件节点1,1,node_d10_reward_tier3,终局黄金奖励,reward_pet,终局黄金奖励,reward_pT3,pal_114,腾炎龙,火,黄金,,3,28,火、输出、火系重压、爆发、前排
ysbzs-local-3,10,1,事件节点1,2,node_d10_tier3_shop,终局黄金商会,shop_offer,终局黄金商会,tier_pT3,pal_116,清雀,水,黄金,2,1,45,水、治疗、水系牵制、后排、增益
ysbzs-local-3,10,1,事件节点1,2,node_d10_tier3_shop,终局黄金商会,shop_offer,终局黄金商会,tier_pT3,pal_116,清雀,水,黄金,2,1,45,水、治疗、水系牵制、后排、增益
ysbzs-local-3,10,1,事件节点1,2,node_d10_tier3_shop,终局黄金商会,shop_offer,终局黄金商会,tier_pT3,pal_124,混沌骑士,土,黄金,6,3,45,土、坦克、重甲抗压、防御、前排、阻挡
ysbzs-local-3,10,1,事件节点1,2,node_d10_tier3_shop,终局黄金商会,shop_offer,终局黄金商会,tier_pT3,pal_118,百合女王,风,黄金,2,1,45,风、治疗、远点压制、后排、增益
ysbzs-local-3,10,1,事件节点1,2,node_d10_tier3_shop,终局黄金商会,shop_offer,终局黄金商会,tier_pT3,pal_122,异构格里芬,土,黄金,2,1,45,土、机动、土系抗压、灵活、泛用
ysbzs-local-3,10,1,事件节点1,2,node_d10_tier3_shop,终局黄金商会,shop_offer,终局黄金商会,tier_pT3,pal_127,空涡龙,风,黄金,4,2,45,风、机动、机动压制、灵活、泛用
ysbzs-local-3,10,1,事件节点1,2,node_d10_tier3_shop,终局黄金商会,shop_offer,终局黄金商会,tier_pT3,pal_119,黑月女王,土,黄金,2,1,45,土、治疗、土系抗压、后排、增益
ysbzs-local-3,10,1,事件节点1,3,node_d10_output_shop,终局输出商人,shop_offer,终局输出商人,role_输出,pal_112,阿努比斯,土,黄金,2,1,30,土、输出、土系抗压、爆发、前排
ysbzs-local-3,10,1,事件节点1,3,node_d10_output_shop,终局输出商人,shop_offer,终局输出商人,role_输出,pal_009,燎火鹿,火,青铜,4,2,90,火、输出、火系压制、爆发、前排
ysbzs-local-3,10,1,事件节点1,3,node_d10_output_shop,终局输出商人,shop_offer,终局输出商人,role_输出,pal_061,苍焰狼,火,白银,4,2,65,火、输出、成长输出、爆发、前排
ysbzs-local-3,10,1,事件节点1,3,node_d10_output_shop,终局输出商人,shop_offer,终局输出商人,role_输出,pal_089,狱焰王,火,白银,6,3,65,火、输出、重甲抗压、爆发、前排
ysbzs-local-3,10,1,事件节点1,3,node_d10_output_shop,终局输出商人,shop_offer,终局输出商人,role_输出,pal_075,浪刃武士,火,白银,2,1,65,火、输出、火系压制、爆发、前排
ysbzs-local-3,10,1,事件节点1,3,node_d10_output_shop,终局输出商人,shop_offer,终局输出商人,role_输出,pal_075,浪刃武士,火,白银,2,1,65,火、输出、火系压制、爆发、前排
ysbzs-local-3,10,2,事件节点2,1,node_d10_reward_tier3,终局黄金奖励,reward_pet,终局黄金奖励,reward_pT3,pal_122,异构格里芬,土,黄金,,1,28,土、机动、土系抗压、灵活、泛用
ysbzs-local-3,10,2,事件节点2,1,node_d10_reward_tier3,终局黄金奖励,reward_pet,终局黄金奖励,reward_pT3,pal_116,清雀,水,黄金,,1,28,水、治疗、水系牵制、后排、增益
ysbzs-local-3,10,2,事件节点2,2,node_d10_tier3_shop,终局黄金商会,shop_offer,终局黄金商会,tier_pT3,pal_122,异构格里芬,土,黄金,2,1,45,土、机动、土系抗压、灵活、泛用
ysbzs-local-3,10,2,事件节点2,2,node_d10_tier3_shop,终局黄金商会,shop_offer,终局黄金商会,tier_pT3,pal_117,暴电熊,风,黄金,2,1,45,风、控制、风系牵制、牵制、范围、机动
ysbzs-local-3,10,2,事件节点2,2,node_d10_tier3_shop,终局黄金商会,shop_offer,终局黄金商会,tier_pT3,pal_114,腾炎龙,火,黄金,6,3,45,火、输出、火系重压、爆发、前排
ysbzs-local-3,10,2,事件节点2,2,node_d10_tier3_shop,终局黄金商会,shop_offer,终局黄金商会,tier_pT3,pal_120,荷鲁斯,火,黄金,2,1,45,火、机动、火系压制、灵活、泛用
ysbzs-local-3,10,2,事件节点2,2,node_d10_tier3_shop,终局黄金商会,shop_offer,终局黄金商会,tier_pT3,pal_121,波鲁杰克斯,风,黄金,4,2,45,风、控制、风系牵制、牵制、范围、机动
ysbzs-local-3,10,2,事件节点2,2,node_d10_tier3_shop,终局黄金商会,shop_offer,终局黄金商会,tier_pT3,pal_127,空涡龙,风,黄金,4,2,45,风、机动、机动压制、灵活、泛用
ysbzs-local-3,10,2,事件节点2,3,node_d10_output_shop,终局输出商人,shop_offer,终局输出商人,role_输出,pal_061,苍焰狼,火,白银,4,2,65,火、输出、成长输出、爆发、前排
ysbzs-local-3,10,2,事件节点2,3,node_d10_output_shop,终局输出商人,shop_offer,终局输出商人,role_输出,pal_009,燎火鹿,火,青铜,4,2,90,火、输出、火系压制、爆发、前排
ysbzs-local-3,10,2,事件节点2,3,node_d10_output_shop,终局输出商人,shop_offer,终局输出商人,role_输出,pal_090,狱阎王,火,白银,6,3,65,火、输出、召唤铺场、爆发、前排
ysbzs-local-3,10,2,事件节点2,3,node_d10_output_shop,终局输出商人,shop_offer,终局输出商人,role_输出,pal_089,狱焰王,火,白银,6,3,65,火、输出、重甲抗压、爆发、前排
ysbzs-local-3,10,4,事件节点3,1,node_d10_reward_tier3,终局黄金奖励,reward_pet,终局黄金奖励,reward_pT3,pal_126,唤夜兽,土,黄金,,2,28,土、控制、土系抗压、牵制、范围、机动
ysbzs-local-3,10,4,事件节点3,1,node_d10_reward_tier3,终局黄金奖励,reward_pet,终局黄金奖励,reward_pT3,pal_124,混沌骑士,土,黄金,,3,28,土、坦克、重甲抗压、防御、前排、阻挡
ysbzs-local-3,10,4,事件节点3,2,node_d10_tier3_shop,终局黄金商会,shop_offer,终局黄金商会,tier_pT3,pal_112,阿努比斯,土,黄金,2,1,45,土、输出、土系抗压、爆发、前排
ysbzs-local-3,10,4,事件节点3,2,node_d10_tier3_shop,终局黄金商会,shop_offer,终局黄金商会,tier_pT3,pal_112,阿努比斯,土,黄金,2,1,45,土、输出、土系抗压、爆发、前排
ysbzs-local-3,10,4,事件节点3,2,node_d10_tier3_shop,终局黄金商会,shop_offer,终局黄金商会,tier_pT3,pal_126,唤夜兽,土,黄金,4,2,45,土、控制、土系抗压、牵制、范围、机动
ysbzs-local-3,10,4,事件节点3,2,node_d10_tier3_shop,终局黄金商会,shop_offer,终局黄金商会,tier_pT3,pal_112,阿努比斯,土,黄金,2,1,45,土、输出、土系抗压、爆发、前排
ysbzs-local-3,10,4,事件节点3,2,node_d10_tier3_shop,终局黄金商会,shop_offer,终局黄金商会,tier_pT3,pal_127,空涡龙,风,黄金,4,2,45,风、机动、机动压制、灵活、泛用
ysbzs-local-3,10,4,事件节点3,2,node_d10_tier3_shop,终局黄金商会,shop_offer,终局黄金商会,tier_pT3,pal_125,唤冬兽,水,黄金,4,2,45,水、控制、水系牵制、牵制、范围、机动
ysbzs-local-3,10,4,事件节点3,2,node_d10_tier3_shop,终局黄金商会,shop_offer,终局黄金商会,tier_pT3,pal_122,异构格里芬,土,黄金,2,1,45,土、机动、土系抗压、灵活、泛用
ysbzs-local-3,10,4,事件节点3,3,node_d10_fire_shop,终局火系商人,shop_offer,终局火系商人,elem_火,pal_042,炽焰牛,火,白银,2,1,70,火、输出、火系压制、爆发、前排
ysbzs-local-3,10,4,事件节点3,3,node_d10_fire_shop,终局火系商人,shop_offer,终局火系商人,elem_火,pal_115,朱雀,火,黄金,2,1,32,火、机动、火系压制、灵活、泛用
ysbzs-local-3,10,4,事件节点3,3,node_d10_fire_shop,终局火系商人,shop_offer,终局火系商人,elem_火,pal_073,烽歌龙,火,白银,4,2,70,火、机动、火系压制、灵活、泛用
ysbzs-local-3,10,4,事件节点3,3,node_d10_fire_shop,终局火系商人,shop_offer,终局火系商人,elem_火,pal_061,苍焰狼,火,白银,4,2,70,火、输出、成长输出、爆发、前排
ysbzs-local-3,10,4,事件节点3,3,node_d10_fire_shop,终局火系商人,shop_offer,终局火系商人,elem_火,pal_114,腾炎龙,火,黄金,6,3,32,火、输出、火系重压、爆发、前排
ysbzs-local-3,10,4,事件节点3,3,node_d10_fire_shop,终局火系商人,shop_offer,终局火系商人,elem_火,pal_072,融焰娘,火,白银,2,1,70,火、召唤、召唤铺场、成长、核心
ysbzs-local-3,10,5,事件节点4,1,node_d10_fire_shop,终局火系商人,shop_offer,终局火系商人,elem_火,pal_086,火灵儿,火,白银,2,1,70,火、输出、火系压制、爆发、前排
ysbzs-local-3,10,5,事件节点4,1,node_d10_fire_shop,终局火系商人,shop_offer,终局火系商人,elem_火,pal_075,浪刃武士,火,白银,2,1,70,火、输出、火系压制、爆发、前排
ysbzs-local-3,10,5,事件节点4,1,node_d10_fire_shop,终局火系商人,shop_offer,终局火系商人,elem_火,pal_086,火灵儿,火,白银,2,1,70,火、输出、火系压制、爆发、前排
ysbzs-local-3,10,5,事件节点4,1,node_d10_fire_shop,终局火系商人,shop_offer,终局火系商人,elem_火,pal_089,狱焰王,火,白银,6,3,70,火、输出、重甲抗压、爆发、前排
ysbzs-local-3,10,5,事件节点4,1,node_d10_fire_shop,终局火系商人,shop_offer,终局火系商人,elem_火,pal_115,朱雀,火,黄金,2,1,32,火、机动、火系压制、灵活、泛用
ysbzs-local-3,10,5,事件节点4,1,node_d10_fire_shop,终局火系商人,shop_offer,终局火系商人,elem_火,pal_009,燎火鹿,火,青铜,4,2,100,火、输出、火系压制、爆发、前排
ysbzs-local-3,10,5,事件节点4,1,node_d10_fire_shop,终局火系商人,shop_offer,终局火系商人,elem_火,pal_042,炽焰牛,火,白银,2,1,70,火、输出、火系压制、爆发、前排
ysbzs-local-3,10,5,事件节点4,2,node_d10_tier3_shop,终局黄金商会,shop_offer,终局黄金商会,tier_pT3,pal_115,朱雀,火,黄金,2,1,45,火、机动、火系压制、灵活、泛用
ysbzs-local-3,10,5,事件节点4,2,node_d10_tier3_shop,终局黄金商会,shop_offer,终局黄金商会,tier_pT3,pal_115,朱雀,火,黄金,2,1,45,火、机动、火系压制、灵活、泛用
ysbzs-local-3,10,5,事件节点4,2,node_d10_tier3_shop,终局黄金商会,shop_offer,终局黄金商会,tier_pT3,pal_114,腾炎龙,火,黄金,6,3,45,火、输出、火系重压、爆发、前排
ysbzs-local-3,10,5,事件节点4,2,node_d10_tier3_shop,终局黄金商会,shop_offer,终局黄金商会,tier_pT3,pal_127,空涡龙,风,黄金,4,2,45,风、机动、机动压制、灵活、泛用
ysbzs-local-3,10,5,事件节点4,2,node_d10_tier3_shop,终局黄金商会,shop_offer,终局黄金商会,tier_pT3,pal_119,黑月女王,土,黄金,2,1,45,土、治疗、土系抗压、后排、增益
ysbzs-local-3,10,5,事件节点4,2,node_d10_tier3_shop,终局黄金商会,shop_offer,终局黄金商会,tier_pT3,pal_127,空涡龙,风,黄金,4,2,45,风、机动、机动压制、灵活、泛用
ysbzs-local-3,10,5,事件节点4,3,node_d10_reward_tier3,终局黄金奖励,reward_pet,终局黄金奖励,reward_pT3,pal_112,阿努比斯,土,黄金,,1,28,土、输出、土系抗压、爆发、前排
ysbzs-local-3,10,5,事件节点4,3,node_d10_reward_tier3,终局黄金奖励,reward_pet,终局黄金奖励,reward_pT3,pal_126,唤夜兽,土,黄金,,2,28,土、控制、土系抗压、牵制、范围、机动
