seed,day,step,optionIndex,encounterId,encounterName,period,round,waveId,petId,name,element,quality,threat,pool,qualityWeights
ysbzs-local,1,3,1,enc_d01_midday_a,中午遭遇A,上午,1,wave_d01_morning,pal_001,棉悠悠,风,青铜,124.3,pal_001|pal_002|pal_003|pal_004|pal_005,青铜90/白银10/黄金0/钻石0
ysbzs-local,1,3,1,enc_d01_midday_a,中午遭遇A,上午,1,wave_d01_morning,pal_004,翠叶鼠,风,青铜,124.3,pal_001|pal_002|pal_003|pal_004|pal_005,青铜90/白银10/黄金0/钻石0
ysbzs-local,1,3,1,enc_d01_midday_a,中午遭遇A,上午,2,wave_d01_morning,pal_003,皮皮鸡,风,青铜,189,pal_001|pal_002|pal_003|pal_004|pal_005,青铜90/白银10/黄金0/钻石1
ysbzs-local,1,3,1,enc_d01_midday_a,中午遭遇A,上午,2,wave_d01_morning,pal_004,翠叶鼠,风,白银,189,pal_001|pal_002|pal_003|pal_004|pal_005,青铜90/白银10/黄金0/钻石1
ysbzs-local,1,3,1,enc_d01_midday_a,中午遭遇A,上午,2,wave_d01_morning,pal_002,捣蛋猫,风,青铜,189,pal_001|pal_002|pal_003|pal_004|pal_005,青铜90/白银10/黄金0/钻石1
ysbzs-local,1,3,1,enc_d01_midday_a,中午遭遇A,上午,3,wave_d01_morning,pal_002,捣蛋猫,风,青铜,255.4,pal_001|pal_002|pal_003|pal_004|pal_005,青铜90/白银10/黄金0/钻石2
ysbzs-local,1,3,1,enc_d01_midday_a,中午遭遇A,上午,3,wave_d01_morning,pal_005,火绒狐,火,青铜,255.4,pal_001|pal_002|pal_003|pal_004|pal_005,青铜90/白银10/黄金0/钻石2
ysbzs-local,1,3,1,enc_d01_midday_a,中午遭遇A,上午,3,wave_d01_morning,pal_001,棉悠悠,风,青铜,255.4,pal_001|pal_002|pal_003|pal_004|pal_005,青铜90/白银10/黄金0/钻石2
ysbzs-local,1,3,1,enc_d01_midday_a,中午遭遇A,上午,3,wave_d01_morning,pal_004,翠叶鼠,风,青铜,255.4,pal_001|pal_002|pal_003|pal_004|pal_005,青铜90/白银10/黄金0/钻石2
ysbzs-local,1,3,1,enc_d01_midday_a,中午遭遇A,上午,4,wave_d01_morning,pal_004,翠叶鼠,风,钻石,323.3,pal_001|pal_002|pal_003|pal_004|pal_005,青铜90/白银10/黄金0/钻石3
ysbzs-local,1,3,1,enc_d01_midday_a,中午遭遇A,上午,4,wave_d01_morning,pal_005,火绒狐,火,青铜,323.3,pal_001|pal_002|pal_003|pal_004|pal_005,青铜90/白银10/黄金0/钻石3
ysbzs-local,1,3,1,enc_d01_midday_a,中午遭遇A,上午,4,wave_d01_morning,pal_003,皮皮鸡,风,青铜,323.3,pal_001|pal_002|pal_003|pal_004|pal_005,青铜90/白银10/黄金0/钻石3
ysbzs-local,1,3,1,enc_d01_midday_a,中午遭遇A,上午,4,wave_d01_morning,pal_001,棉悠悠,风,青铜,323.3,pal_001|pal_002|pal_003|pal_004|pal_005,青铜90/白银10/黄金0/钻石3
ysbzs-local,1,3,1,enc_d01_midday_a,中午遭遇A,上午,4,wave_d01_morning,pal_002,捣蛋猫,风,青铜,323.3,pal_001|pal_002|pal_003|pal_004|pal_005,青铜90/白银10/黄金0/钻石3
ysbzs-local,1,3,1,enc_d01_midday_a,中午遭遇A,上午,5,wave_d01_morning,pal_003,皮皮鸡,风,钻石,392.8,pal_001|pal_002|pal_003|pal_004|pal_005,青铜90/白银10/黄金0/钻石4
ysbzs-local,1,3,1,enc_d01_midday_a,中午遭遇A,上午,5,wave_d01_morning,pal_002,捣蛋猫,风,青铜,392.8,pal_001|pal_002|pal_003|pal_004|pal_005,青铜90/白银10/黄金0/钻石4
ysbzs-local,1,3,1,enc_d01_midday_a,中午遭遇A,上午,5,wave_d01_morning,pal_001,棉悠悠,风,青铜,392.8,pal_001|pal_002|pal_003|pal_004|pal_005,青铜90/白银10/黄金0/钻石4
ysbzs-local,1,3,1,enc_d01_midday_a,中午遭遇A,上午,5,wave_d01_morning,pal_004,翠叶鼠,风,青铜,392.8,pal_001|pal_002|pal_003|pal_004|pal_005,青铜90/白银10/黄金0/钻石4
ysbzs-local,1,3,1,enc_d01_midday_a,中午遭遇A,上午,5,wave_d01_morning,pal_005,火绒狐,火,青铜,392.8,pal_001|pal_002|pal_003|pal_004|pal_005,青铜90/白银10/黄金0/钻石4
ysbzs-local,1,3,1,enc_d01_midday_a,中午遭遇A,上午,5,wave_d01_morning,pal_004,翠叶鼠,风,青铜,392.8,pal_001|pal_002|pal_003|pal_004|pal_005,青铜90/白银10/黄金0/钻石4
ysbzs-local,1,6,1,enc_d01_evening_fixed,晚上固定战,下午,1,wave_d01_afternoon,pal_001,棉悠悠,风,青铜,124.3,pal_001|pal_002|pal_003|pal_004|pal_005,青铜90/白银10/黄金0/钻石0
ysbzs-local,1,6,1,enc_d01_evening_fixed,晚上固定战,下午,1,wave_d01_afternoon,pal_004,翠叶鼠,风,青铜,124.3,pal_001|pal_002|pal_003|pal_004|pal_005,青铜90/白银10/黄金0/钻石0
ysbzs-local,1,6,1,enc_d01_evening_fixed,晚上固定战,下午,2,wave_d01_afternoon,pal_004,翠叶鼠,风,青铜,189,pal_001|pal_002|pal_003|pal_004|pal_005,青铜90/白银10/黄金0/钻石1
ysbzs-local,1,6,1,enc_d01_evening_fixed,晚上固定战,下午,2,wave_d01_afternoon,pal_005,火绒狐,火,青铜,189,pal_001|pal_002|pal_003|pal_004|pal_005,青铜90/白银10/黄金0/钻石1
ysbzs-local,1,6,1,enc_d01_evening_fixed,晚上固定战,下午,2,wave_d01_afternoon,pal_003,皮皮鸡,风,青铜,189,pal_001|pal_002|pal_003|pal_004|pal_005,青铜90/白银10/黄金0/钻石1
ysbzs-local,1,6,1,enc_d01_evening_fixed,晚上固定战,下午,3,wave_d01_afternoon,pal_003,皮皮鸡,风,青铜,255.4,pal_001|pal_002|pal_003|pal_004|pal_005,青铜90/白银10/黄金0/钻石2
ysbzs-local,1,6,1,enc_d01_evening_fixed,晚上固定战,下午,3,wave_d01_afternoon,pal_001,棉悠悠,风,青铜,255.4,pal_001|pal_002|pal_003|pal_004|pal_005,青铜90/白银10/黄金0/钻石2
ysbzs-local,1,6,1,enc_d01_evening_fixed,晚上固定战,下午,3,wave_d01_afternoon,pal_004,翠叶鼠,风,青铜,255.4,pal_001|pal_002|pal_003|pal_004|pal_005,青铜90/白银10/黄金0/钻石2
ysbzs-local,1,6,1,enc_d01_evening_fixed,晚上固定战,下午,3,wave_d01_afternoon,pal_002,捣蛋猫,风,青铜,255.4,pal_001|pal_002|pal_003|pal_004|pal_005,青铜90/白银10/黄金0/钻石2
ysbzs-local,1,6,1,enc_d01_evening_fixed,晚上固定战,下午,4,wave_d01_afternoon,pal_003,皮皮鸡,风,青铜,323.3,pal_001|pal_002|pal_003|pal_004|pal_005,青铜90/白银10/黄金0/钻石3
ysbzs-local,1,6,1,enc_d01_evening_fixed,晚上固定战,下午,4,wave_d01_afternoon,pal_001,棉悠悠,风,青铜,323.3,pal_001|pal_002|pal_003|pal_004|pal_005,青铜90/白银10/黄金0/钻石3
ysbzs-local,1,6,1,enc_d01_evening_fixed,晚上固定战,下午,4,wave_d01_afternoon,pal_005,火绒狐,火,青铜,323.3,pal_001|pal_002|pal_003|pal_004|pal_005,青铜90/白银10/黄金0/钻石3
ysbzs-local,1,6,1,enc_d01_evening_fixed,晚上固定战,下午,4,wave_d01_afternoon,pal_004,翠叶鼠,风,青铜,323.3,pal_001|pal_002|pal_003|pal_004|pal_005,青铜90/白银10/黄金0/钻石3
ysbzs-local,1,6,1,enc_d01_evening_fixed,晚上固定战,下午,4,wave_d01_afternoon,pal_002,捣蛋猫,风,青铜,323.3,pal_001|pal_002|pal_003|pal_004|pal_005,青铜90/白银10/黄金0/钻石3
ysbzs-local,1,6,1,enc_d01_evening_fixed,晚上固定战,下午,5,wave_d01_afternoon,pal_003,皮皮鸡,风,青铜,392.8,pal_001|pal_002|pal_003|pal_004|pal_005,青铜90/白银10/黄金0/钻石4
ysbzs-local,1,6,1,enc_d01_evening_fixed,晚上固定战,下午,5,wave_d01_afternoon,pal_004,翠叶鼠,风,青铜,392.8,pal_001|pal_002|pal_003|pal_004|pal_005,青铜90/白银10/黄金0/钻石4
ysbzs-local,1,6,1,enc_d01_evening_fixed,晚上固定战,下午,5,wave_d01_afternoon,pal_005,火绒狐,火,白银,392.8,pal_001|pal_002|pal_003|pal_004|pal_005,青铜90/白银10/黄金0/钻石4
ysbzs-local,1,6,1,enc_d01_evening_fixed,晚上固定战,下午,5,wave_d01_afternoon,pal_001,棉悠悠,风,青铜,392.8,pal_001|pal_002|pal_003|pal_004|pal_005,青铜90/白银10/黄金0/钻石4
ysbzs-local,1,6,1,enc_d01_evening_fixed,晚上固定战,下午,5,wave_d01_afternoon,pal_002,捣蛋猫,风,青铜,392.8,pal_001|pal_002|pal_003|pal_004|pal_005,青铜90/白银10/黄金0/钻石4
ysbzs-local,1,6,1,enc_d01_evening_fixed,晚上固定战,下午,5,wave_d01_afternoon,pal_004,翠叶鼠,风,青铜,392.8,pal_001|pal_002|pal_003|pal_004|pal_005,青铜90/白银10/黄金0/钻石4
ysbzs-local,2,3,1,enc_d02_midday_a,第二天中午遭遇A,上午,1,wave_d02_morning,pal_005,火绒狐,火,白银,124.3,pal_001|pal_002|pal_003|pal_004|pal_005,青铜90/白银10/黄金0/钻石0
ysbzs-local,2,3,1,enc_d02_midday_a,第二天中午遭遇A,上午,1,wave_d02_morning,pal_003,皮皮鸡,风,白银,124.3,pal_001|pal_002|pal_003|pal_004|pal_005,青铜90/白银10/黄金0/钻石0
ysbzs-local,2,3,1,enc_d02_midday_a,第二天中午遭遇A,上午,2,wave_d02_morning,pal_003,皮皮鸡,风,青铜,189,pal_001|pal_002|pal_003|pal_004|pal_005,青铜90/白银10/黄金0/钻石1
ysbzs-local,2,3,1,enc_d02_midday_a,第二天中午遭遇A,上午,2,wave_d02_morning,pal_001,棉悠悠,风,青铜,189,pal_001|pal_002|pal_003|pal_004|pal_005,青铜90/白银10/黄金0/钻石1
ysbzs-local,2,3,1,enc_d02_midday_a,第二天中午遭遇A,上午,2,wave_d02_morning,pal_005,火绒狐,火,青铜,189,pal_001|pal_002|pal_003|pal_004|pal_005,青铜90/白银10/黄金0/钻石1
ysbzs-local,2,3,1,enc_d02_midday_a,第二天中午遭遇A,上午,3,wave_d02_morning,pal_004,翠叶鼠,风,青铜,255.4,pal_001|pal_002|pal_003|pal_004|pal_005,青铜90/白银10/黄金0/钻石2
ysbzs-local,2,3,1,enc_d02_midday_a,第二天中午遭遇A,上午,3,wave_d02_morning,pal_003,皮皮鸡,风,白银,255.4,pal_001|pal_002|pal_003|pal_004|pal_005,青铜90/白银10/黄金0/钻石2
ysbzs-local,2,3,1,enc_d02_midday_a,第二天中午遭遇A,上午,3,wave_d02_morning,pal_001,棉悠悠,风,青铜,255.4,pal_001|pal_002|pal_003|pal_004|pal_005,青铜90/白银10/黄金0/钻石2
ysbzs-local,2,3,1,enc_d02_midday_a,第二天中午遭遇A,上午,3,wave_d02_morning,pal_005,火绒狐,火,青铜,255.4,pal_001|pal_002|pal_003|pal_004|pal_005,青铜90/白银10/黄金0/钻石2
ysbzs-local,2,3,1,enc_d02_midday_a,第二天中午遭遇A,上午,4,wave_d02_morning,pal_005,火绒狐,火,青铜,323.3,pal_001|pal_002|pal_003|pal_004|pal_005,青铜90/白银10/黄金0/钻石3
ysbzs-local,2,3,1,enc_d02_midday_a,第二天中午遭遇A,上午,4,wave_d02_morning,pal_001,棉悠悠,风,青铜,323.3,pal_001|pal_002|pal_003|pal_004|pal_005,青铜90/白银10/黄金0/钻石3
ysbzs-local,2,3,1,enc_d02_midday_a,第二天中午遭遇A,上午,4,wave_d02_morning,pal_003,皮皮鸡,风,青铜,323.3,pal_001|pal_002|pal_003|pal_004|pal_005,青铜90/白银10/黄金0/钻石3
ysbzs-local,2,3,1,enc_d02_midday_a,第二天中午遭遇A,上午,4,wave_d02_morning,pal_004,翠叶鼠,风,青铜,323.3,pal_001|pal_002|pal_003|pal_004|pal_005,青铜90/白银10/黄金0/钻石3
ysbzs-local,2,3,1,enc_d02_midday_a,第二天中午遭遇A,上午,4,wave_d02_morning,pal_002,捣蛋猫,风,青铜,323.3,pal_001|pal_002|pal_003|pal_004|pal_005,青铜90/白银10/黄金0/钻石3
ysbzs-local,2,3,1,enc_d02_midday_a,第二天中午遭遇A,上午,5,wave_d02_morning,pal_004,翠叶鼠,风,青铜,392.8,pal_001|pal_002|pal_003|pal_004|pal_005,青铜90/白银10/黄金0/钻石4
ysbzs-local,2,3,1,enc_d02_midday_a,第二天中午遭遇A,上午,5,wave_d02_morning,pal_001,棉悠悠,风,青铜,392.8,pal_001|pal_002|pal_003|pal_004|pal_005,青铜90/白银10/黄金0/钻石4
ysbzs-local,2,3,1,enc_d02_midday_a,第二天中午遭遇A,上午,5,wave_d02_morning,pal_005,火绒狐,火,白银,392.8,pal_001|pal_002|pal_003|pal_004|pal_005,青铜90/白银10/黄金0/钻石4
ysbzs-local,2,3,1,enc_d02_midday_a,第二天中午遭遇A,上午,5,wave_d02_morning,pal_003,皮皮鸡,风,青铜,392.8,pal_001|pal_002|pal_003|pal_004|pal_005,青铜90/白银10/黄金0/钻石4
ysbzs-local,2,3,1,enc_d02_midday_a,第二天中午遭遇A,上午,5,wave_d02_morning,pal_002,捣蛋猫,风,青铜,392.8,pal_001|pal_002|pal_003|pal_004|pal_005,青铜90/白银10/黄金0/钻石4
ysbzs-local,2,3,1,enc_d02_midday_a,第二天中午遭遇A,上午,5,wave_d02_morning,pal_004,翠叶鼠,风,青铜,392.8,pal_001|pal_002|pal_003|pal_004|pal_005,青铜90/白银10/黄金0/钻石4
ysbzs-local,2,6,1,enc_d02_evening_fixed,第二天晚上固定战,下午,1,wave_d02_afternoon,pal_003,皮皮鸡,风,青铜,124.3,pal_001|pal_002|pal_003|pal_004|pal_005,青铜90/白银10/黄金0/钻石0
ysbzs-local,2,6,1,enc_d02_evening_fixed,第二天晚上固定战,下午,1,wave_d02_afternoon,pal_004,翠叶鼠,风,青铜,124.3,pal_001|pal_002|pal_003|pal_004|pal_005,青铜90/白银10/黄金0/钻石0
ysbzs-local,2,6,1,enc_d02_evening_fixed,第二天晚上固定战,下午,2,wave_d02_afternoon,pal_005,火绒狐,火,青铜,189,pal_001|pal_002|pal_003|pal_004|pal_005,青铜90/白银10/黄金0/钻石1
ysbzs-local,2,6,1,enc_d02_evening_fixed,第二天晚上固定战,下午,2,wave_d02_afternoon,pal_001,棉悠悠,风,青铜,189,pal_001|pal_002|pal_003|pal_004|pal_005,青铜90/白银10/黄金0/钻石1
ysbzs-local,2,6,1,enc_d02_evening_fixed,第二天晚上固定战,下午,2,wave_d02_afternoon,pal_003,皮皮鸡,风,青铜,189,pal_001|pal_002|pal_003|pal_004|pal_005,青铜90/白银10/黄金0/钻石1
ysbzs-local,2,6,1,enc_d02_evening_fixed,第二天晚上固定战,下午,2,wave_d02_afternoon,pal_005,火绒狐,火,青铜,189,pal_001|pal_002|pal_003|pal_004|pal_005,青铜90/白银10/黄金0/钻石1
ysbzs-local,2,6,1,enc_d02_evening_fixed,第二天晚上固定战,下午,2,wave_d02_afternoon,pal_001,棉悠悠,风,青铜,189,pal_001|pal_002|pal_003|pal_004|pal_005,青铜90/白银10/黄金0/钻石1
ysbzs-local,2,6,1,enc_d02_evening_fixed,第二天晚上固定战,下午,2,wave_d02_afternoon,pal_003,皮皮鸡,风,青铜,189,pal_001|pal_002|pal_003|pal_004|pal_005,青铜90/白银10/黄金0/钻石1
ysbzs-local,2,6,1,enc_d02_evening_fixed,第二天晚上固定战,下午,3,wave_d02_afternoon,pal_002,捣蛋猫,风,青铜,255.4,pal_001|pal_002|pal_003|pal_004|pal_005,青铜90/白银10/黄金0/钻石2
ysbzs-local,2,6,1,enc_d02_evening_fixed,第二天晚上固定战,下午,3,wave_d02_afternoon,pal_003,皮皮鸡,风,青铜,255.4,pal_001|pal_002|pal_003|pal_004|pal_005,青铜90/白银10/黄金0/钻石2
ysbzs-local,2,6,1,enc_d02_evening_fixed,第二天晚上固定战,下午,3,wave_d02_afternoon,pal_004,翠叶鼠,风,青铜,255.4,pal_001|pal_002|pal_003|pal_004|pal_005,青铜90/白银10/黄金0/钻石2
ysbzs-local,2,6,1,enc_d02_evening_fixed,第二天晚上固定战,下午,3,wave_d02_afternoon,pal_001,棉悠悠,风,青铜,255.4,pal_001|pal_002|pal_003|pal_004|pal_005,青铜90/白银10/黄金0/钻石2
ysbzs-local,2,6,1,enc_d02_evening_fixed,第二天晚上固定战,下午,4,wave_d02_afternoon,pal_003,皮皮鸡,风,青铜,323.3,pal_001|pal_002|pal_003|pal_004|pal_005,青铜90/白银10/黄金0/钻石3
ysbzs-local,2,6,1,enc_d02_evening_fixed,第二天晚上固定战,下午,4,wave_d02_afternoon,pal_001,棉悠悠,风,白银,323.3,pal_001|pal_002|pal_003|pal_004|pal_005,青铜90/白银10/黄金0/钻石3
ysbzs-local,2,6,1,enc_d02_evening_fixed,第二天晚上固定战,下午,4,wave_d02_afternoon,pal_002,捣蛋猫,风,钻石,323.3,pal_001|pal_002|pal_003|pal_004|pal_005,青铜90/白银10/黄金0/钻石3
ysbzs-local,2,6,1,enc_d02_evening_fixed,第二天晚上固定战,下午,4,wave_d02_afternoon,pal_005,火绒狐,火,青铜,323.3,pal_001|pal_002|pal_003|pal_004|pal_005,青铜90/白银10/黄金0/钻石3
ysbzs-local,2,6,1,enc_d02_evening_fixed,第二天晚上固定战,下午,4,wave_d02_afternoon,pal_004,翠叶鼠,风,青铜,323.3,pal_001|pal_002|pal_003|pal_004|pal_005,青铜90/白银10/黄金0/钻石3
ysbzs-local,2,6,1,enc_d02_evening_fixed,第二天晚上固定战,下午,5,wave_d02_afternoon,pal_004,翠叶鼠,风,青铜,392.8,pal_001|pal_002|pal_003|pal_004|pal_005,青铜90/白银10/黄金0/钻石4
ysbzs-local,2,6,1,enc_d02_evening_fixed,第二天晚上固定战,下午,5,wave_d02_afternoon,pal_002,捣蛋猫,风,青铜,392.8,pal_001|pal_002|pal_003|pal_004|pal_005,青铜90/白银10/黄金0/钻石4
ysbzs-local,2,6,1,enc_d02_evening_fixed,第二天晚上固定战,下午,5,wave_d02_afternoon,pal_003,皮皮鸡,风,青铜,392.8,pal_001|pal_002|pal_003|pal_004|pal_005,青铜90/白银10/黄金0/钻石4
ysbzs-local,2,6,1,enc_d02_evening_fixed,第二天晚上固定战,下午,5,wave_d02_afternoon,pal_001,棉悠悠,风,白银,392.8,pal_001|pal_002|pal_003|pal_004|pal_005,青铜90/白银10/黄金0/钻石4
ysbzs-local,2,6,1,enc_d02_evening_fixed,第二天晚上固定战,下午,5,wave_d02_afternoon,pal_005,火绒狐,火,青铜,392.8,pal_001|pal_002|pal_003|pal_004|pal_005,青铜90/白银10/黄金0/钻石4
ysbzs-local,2,6,1,enc_d02_evening_fixed,第二天晚上固定战,下午,5,wave_d02_afternoon,pal_005,火绒狐,火,青铜,392.8,pal_001|pal_002|pal_003|pal_004|pal_005,青铜90/白银10/黄金0/钻石4
ysbzs-local,3,3,1,enc_d03_midday_a,第三天中午遭遇A,上午,1,wave_d03_morning,pal_003,皮皮鸡,风,青铜,124.3,pal_001|pal_002|pal_003|pal_004|pal_005,青铜90/白银10/黄金0/钻石0
ysbzs-local,3,3,1,enc_d03_midday_a,第三天中午遭遇A,上午,1,wave_d03_morning,pal_001,棉悠悠,风,青铜,124.3,pal_001|pal_002|pal_003|pal_004|pal_005,青铜90/白银10/黄金0/钻石0
ysbzs-local,3,3,1,enc_d03_midday_a,第三天中午遭遇A,上午,2,wave_d03_morning,pal_003,皮皮鸡,风,青铜,189,pal_001|pal_002|pal_003|pal_004|pal_005,青铜90/白银10/黄金0/钻石1
ysbzs-local,3,3,1,enc_d03_midday_a,第三天中午遭遇A,上午,2,wave_d03_morning,pal_002,捣蛋猫,风,青铜,189,pal_001|pal_002|pal_003|pal_004|pal_005,青铜90/白银10/黄金0/钻石1
ysbzs-local,3,3,1,enc_d03_midday_a,第三天中午遭遇A,上午,2,wave_d03_morning,pal_005,火绒狐,火,青铜,189,pal_001|pal_002|pal_003|pal_004|pal_005,青铜90/白银10/黄金0/钻石1
ysbzs-local,3,3,1,enc_d03_midday_a,第三天中午遭遇A,上午,3,wave_d03_morning,pal_001,棉悠悠,风,青铜,255.4,pal_001|pal_002|pal_003|pal_004|pal_005,青铜90/白银10/黄金0/钻石2
ysbzs-local,3,3,1,enc_d03_midday_a,第三天中午遭遇A,上午,3,wave_d03_morning,pal_004,翠叶鼠,风,青铜,255.4,pal_001|pal_002|pal_003|pal_004|pal_005,青铜90/白银10/黄金0/钻石2
ysbzs-local,3,3,1,enc_d03_midday_a,第三天中午遭遇A,上午,3,wave_d03_morning,pal_002,捣蛋猫,风,青铜,255.4,pal_001|pal_002|pal_003|pal_004|pal_005,青铜90/白银10/黄金0/钻石2
ysbzs-local,3,3,1,enc_d03_midday_a,第三天中午遭遇A,上午,3,wave_d03_morning,pal_005,火绒狐,火,青铜,255.4,pal_001|pal_002|pal_003|pal_004|pal_005,青铜90/白银10/黄金0/钻石2
ysbzs-local,3,3,1,enc_d03_midday_a,第三天中午遭遇A,上午,4,wave_d03_morning,pal_005,火绒狐,火,青铜,323.3,pal_001|pal_002|pal_003|pal_004|pal_005,青铜90/白银10/黄金0/钻石3
ysbzs-local,3,3,1,enc_d03_midday_a,第三天中午遭遇A,上午,4,wave_d03_morning,pal_004,翠叶鼠,风,青铜,323.3,pal_001|pal_002|pal_003|pal_004|pal_005,青铜90/白银10/黄金0/钻石3
ysbzs-local,3,3,1,enc_d03_midday_a,第三天中午遭遇A,上午,4,wave_d03_morning,pal_002,捣蛋猫,风,青铜,323.3,pal_001|pal_002|pal_003|pal_004|pal_005,青铜90/白银10/黄金0/钻石3
ysbzs-local,3,3,1,enc_d03_midday_a,第三天中午遭遇A,上午,4,wave_d03_morning,pal_003,皮皮鸡,风,青铜,323.3,pal_001|pal_002|pal_003|pal_004|pal_005,青铜90/白银10/黄金0/钻石3
ysbzs-local,3,3,1,enc_d03_midday_a,第三天中午遭遇A,上午,4,wave_d03_morning,pal_001,棉悠悠,风,青铜,323.3,pal_001|pal_002|pal_003|pal_004|pal_005,青铜90/白银10/黄金0/钻石3
ysbzs-local,3,3,1,enc_d03_midday_a,第三天中午遭遇A,上午,5,wave_d03_morning,pal_004,翠叶鼠,风,青铜,392.8,pal_001|pal_002|pal_003|pal_004|pal_005,青铜90/白银10/黄金0/钻石4
ysbzs-local,3,3,1,enc_d03_midday_a,第三天中午遭遇A,上午,5,wave_d03_morning,pal_005,火绒狐,火,青铜,392.8,pal_001|pal_002|pal_003|pal_004|pal_005,青铜90/白银10/黄金0/钻石4
ysbzs-local,3,3,1,enc_d03_midday_a,第三天中午遭遇A,上午,5,wave_d03_morning,pal_003,皮皮鸡,风,青铜,392.8,pal_001|pal_002|pal_003|pal_004|pal_005,青铜90/白银10/黄金0/钻石4
ysbzs-local,3,3,1,enc_d03_midday_a,第三天中午遭遇A,上午,5,wave_d03_morning,pal_002,捣蛋猫,风,青铜,392.8,pal_001|pal_002|pal_003|pal_004|pal_005,青铜90/白银10/黄金0/钻石4
ysbzs-local,3,3,1,enc_d03_midday_a,第三天中午遭遇A,上午,5,wave_d03_morning,pal_001,棉悠悠,风,青铜,392.8,pal_001|pal_002|pal_003|pal_004|pal_005,青铜90/白银10/黄金0/钻石4
ysbzs-local,3,3,1,enc_d03_midday_a,第三天中午遭遇A,上午,5,wave_d03_morning,pal_005,火绒狐,火,青铜,392.8,pal_001|pal_002|pal_003|pal_004|pal_005,青铜90/白银10/黄金0/钻石4
ysbzs-local,3,6,1,enc_d03_evening_fixed,第三天晚上固定战,下午,1,wave_d03_afternoon,pal_001,棉悠悠,风,白银,124.3,pal_001|pal_002|pal_003|pal_004|pal_005,青铜90/白银10/黄金0/钻石0
ysbzs-local,3,6,1,enc_d03_evening_fixed,第三天晚上固定战,下午,1,wave_d03_afternoon,pal_005,火绒狐,火,青铜,124.3,pal_001|pal_002|pal_003|pal_004|pal_005,青铜90/白银10/黄金0/钻石0
ysbzs-local,3,6,1,enc_d03_evening_fixed,第三天晚上固定战,下午,2,wave_d03_afternoon,pal_003,皮皮鸡,风,白银,189,pal_001|pal_002|pal_003|pal_004|pal_005,青铜90/白银10/黄金0/钻石1
ysbzs-local,3,6,1,enc_d03_evening_fixed,第三天晚上固定战,下午,2,wave_d03_afternoon,pal_004,翠叶鼠,风,白银,189,pal_001|pal_002|pal_003|pal_004|pal_005,青铜90/白银10/黄金0/钻石1
ysbzs-local,3,6,1,enc_d03_evening_fixed,第三天晚上固定战,下午,2,wave_d03_afternoon,pal_002,捣蛋猫,风,青铜,189,pal_001|pal_002|pal_003|pal_004|pal_005,青铜90/白银10/黄金0/钻石1
ysbzs-local,3,6,1,enc_d03_evening_fixed,第三天晚上固定战,下午,3,wave_d03_afternoon,pal_001,棉悠悠,风,青铜,255.4,pal_001|pal_002|pal_003|pal_004|pal_005,青铜90/白银10/黄金0/钻石2
ysbzs-local,3,6,1,enc_d03_evening_fixed,第三天晚上固定战,下午,3,wave_d03_afternoon,pal_005,火绒狐,火,青铜,255.4,pal_001|pal_002|pal_003|pal_004|pal_005,青铜90/白银10/黄金0/钻石2
ysbzs-local,3,6,1,enc_d03_evening_fixed,第三天晚上固定战,下午,3,wave_d03_afternoon,pal_004,翠叶鼠,风,青铜,255.4,pal_001|pal_002|pal_003|pal_004|pal_005,青铜90/白银10/黄金0/钻石2
ysbzs-local,3,6,1,enc_d03_evening_fixed,第三天晚上固定战,下午,3,wave_d03_afternoon,pal_002,捣蛋猫,风,青铜,255.4,pal_001|pal_002|pal_003|pal_004|pal_005,青铜90/白银10/黄金0/钻石2
ysbzs-local,3,6,1,enc_d03_evening_fixed,第三天晚上固定战,下午,4,wave_d03_afternoon,pal_003,皮皮鸡,风,青铜,323.3,pal_001|pal_002|pal_003|pal_004|pal_005,青铜90/白银10/黄金0/钻石3
ysbzs-local,3,6,1,enc_d03_evening_fixed,第三天晚上固定战,下午,4,wave_d03_afternoon,pal_001,棉悠悠,风,青铜,323.3,pal_001|pal_002|pal_003|pal_004|pal_005,青铜90/白银10/黄金0/钻石3
ysbzs-local,3,6,1,enc_d03_evening_fixed,第三天晚上固定战,下午,4,wave_d03_afternoon,pal_002,捣蛋猫,风,青铜,323.3,pal_001|pal_002|pal_003|pal_004|pal_005,青铜90/白银10/黄金0/钻石3
ysbzs-local,3,6,1,enc_d03_evening_fixed,第三天晚上固定战,下午,4,wave_d03_afternoon,pal_004,翠叶鼠,风,青铜,323.3,pal_001|pal_002|pal_003|pal_004|pal_005,青铜90/白银10/黄金0/钻石3
ysbzs-local,3,6,1,enc_d03_evening_fixed,第三天晚上固定战,下午,4,wave_d03_afternoon,pal_005,火绒狐,火,青铜,323.3,pal_001|pal_002|pal_003|pal_004|pal_005,青铜90/白银10/黄金0/钻石3
ysbzs-local,3,6,1,enc_d03_evening_fixed,第三天晚上固定战,下午,5,wave_d03_afternoon,pal_003,皮皮鸡,风,青铜,392.8,pal_001|pal_002|pal_003|pal_004|pal_005,青铜90/白银10/黄金0/钻石4
ysbzs-local,3,6,1,enc_d03_evening_fixed,第三天晚上固定战,下午,5,wave_d03_afternoon,pal_002,捣蛋猫,风,青铜,392.8,pal_001|pal_002|pal_003|pal_004|pal_005,青铜90/白银10/黄金0/钻石4
ysbzs-local,3,6,1,enc_d03_evening_fixed,第三天晚上固定战,下午,5,wave_d03_afternoon,pal_004,翠叶鼠,风,青铜,392.8,pal_001|pal_002|pal_003|pal_004|pal_005,青铜90/白银10/黄金0/钻石4
ysbzs-local,3,6,1,enc_d03_evening_fixed,第三天晚上固定战,下午,5,wave_d03_afternoon,pal_001,棉悠悠,风,青铜,392.8,pal_001|pal_002|pal_003|pal_004|pal_005,青铜90/白银10/黄金0/钻石4
ysbzs-local,3,6,1,enc_d03_evening_fixed,第三天晚上固定战,下午,5,wave_d03_afternoon,pal_005,火绒狐,火,青铜,392.8,pal_001|pal_002|pal_003|pal_004|pal_005,青铜90/白银10/黄金0/钻石4
ysbzs-local,3,6,1,enc_d03_evening_fixed,第三天晚上固定战,下午,5,wave_d03_afternoon,pal_005,火绒狐,火,白银,392.8,pal_001|pal_002|pal_003|pal_004|pal_005,青铜90/白银10/黄金0/钻石4
ysbzs-local,4,3,1,enc_d04_midday_a,第四天中午遭遇A,上午,1,wave_d04_morning,pal_001,棉悠悠,风,青铜,124.3,pal_001|pal_002|pal_003|pal_004|pal_005,青铜90/白银10/黄金0/钻石0
ysbzs-local,4,3,1,enc_d04_midday_a,第四天中午遭遇A,上午,1,wave_d04_morning,pal_005,火绒狐,火,青铜,124.3,pal_001|pal_002|pal_003|pal_004|pal_005,青铜90/白银10/黄金0/钻石0
ysbzs-local,4,3,1,enc_d04_midday_a,第四天中午遭遇A,上午,2,wave_d04_morning,pal_002,捣蛋猫,风,青铜,189,pal_001|pal_002|pal_003|pal_004|pal_005,青铜90/白银10/黄金0/钻石1
ysbzs-local,4,3,1,enc_d04_midday_a,第四天中午遭遇A,上午,2,wave_d04_morning,pal_005,火绒狐,火,青铜,189,pal_001|pal_002|pal_003|pal_004|pal_005,青铜90/白银10/黄金0/钻石1
ysbzs-local,4,3,1,enc_d04_midday_a,第四天中午遭遇A,上午,2,wave_d04_morning,pal_003,皮皮鸡,风,青铜,189,pal_001|pal_002|pal_003|pal_004|pal_005,青铜90/白银10/黄金0/钻石1
ysbzs-local,4,3,1,enc_d04_midday_a,第四天中午遭遇A,上午,3,wave_d04_morning,pal_005,火绒狐,火,青铜,255.4,pal_001|pal_002|pal_003|pal_004|pal_005,青铜90/白银10/黄金0/钻石2
ysbzs-local,4,3,1,enc_d04_midday_a,第四天中午遭遇A,上午,3,wave_d04_morning,pal_004,翠叶鼠,风,青铜,255.4,pal_001|pal_002|pal_003|pal_004|pal_005,青铜90/白银10/黄金0/钻石2
ysbzs-local,4,3,1,enc_d04_midday_a,第四天中午遭遇A,上午,3,wave_d04_morning,pal_002,捣蛋猫,风,白银,255.4,pal_001|pal_002|pal_003|pal_004|pal_005,青铜90/白银10/黄金0/钻石2
ysbzs-local,4,3,1,enc_d04_midday_a,第四天中午遭遇A,上午,3,wave_d04_morning,pal_001,棉悠悠,风,青铜,255.4,pal_001|pal_002|pal_003|pal_004|pal_005,青铜90/白银10/黄金0/钻石2
ysbzs-local,4,3,1,enc_d04_midday_a,第四天中午遭遇A,上午,4,wave_d04_morning,pal_003,皮皮鸡,风,青铜,323.3,pal_001|pal_002|pal_003|pal_004|pal_005,青铜90/白银10/黄金0/钻石3
ysbzs-local,4,3,1,enc_d04_midday_a,第四天中午遭遇A,上午,4,wave_d04_morning,pal_001,棉悠悠,风,青铜,323.3,pal_001|pal_002|pal_003|pal_004|pal_005,青铜90/白银10/黄金0/钻石3
ysbzs-local,4,3,1,enc_d04_midday_a,第四天中午遭遇A,上午,4,wave_d04_morning,pal_004,翠叶鼠,风,青铜,323.3,pal_001|pal_002|pal_003|pal_004|pal_005,青铜90/白银10/黄金0/钻石3
ysbzs-local,4,3,1,enc_d04_midday_a,第四天中午遭遇A,上午,4,wave_d04_morning,pal_005,火绒狐,火,青铜,323.3,pal_001|pal_002|pal_003|pal_004|pal_005,青铜90/白银10/黄金0/钻石3
ysbzs-local,4,3,1,enc_d04_midday_a,第四天中午遭遇A,上午,4,wave_d04_morning,pal_002,捣蛋猫,风,青铜,323.3,pal_001|pal_002|pal_003|pal_004|pal_005,青铜90/白银10/黄金0/钻石3
ysbzs-local,4,3,1,enc_d04_midday_a,第四天中午遭遇A,上午,5,wave_d04_morning,pal_001,棉悠悠,风,青铜,392.8,pal_001|pal_002|pal_003|pal_004|pal_005,青铜90/白银10/黄金0/钻石4
ysbzs-local,4,3,1,enc_d04_midday_a,第四天中午遭遇A,上午,5,wave_d04_morning,pal_005,火绒狐,火,青铜,392.8,pal_001|pal_002|pal_003|pal_004|pal_005,青铜90/白银10/黄金0/钻石4
ysbzs-local,4,3,1,enc_d04_midday_a,第四天中午遭遇A,上午,5,wave_d04_morning,pal_003,皮皮鸡,风,青铜,392.8,pal_001|pal_002|pal_003|pal_004|pal_005,青铜90/白银10/黄金0/钻石4
ysbzs-local,4,3,1,enc_d04_midday_a,第四天中午遭遇A,上午,5,wave_d04_morning,pal_004,翠叶鼠,风,青铜,392.8,pal_001|pal_002|pal_003|pal_004|pal_005,青铜90/白银10/黄金0/钻石4
ysbzs-local,4,3,1,enc_d04_midday_a,第四天中午遭遇A,上午,5,wave_d04_morning,pal_002,捣蛋猫,风,白银,392.8,pal_001|pal_002|pal_003|pal_004|pal_005,青铜90/白银10/黄金0/钻石4
ysbzs-local,4,3,1,enc_d04_midday_a,第四天中午遭遇A,上午,5,wave_d04_morning,pal_004,翠叶鼠,风,钻石,392.8,pal_001|pal_002|pal_003|pal_004|pal_005,青铜90/白银10/黄金0/钻石4
ysbzs-local,4,6,1,enc_d04_evening_fixed,第四天晚上固定战,下午,1,wave_d04_afternoon,pal_003,皮皮鸡,风,青铜,124.3,pal_001|pal_002|pal_003|pal_004|pal_005,青铜90/白银10/黄金0/钻石0
ysbzs-local,4,6,1,enc_d04_evening_fixed,第四天晚上固定战,下午,1,wave_d04_afternoon,pal_002,捣蛋猫,风,青铜,124.3,pal_001|pal_002|pal_003|pal_004|pal_005,青铜90/白银10/黄金0/钻石0
ysbzs-local,4,6,1,enc_d04_evening_fixed,第四天晚上固定战,下午,2,wave_d04_afternoon,pal_001,棉悠悠,风,青铜,189,pal_001|pal_002|pal_003|pal_004|pal_005,青铜90/白银10/黄金0/钻石1
ysbzs-local,4,6,1,enc_d04_evening_fixed,第四天晚上固定战,下午,2,wave_d04_afternoon,pal_003,皮皮鸡,风,白银,189,pal_001|pal_002|pal_003|pal_004|pal_005,青铜90/白银10/黄金0/钻石1
ysbzs-local,4,6,1,enc_d04_evening_fixed,第四天晚上固定战,下午,2,wave_d04_afternoon,pal_002,捣蛋猫,风,青铜,189,pal_001|pal_002|pal_003|pal_004|pal_005,青铜90/白银10/黄金0/钻石1
ysbzs-local,4,6,1,enc_d04_evening_fixed,第四天晚上固定战,下午,2,wave_d04_afternoon,pal_001,棉悠悠,风,青铜,189,pal_001|pal_002|pal_003|pal_004|pal_005,青铜90/白银10/黄金0/钻石1
ysbzs-local,4,6,1,enc_d04_evening_fixed,第四天晚上固定战,下午,2,wave_d04_afternoon,pal_003,皮皮鸡,风,白银,189,pal_001|pal_002|pal_003|pal_004|pal_005,青铜90/白银10/黄金0/钻石1
ysbzs-local,4,6,1,enc_d04_evening_fixed,第四天晚上固定战,下午,2,wave_d04_afternoon,pal_002,捣蛋猫,风,青铜,189,pal_001|pal_002|pal_003|pal_004|pal_005,青铜90/白银10/黄金0/钻石1
ysbzs-local,4,6,1,enc_d04_evening_fixed,第四天晚上固定战,下午,3,wave_d04_afternoon,pal_002,捣蛋猫,风,白银,255.4,pal_001|pal_002|pal_003|pal_004|pal_005,青铜90/白银10/黄金0/钻石2
ysbzs-local,4,6,1,enc_d04_evening_fixed,第四天晚上固定战,下午,3,wave_d04_afternoon,pal_004,翠叶鼠,风,青铜,255.4,pal_001|pal_002|pal_003|pal_004|pal_005,青铜90/白银10/黄金0/钻石2
ysbzs-local,4,6,1,enc_d04_evening_fixed,第四天晚上固定战,下午,3,wave_d04_afternoon,pal_003,皮皮鸡,风,青铜,255.4,pal_001|pal_002|pal_003|pal_004|pal_005,青铜90/白银10/黄金0/钻石2
ysbzs-local,4,6,1,enc_d04_evening_fixed,第四天晚上固定战,下午,3,wave_d04_afternoon,pal_005,火绒狐,火,青铜,255.4,pal_001|pal_002|pal_003|pal_004|pal_005,青铜90/白银10/黄金0/钻石2
ysbzs-local,4,6,1,enc_d04_evening_fixed,第四天晚上固定战,下午,4,wave_d04_afternoon,pal_001,棉悠悠,风,青铜,323.3,pal_001|pal_002|pal_003|pal_004|pal_005,青铜90/白银10/黄金0/钻石3
ysbzs-local,4,6,1,enc_d04_evening_fixed,第四天晚上固定战,下午,4,wave_d04_afternoon,pal_003,皮皮鸡,风,青铜,323.3,pal_001|pal_002|pal_003|pal_004|pal_005,青铜90/白银10/黄金0/钻石3
ysbzs-local,4,6,1,enc_d04_evening_fixed,第四天晚上固定战,下午,4,wave_d04_afternoon,pal_004,翠叶鼠,风,青铜,323.3,pal_001|pal_002|pal_003|pal_004|pal_005,青铜90/白银10/黄金0/钻石3
ysbzs-local,4,6,1,enc_d04_evening_fixed,第四天晚上固定战,下午,4,wave_d04_afternoon,pal_002,捣蛋猫,风,青铜,323.3,pal_001|pal_002|pal_003|pal_004|pal_005,青铜90/白银10/黄金0/钻石3
ysbzs-local,4,6,1,enc_d04_evening_fixed,第四天晚上固定战,下午,4,wave_d04_afternoon,pal_005,火绒狐,火,青铜,323.3,pal_001|pal_002|pal_003|pal_004|pal_005,青铜90/白银10/黄金0/钻石3
ysbzs-local,4,6,1,enc_d04_evening_fixed,第四天晚上固定战,下午,5,wave_d04_afternoon,pal_005,火绒狐,火,青铜,392.8,pal_001|pal_002|pal_003|pal_004|pal_005,青铜90/白银10/黄金0/钻石4
ysbzs-local,4,6,1,enc_d04_evening_fixed,第四天晚上固定战,下午,5,wave_d04_afternoon,pal_004,翠叶鼠,风,青铜,392.8,pal_001|pal_002|pal_003|pal_004|pal_005,青铜90/白银10/黄金0/钻石4
ysbzs-local,4,6,1,enc_d04_evening_fixed,第四天晚上固定战,下午,5,wave_d04_afternoon,pal_001,棉悠悠,风,青铜,392.8,pal_001|pal_002|pal_003|pal_004|pal_005,青铜90/白银10/黄金0/钻石4
ysbzs-local,4,6,1,enc_d04_evening_fixed,第四天晚上固定战,下午,5,wave_d04_afternoon,pal_002,捣蛋猫,风,钻石,392.8,pal_001|pal_002|pal_003|pal_004|pal_005,青铜90/白银10/黄金0/钻石4
ysbzs-local,4,6,1,enc_d04_evening_fixed,第四天晚上固定战,下午,5,wave_d04_afternoon,pal_003,皮皮鸡,风,青铜,392.8,pal_001|pal_002|pal_003|pal_004|pal_005,青铜90/白银10/黄金0/钻石4
ysbzs-local,4,6,1,enc_d04_evening_fixed,第四天晚上固定战,下午,5,wave_d04_afternoon,pal_002,捣蛋猫,风,青铜,392.8,pal_001|pal_002|pal_003|pal_004|pal_005,青铜90/白银10/黄金0/钻石4
ysbzs-local,5,3,1,enc_d05_midday_a,第五天中午遭遇A,上午,1,wave_d05_morning,pal_005,火绒狐,火,青铜,124.3,pal_001|pal_002|pal_003|pal_004|pal_005,青铜90/白银10/黄金0/钻石0
ysbzs-local,5,3,1,enc_d05_midday_a,第五天中午遭遇A,上午,1,wave_d05_morning,pal_004,翠叶鼠,风,青铜,124.3,pal_001|pal_002|pal_003|pal_004|pal_005,青铜90/白银10/黄金0/钻石0
ysbzs-local,5,3,1,enc_d05_midday_a,第五天中午遭遇A,上午,2,wave_d05_morning,pal_003,皮皮鸡,风,青铜,189,pal_001|pal_002|pal_003|pal_004|pal_005,青铜90/白银10/黄金0/钻石1
ysbzs-local,5,3,1,enc_d05_midday_a,第五天中午遭遇A,上午,2,wave_d05_morning,pal_004,翠叶鼠,风,青铜,189,pal_001|pal_002|pal_003|pal_004|pal_005,青铜90/白银10/黄金0/钻石1
ysbzs-local,5,3,1,enc_d05_midday_a,第五天中午遭遇A,上午,2,wave_d05_morning,pal_005,火绒狐,火,青铜,189,pal_001|pal_002|pal_003|pal_004|pal_005,青铜90/白银10/黄金0/钻石1
ysbzs-local,5,3,1,enc_d05_midday_a,第五天中午遭遇A,上午,3,wave_d05_morning,pal_003,皮皮鸡,风,白银,255.4,pal_001|pal_002|pal_003|pal_004|pal_005,青铜90/白银10/黄金0/钻石2
ysbzs-local,5,3,1,enc_d05_midday_a,第五天中午遭遇A,上午,3,wave_d05_morning,pal_001,棉悠悠,风,青铜,255.4,pal_001|pal_002|pal_003|pal_004|pal_005,青铜90/白银10/黄金0/钻石2
ysbzs-local,5,3,1,enc_d05_midday_a,第五天中午遭遇A,上午,3,wave_d05_morning,pal_005,火绒狐,火,青铜,255.4,pal_001|pal_002|pal_003|pal_004|pal_005,青铜90/白银10/黄金0/钻石2
ysbzs-local,5,3,1,enc_d05_midday_a,第五天中午遭遇A,上午,3,wave_d05_morning,pal_004,翠叶鼠,风,青铜,255.4,pal_001|pal_002|pal_003|pal_004|pal_005,青铜90/白银10/黄金0/钻石2
ysbzs-local,5,3,1,enc_d05_midday_a,第五天中午遭遇A,上午,4,wave_d05_morning,pal_003,皮皮鸡,风,青铜,323.3,pal_001|pal_002|pal_003|pal_004|pal_005,青铜90/白银10/黄金0/钻石3
ysbzs-local,5,3,1,enc_d05_midday_a,第五天中午遭遇A,上午,4,wave_d05_morning,pal_001,棉悠悠,风,青铜,323.3,pal_001|pal_002|pal_003|pal_004|pal_005,青铜90/白银10/黄金0/钻石3
ysbzs-local,5,3,1,enc_d05_midday_a,第五天中午遭遇A,上午,4,wave_d05_morning,pal_002,捣蛋猫,风,青铜,323.3,pal_001|pal_002|pal_003|pal_004|pal_005,青铜90/白银10/黄金0/钻石3
ysbzs-local,5,3,1,enc_d05_midday_a,第五天中午遭遇A,上午,4,wave_d05_morning,pal_005,火绒狐,火,青铜,323.3,pal_001|pal_002|pal_003|pal_004|pal_005,青铜90/白银10/黄金0/钻石3
ysbzs-local,5,3,1,enc_d05_midday_a,第五天中午遭遇A,上午,4,wave_d05_morning,pal_004,翠叶鼠,风,青铜,323.3,pal_001|pal_002|pal_003|pal_004|pal_005,青铜90/白银10/黄金0/钻石3
ysbzs-local,5,3,1,enc_d05_midday_a,第五天中午遭遇A,上午,4,wave_d05_morning,pal_003,皮皮鸡,风,青铜,323.3,pal_001|pal_002|pal_003|pal_004|pal_005,青铜90/白银10/黄金0/钻石3
ysbzs-local,5,3,1,enc_d05_midday_a,第五天中午遭遇A,上午,4,wave_d05_morning,pal_001,棉悠悠,风,青铜,323.3,pal_001|pal_002|pal_003|pal_004|pal_005,青铜90/白银10/黄金0/钻石3
ysbzs-local,5,3,1,enc_d05_midday_a,第五天中午遭遇A,上午,4,wave_d05_morning,pal_002,捣蛋猫,风,青铜,323.3,pal_001|pal_002|pal_003|pal_004|pal_005,青铜90/白银10/黄金0/钻石3
ysbzs-local,5,3,1,enc_d05_midday_a,第五天中午遭遇A,上午,4,wave_d05_morning,pal_005,火绒狐,火,青铜,323.3,pal_001|pal_002|pal_003|pal_004|pal_005,青铜90/白银10/黄金0/钻石3
ysbzs-local,5,3,1,enc_d05_midday_a,第五天中午遭遇A,上午,4,wave_d05_morning,pal_004,翠叶鼠,风,青铜,323.3,pal_001|pal_002|pal_003|pal_004|pal_005,青铜90/白银10/黄金0/钻石3
ysbzs-local,5,3,1,enc_d05_midday_a,第五天中午遭遇A,上午,5,wave_d05_morning,pal_004,翠叶鼠,风,青铜,392.8,pal_001|pal_002|pal_003|pal_004|pal_005,青铜90/白银10/黄金0/钻石4
ysbzs-local,5,3,1,enc_d05_midday_a,第五天中午遭遇A,上午,5,wave_d05_morning,pal_001,棉悠悠,风,青铜,392.8,pal_001|pal_002|pal_003|pal_004|pal_005,青铜90/白银10/黄金0/钻石4
ysbzs-local,5,3,1,enc_d05_midday_a,第五天中午遭遇A,上午,5,wave_d05_morning,pal_003,皮皮鸡,风,青铜,392.8,pal_001|pal_002|pal_003|pal_004|pal_005,青铜90/白银10/黄金0/钻石4
ysbzs-local,5,3,1,enc_d05_midday_a,第五天中午遭遇A,上午,5,wave_d05_morning,pal_005,火绒狐,火,青铜,392.8,pal_001|pal_002|pal_003|pal_004|pal_005,青铜90/白银10/黄金0/钻石4
ysbzs-local,5,3,1,enc_d05_midday_a,第五天中午遭遇A,上午,5,wave_d05_morning,pal_002,捣蛋猫,风,青铜,392.8,pal_001|pal_002|pal_003|pal_004|pal_005,青铜90/白银10/黄金0/钻石4
ysbzs-local,5,3,1,enc_d05_midday_a,第五天中午遭遇A,上午,5,wave_d05_morning,pal_003,皮皮鸡,风,青铜,392.8,pal_001|pal_002|pal_003|pal_004|pal_005,青铜90/白银10/黄金0/钻石4
ysbzs-local,5,3,1,enc_d05_midday_a,第五天中午遭遇A,上午,5,wave_d05_morning,pal_004,翠叶鼠,风,青铜,392.8,pal_001|pal_002|pal_003|pal_004|pal_005,青铜90/白银10/黄金0/钻石4
ysbzs-local,5,3,1,enc_d05_midday_a,第五天中午遭遇A,上午,5,wave_d05_morning,pal_001,棉悠悠,风,青铜,392.8,pal_001|pal_002|pal_003|pal_004|pal_005,青铜90/白银10/黄金0/钻石4
ysbzs-local,5,3,1,enc_d05_midday_a,第五天中午遭遇A,上午,5,wave_d05_morning,pal_003,皮皮鸡,风,青铜,392.8,pal_001|pal_002|pal_003|pal_004|pal_005,青铜90/白银10/黄金0/钻石4
ysbzs-local,5,3,1,enc_d05_midday_a,第五天中午遭遇A,上午,5,wave_d05_morning,pal_005,火绒狐,火,青铜,392.8,pal_001|pal_002|pal_003|pal_004|pal_005,青铜90/白银10/黄金0/钻石4
ysbzs-local,5,3,1,enc_d05_midday_a,第五天中午遭遇A,上午,5,wave_d05_morning,pal_002,捣蛋猫,风,青铜,392.8,pal_001|pal_002|pal_003|pal_004|pal_005,青铜90/白银10/黄金0/钻石4
ysbzs-local,5,3,1,enc_d05_midday_a,第五天中午遭遇A,上午,5,wave_d05_morning,pal_003,皮皮鸡,风,青铜,392.8,pal_001|pal_002|pal_003|pal_004|pal_005,青铜90/白银10/黄金0/钻石4
ysbzs-local,5,6,1,enc_d05_evening_fixed,第五天晚上固定战,下午,1,wave_d05_afternoon,pal_004,翠叶鼠,风,青铜,124.3,pal_001|pal_002|pal_003|pal_004|pal_005,青铜90/白银10/黄金0/钻石0
ysbzs-local,5,6,1,enc_d05_evening_fixed,第五天晚上固定战,下午,1,wave_d05_afternoon,pal_002,捣蛋猫,风,青铜,124.3,pal_001|pal_002|pal_003|pal_004|pal_005,青铜90/白银10/黄金0/钻石0
ysbzs-local,5,6,1,enc_d05_evening_fixed,第五天晚上固定战,下午,2,wave_d05_afternoon,pal_001,棉悠悠,风,青铜,189,pal_001|pal_002|pal_003|pal_004|pal_005,青铜90/白银10/黄金0/钻石1
ysbzs-local,5,6,1,enc_d05_evening_fixed,第五天晚上固定战,下午,2,wave_d05_afternoon,pal_003,皮皮鸡,风,青铜,189,pal_001|pal_002|pal_003|pal_004|pal_005,青铜90/白银10/黄金0/钻石1
ysbzs-local,5,6,1,enc_d05_evening_fixed,第五天晚上固定战,下午,2,wave_d05_afternoon,pal_004,翠叶鼠,风,白银,189,pal_001|pal_002|pal_003|pal_004|pal_005,青铜90/白银10/黄金0/钻石1
ysbzs-local,5,6,1,enc_d05_evening_fixed,第五天晚上固定战,下午,3,wave_d05_afternoon,pal_003,皮皮鸡,风,青铜,255.4,pal_001|pal_002|pal_003|pal_004|pal_005,青铜90/白银10/黄金0/钻石2
ysbzs-local,5,6,1,enc_d05_evening_fixed,第五天晚上固定战,下午,3,wave_d05_afternoon,pal_004,翠叶鼠,风,青铜,255.4,pal_001|pal_002|pal_003|pal_004|pal_005,青铜90/白银10/黄金0/钻石2
ysbzs-local,5,6,1,enc_d05_evening_fixed,第五天晚上固定战,下午,3,wave_d05_afternoon,pal_005,火绒狐,火,青铜,255.4,pal_001|pal_002|pal_003|pal_004|pal_005,青铜90/白银10/黄金0/钻石2
ysbzs-local,5,6,1,enc_d05_evening_fixed,第五天晚上固定战,下午,3,wave_d05_afternoon,pal_002,捣蛋猫,风,青铜,255.4,pal_001|pal_002|pal_003|pal_004|pal_005,青铜90/白银10/黄金0/钻石2
ysbzs-local,5,6,1,enc_d05_evening_fixed,第五天晚上固定战,下午,4,wave_d05_afternoon,pal_002,捣蛋猫,风,青铜,323.3,pal_001|pal_002|pal_003|pal_004|pal_005,青铜90/白银10/黄金0/钻石3
ysbzs-local,5,6,1,enc_d05_evening_fixed,第五天晚上固定战,下午,4,wave_d05_afternoon,pal_003,皮皮鸡,风,青铜,323.3,pal_001|pal_002|pal_003|pal_004|pal_005,青铜90/白银10/黄金0/钻石3
ysbzs-local,5,6,1,enc_d05_evening_fixed,第五天晚上固定战,下午,4,wave_d05_afternoon,pal_001,棉悠悠,风,青铜,323.3,pal_001|pal_002|pal_003|pal_004|pal_005,青铜90/白银10/黄金0/钻石3
ysbzs-local,5,6,1,enc_d05_evening_fixed,第五天晚上固定战,下午,4,wave_d05_afternoon,pal_004,翠叶鼠,风,青铜,323.3,pal_001|pal_002|pal_003|pal_004|pal_005,青铜90/白银10/黄金0/钻石3
ysbzs-local,5,6,1,enc_d05_evening_fixed,第五天晚上固定战,下午,4,wave_d05_afternoon,pal_005,火绒狐,火,青铜,323.3,pal_001|pal_002|pal_003|pal_004|pal_005,青铜90/白银10/黄金0/钻石3
ysbzs-local,5,6,1,enc_d05_evening_fixed,第五天晚上固定战,下午,5,wave_d05_afternoon,pal_005,火绒狐,火,青铜,392.8,pal_001|pal_002|pal_003|pal_004|pal_005,青铜90/白银10/黄金0/钻石4
ysbzs-local,5,6,1,enc_d05_evening_fixed,第五天晚上固定战,下午,5,wave_d05_afternoon,pal_002,捣蛋猫,风,青铜,392.8,pal_001|pal_002|pal_003|pal_004|pal_005,青铜90/白银10/黄金0/钻石4
ysbzs-local,5,6,1,enc_d05_evening_fixed,第五天晚上固定战,下午,5,wave_d05_afternoon,pal_004,翠叶鼠,风,青铜,392.8,pal_001|pal_002|pal_003|pal_004|pal_005,青铜90/白银10/黄金0/钻石4
ysbzs-local,5,6,1,enc_d05_evening_fixed,第五天晚上固定战,下午,5,wave_d05_afternoon,pal_003,皮皮鸡,风,青铜,392.8,pal_001|pal_002|pal_003|pal_004|pal_005,青铜90/白银10/黄金0/钻石4
ysbzs-local,5,6,1,enc_d05_evening_fixed,第五天晚上固定战,下午,5,wave_d05_afternoon,pal_001,棉悠悠,风,白银,392.8,pal_001|pal_002|pal_003|pal_004|pal_005,青铜90/白银10/黄金0/钻石4
ysbzs-local,5,6,1,enc_d05_evening_fixed,第五天晚上固定战,下午,5,wave_d05_afternoon,pal_002,捣蛋猫,风,青铜,392.8,pal_001|pal_002|pal_003|pal_004|pal_005,青铜90/白银10/黄金0/钻石4
ysbzs-local,5,6,1,enc_d05_evening_fixed,第五天晚上固定战,下午,5,wave_d05_afternoon,pal_005,火绒狐,火,青铜,392.8,pal_001|pal_002|pal_003|pal_004|pal_005,青铜90/白银10/黄金0/钻石4
ysbzs-local,5,6,1,enc_d05_evening_fixed,第五天晚上固定战,下午,5,wave_d05_afternoon,pal_002,捣蛋猫,风,青铜,392.8,pal_001|pal_002|pal_003|pal_004|pal_005,青铜90/白银10/黄金0/钻石4
ysbzs-local,5,6,1,enc_d05_evening_fixed,第五天晚上固定战,下午,5,wave_d05_afternoon,pal_004,翠叶鼠,风,青铜,392.8,pal_001|pal_002|pal_003|pal_004|pal_005,青铜90/白银10/黄金0/钻石4
ysbzs-local,5,6,1,enc_d05_evening_fixed,第五天晚上固定战,下午,5,wave_d05_afternoon,pal_003,皮皮鸡,风,青铜,392.8,pal_001|pal_002|pal_003|pal_004|pal_005,青铜90/白银10/黄金0/钻石4
ysbzs-local,5,6,1,enc_d05_evening_fixed,第五天晚上固定战,下午,5,wave_d05_afternoon,pal_001,棉悠悠,风,白银,392.8,pal_001|pal_002|pal_003|pal_004|pal_005,青铜90/白银10/黄金0/钻石4
ysbzs-local,5,6,1,enc_d05_evening_fixed,第五天晚上固定战,下午,5,wave_d05_afternoon,pal_002,捣蛋猫,风,青铜,392.8,pal_001|pal_002|pal_003|pal_004|pal_005,青铜90/白银10/黄金0/钻石4
ysbzs-local,6,3,1,enc_d06_midday_a,第六天精英遭遇A,上午,1,wave_d06_morning,pal_004,翠叶鼠,风,青铜,124.3,pal_001|pal_002|pal_003|pal_004|pal_005,青铜90/白银10/黄金0/钻石0
ysbzs-local,6,3,1,enc_d06_midday_a,第六天精英遭遇A,上午,1,wave_d06_morning,pal_003,皮皮鸡,风,青铜,124.3,pal_001|pal_002|pal_003|pal_004|pal_005,青铜90/白银10/黄金0/钻石0
ysbzs-local,6,3,1,enc_d06_midday_a,第六天精英遭遇A,上午,1,wave_d06_morning,pal_004,翠叶鼠,风,青铜,124.3,pal_001|pal_002|pal_003|pal_004|pal_005,青铜90/白银10/黄金0/钻石0
ysbzs-local,6,3,1,enc_d06_midday_a,第六天精英遭遇A,上午,1,wave_d06_morning,pal_003,皮皮鸡,风,青铜,124.3,pal_001|pal_002|pal_003|pal_004|pal_005,青铜90/白银10/黄金0/钻石0
ysbzs-local,6,3,1,enc_d06_midday_a,第六天精英遭遇A,上午,2,wave_d06_morning,pal_005,火绒狐,火,青铜,189,pal_001|pal_002|pal_003|pal_004|pal_005,青铜90/白银10/黄金0/钻石1
ysbzs-local,6,3,1,enc_d06_midday_a,第六天精英遭遇A,上午,2,wave_d06_morning,pal_004,翠叶鼠,风,青铜,189,pal_001|pal_002|pal_003|pal_004|pal_005,青铜90/白银10/黄金0/钻石1
ysbzs-local,6,3,1,enc_d06_midday_a,第六天精英遭遇A,上午,2,wave_d06_morning,pal_001,棉悠悠,风,青铜,189,pal_001|pal_002|pal_003|pal_004|pal_005,青铜90/白银10/黄金0/钻石1
ysbzs-local,6,3,1,enc_d06_midday_a,第六天精英遭遇A,上午,3,wave_d06_morning,pal_003,皮皮鸡,风,青铜,255.4,pal_001|pal_002|pal_003|pal_004|pal_005,青铜90/白银10/黄金0/钻石2
ysbzs-local,6,3,1,enc_d06_midday_a,第六天精英遭遇A,上午,3,wave_d06_morning,pal_004,翠叶鼠,风,青铜,255.4,pal_001|pal_002|pal_003|pal_004|pal_005,青铜90/白银10/黄金0/钻石2
ysbzs-local,6,3,1,enc_d06_midday_a,第六天精英遭遇A,上午,3,wave_d06_morning,pal_001,棉悠悠,风,青铜,255.4,pal_001|pal_002|pal_003|pal_004|pal_005,青铜90/白银10/黄金0/钻石2
ysbzs-local,6,3,1,enc_d06_midday_a,第六天精英遭遇A,上午,3,wave_d06_morning,pal_005,火绒狐,火,青铜,255.4,pal_001|pal_002|pal_003|pal_004|pal_005,青铜90/白银10/黄金0/钻石2
ysbzs-local,6,3,1,enc_d06_midday_a,第六天精英遭遇A,上午,4,wave_d06_morning,pal_005,火绒狐,火,白银,323.3,pal_001|pal_002|pal_003|pal_004|pal_005,青铜90/白银10/黄金0/钻石3
ysbzs-local,6,3,1,enc_d06_midday_a,第六天精英遭遇A,上午,4,wave_d06_morning,pal_002,捣蛋猫,风,青铜,323.3,pal_001|pal_002|pal_003|pal_004|pal_005,青铜90/白银10/黄金0/钻石3
ysbzs-local,6,3,1,enc_d06_midday_a,第六天精英遭遇A,上午,4,wave_d06_morning,pal_004,翠叶鼠,风,青铜,323.3,pal_001|pal_002|pal_003|pal_004|pal_005,青铜90/白银10/黄金0/钻石3
ysbzs-local,6,3,1,enc_d06_midday_a,第六天精英遭遇A,上午,4,wave_d06_morning,pal_003,皮皮鸡,风,白银,323.3,pal_001|pal_002|pal_003|pal_004|pal_005,青铜90/白银10/黄金0/钻石3
ysbzs-local,6,3,1,enc_d06_midday_a,第六天精英遭遇A,上午,4,wave_d06_morning,pal_001,棉悠悠,风,青铜,323.3,pal_001|pal_002|pal_003|pal_004|pal_005,青铜90/白银10/黄金0/钻石3
ysbzs-local,6,3,1,enc_d06_midday_a,第六天精英遭遇A,上午,4,wave_d06_morning,pal_005,火绒狐,火,白银,323.3,pal_001|pal_002|pal_003|pal_004|pal_005,青铜90/白银10/黄金0/钻石3
ysbzs-local,6,3,1,enc_d06_midday_a,第六天精英遭遇A,上午,4,wave_d06_morning,pal_002,捣蛋猫,风,青铜,323.3,pal_001|pal_002|pal_003|pal_004|pal_005,青铜90/白银10/黄金0/钻石3
ysbzs-local,6,3,1,enc_d06_midday_a,第六天精英遭遇A,上午,4,wave_d06_morning,pal_004,翠叶鼠,风,青铜,323.3,pal_001|pal_002|pal_003|pal_004|pal_005,青铜90/白银10/黄金0/钻石3
ysbzs-local,6,3,1,enc_d06_midday_a,第六天精英遭遇A,上午,4,wave_d06_morning,pal_003,皮皮鸡,风,白银,323.3,pal_001|pal_002|pal_003|pal_004|pal_005,青铜90/白银10/黄金0/钻石3
ysbzs-local,6,3,1,enc_d06_midday_a,第六天精英遭遇A,上午,4,wave_d06_morning,pal_001,棉悠悠,风,青铜,323.3,pal_001|pal_002|pal_003|pal_004|pal_005,青铜90/白银10/黄金0/钻石3
ysbzs-local,6,3,1,enc_d06_midday_a,第六天精英遭遇A,上午,5,wave_d06_morning,pal_005,火绒狐,火,青铜,392.8,pal_001|pal_002|pal_003|pal_004|pal_005,青铜90/白银10/黄金0/钻石4
ysbzs-local,6,3,1,enc_d06_midday_a,第六天精英遭遇A,上午,5,wave_d06_morning,pal_003,皮皮鸡,风,青铜,392.8,pal_001|pal_002|pal_003|pal_004|pal_005,青铜90/白银10/黄金0/钻石4
ysbzs-local,6,3,1,enc_d06_midday_a,第六天精英遭遇A,上午,5,wave_d06_morning,pal_004,翠叶鼠,风,青铜,392.8,pal_001|pal_002|pal_003|pal_004|pal_005,青铜90/白银10/黄金0/钻石4
ysbzs-local,6,3,1,enc_d06_midday_a,第六天精英遭遇A,上午,5,wave_d06_morning,pal_002,捣蛋猫,风,青铜,392.8,pal_001|pal_002|pal_003|pal_004|pal_005,青铜90/白银10/黄金0/钻石4
ysbzs-local,6,3,1,enc_d06_midday_a,第六天精英遭遇A,上午,5,wave_d06_morning,pal_001,棉悠悠,风,青铜,392.8,pal_001|pal_002|pal_003|pal_004|pal_005,青铜90/白银10/黄金0/钻石4
ysbzs-local,6,3,1,enc_d06_midday_a,第六天精英遭遇A,上午,5,wave_d06_morning,pal_001,棉悠悠,风,青铜,392.8,pal_001|pal_002|pal_003|pal_004|pal_005,青铜90/白银10/黄金0/钻石4
ysbzs-local,6,6,1,enc_d06_evening_fixed,第六天晚上精英固定战,下午,1,wave_d06_afternoon,pal_004,翠叶鼠,风,青铜,124.3,pal_001|pal_002|pal_003|pal_004|pal_005,青铜90/白银10/黄金0/钻石0
ysbzs-local,6,6,1,enc_d06_evening_fixed,第六天晚上精英固定战,下午,1,wave_d06_afternoon,pal_002,捣蛋猫,风,青铜,124.3,pal_001|pal_002|pal_003|pal_004|pal_005,青铜90/白银10/黄金0/钻石0
ysbzs-local,6,6,1,enc_d06_evening_fixed,第六天晚上精英固定战,下午,2,wave_d06_afternoon,pal_005,火绒狐,火,青铜,189,pal_001|pal_002|pal_003|pal_004|pal_005,青铜90/白银10/黄金0/钻石1
ysbzs-local,6,6,1,enc_d06_evening_fixed,第六天晚上精英固定战,下午,2,wave_d06_afternoon,pal_002,捣蛋猫,风,青铜,189,pal_001|pal_002|pal_003|pal_004|pal_005,青铜90/白银10/黄金0/钻石1
ysbzs-local,6,6,1,enc_d06_evening_fixed,第六天晚上精英固定战,下午,2,wave_d06_afternoon,pal_004,翠叶鼠,风,青铜,189,pal_001|pal_002|pal_003|pal_004|pal_005,青铜90/白银10/黄金0/钻石1
ysbzs-local,6,6,1,enc_d06_evening_fixed,第六天晚上精英固定战,下午,3,wave_d06_afternoon,pal_001,棉悠悠,风,青铜,255.4,pal_001|pal_002|pal_003|pal_004|pal_005,青铜90/白银10/黄金0/钻石2
ysbzs-local,6,6,1,enc_d06_evening_fixed,第六天晚上精英固定战,下午,3,wave_d06_afternoon,pal_003,皮皮鸡,风,白银,255.4,pal_001|pal_002|pal_003|pal_004|pal_005,青铜90/白银10/黄金0/钻石2
ysbzs-local,6,6,1,enc_d06_evening_fixed,第六天晚上精英固定战,下午,3,wave_d06_afternoon,pal_005,火绒狐,火,青铜,255.4,pal_001|pal_002|pal_003|pal_004|pal_005,青铜90/白银10/黄金0/钻石2
ysbzs-local,6,6,1,enc_d06_evening_fixed,第六天晚上精英固定战,下午,3,wave_d06_afternoon,pal_002,捣蛋猫,风,青铜,255.4,pal_001|pal_002|pal_003|pal_004|pal_005,青铜90/白银10/黄金0/钻石2
ysbzs-local,6,6,1,enc_d06_evening_fixed,第六天晚上精英固定战,下午,3,wave_d06_afternoon,pal_001,棉悠悠,风,青铜,255.4,pal_001|pal_002|pal_003|pal_004|pal_005,青铜90/白银10/黄金0/钻石2
ysbzs-local,6,6,1,enc_d06_evening_fixed,第六天晚上精英固定战,下午,3,wave_d06_afternoon,pal_003,皮皮鸡,风,白银,255.4,pal_001|pal_002|pal_003|pal_004|pal_005,青铜90/白银10/黄金0/钻石2
ysbzs-local,6,6,1,enc_d06_evening_fixed,第六天晚上精英固定战,下午,3,wave_d06_afternoon,pal_005,火绒狐,火,青铜,255.4,pal_001|pal_002|pal_003|pal_004|pal_005,青铜90/白银10/黄金0/钻石2
ysbzs-local,6,6,1,enc_d06_evening_fixed,第六天晚上精英固定战,下午,3,wave_d06_afternoon,pal_002,捣蛋猫,风,青铜,255.4,pal_001|pal_002|pal_003|pal_004|pal_005,青铜90/白银10/黄金0/钻石2
ysbzs-local,6,6,1,enc_d06_evening_fixed,第六天晚上精英固定战,下午,4,wave_d06_afternoon,pal_004,翠叶鼠,风,青铜,323.3,pal_001|pal_002|pal_003|pal_004|pal_005,青铜90/白银10/黄金0/钻石3
ysbzs-local,6,6,1,enc_d06_evening_fixed,第六天晚上精英固定战,下午,4,wave_d06_afternoon,pal_001,棉悠悠,风,青铜,323.3,pal_001|pal_002|pal_003|pal_004|pal_005,青铜90/白银10/黄金0/钻石3
ysbzs-local,6,6,1,enc_d06_evening_fixed,第六天晚上精英固定战,下午,4,wave_d06_afternoon,pal_003,皮皮鸡,风,青铜,323.3,pal_001|pal_002|pal_003|pal_004|pal_005,青铜90/白银10/黄金0/钻石3
ysbzs-local,6,6,1,enc_d06_evening_fixed,第六天晚上精英固定战,下午,4,wave_d06_afternoon,pal_002,捣蛋猫,风,青铜,323.3,pal_001|pal_002|pal_003|pal_004|pal_005,青铜90/白银10/黄金0/钻石3
ysbzs-local,6,6,1,enc_d06_evening_fixed,第六天晚上精英固定战,下午,4,wave_d06_afternoon,pal_005,火绒狐,火,青铜,323.3,pal_001|pal_002|pal_003|pal_004|pal_005,青铜90/白银10/黄金0/钻石3
ysbzs-local,6,6,1,enc_d06_evening_fixed,第六天晚上精英固定战,下午,4,wave_d06_afternoon,pal_004,翠叶鼠,风,青铜,323.3,pal_001|pal_002|pal_003|pal_004|pal_005,青铜90/白银10/黄金0/钻石3
ysbzs-local,6,6,1,enc_d06_evening_fixed,第六天晚上精英固定战,下午,4,wave_d06_afternoon,pal_001,棉悠悠,风,青铜,323.3,pal_001|pal_002|pal_003|pal_004|pal_005,青铜90/白银10/黄金0/钻石3
ysbzs-local,6,6,1,enc_d06_evening_fixed,第六天晚上精英固定战,下午,4,wave_d06_afternoon,pal_003,皮皮鸡,风,青铜,323.3,pal_001|pal_002|pal_003|pal_004|pal_005,青铜90/白银10/黄金0/钻石3
ysbzs-local,6,6,1,enc_d06_evening_fixed,第六天晚上精英固定战,下午,4,wave_d06_afternoon,pal_002,捣蛋猫,风,青铜,323.3,pal_001|pal_002|pal_003|pal_004|pal_005,青铜90/白银10/黄金0/钻石3
ysbzs-local,6,6,1,enc_d06_evening_fixed,第六天晚上精英固定战,下午,4,wave_d06_afternoon,pal_005,火绒狐,火,青铜,323.3,pal_001|pal_002|pal_003|pal_004|pal_005,青铜90/白银10/黄金0/钻石3
ysbzs-local,6,6,1,enc_d06_evening_fixed,第六天晚上精英固定战,下午,5,wave_d06_afternoon,pal_002,捣蛋猫,风,青铜,392.8,pal_001|pal_002|pal_003|pal_004|pal_005,青铜90/白银10/黄金0/钻石4
ysbzs-local,6,6,1,enc_d06_evening_fixed,第六天晚上精英固定战,下午,5,wave_d06_afternoon,pal_001,棉悠悠,风,白银,392.8,pal_001|pal_002|pal_003|pal_004|pal_005,青铜90/白银10/黄金0/钻石4
ysbzs-local,6,6,1,enc_d06_evening_fixed,第六天晚上精英固定战,下午,5,wave_d06_afternoon,pal_003,皮皮鸡,风,青铜,392.8,pal_001|pal_002|pal_003|pal_004|pal_005,青铜90/白银10/黄金0/钻石4
ysbzs-local,6,6,1,enc_d06_evening_fixed,第六天晚上精英固定战,下午,5,wave_d06_afternoon,pal_004,翠叶鼠,风,青铜,392.8,pal_001|pal_002|pal_003|pal_004|pal_005,青铜90/白银10/黄金0/钻石4
ysbzs-local,6,6,1,enc_d06_evening_fixed,第六天晚上精英固定战,下午,5,wave_d06_afternoon,pal_005,火绒狐,火,青铜,392.8,pal_001|pal_002|pal_003|pal_004|pal_005,青铜90/白银10/黄金0/钻石4
ysbzs-local,6,6,1,enc_d06_evening_fixed,第六天晚上精英固定战,下午,5,wave_d06_afternoon,pal_005,火绒狐,火,青铜,392.8,pal_001|pal_002|pal_003|pal_004|pal_005,青铜90/白银10/黄金0/钻石4
ysbzs-local,7,3,1,enc_d07_midday_a,第七天精英遭遇A,上午,1,wave_d07_morning,pal_003,皮皮鸡,风,青铜,124.3,pal_001|pal_002|pal_003|pal_004|pal_005,青铜90/白银10/黄金0/钻石0
ysbzs-local,7,3,1,enc_d07_midday_a,第七天精英遭遇A,上午,1,wave_d07_morning,pal_005,火绒狐,火,青铜,124.3,pal_001|pal_002|pal_003|pal_004|pal_005,青铜90/白银10/黄金0/钻石0
ysbzs-local,7,3,1,enc_d07_midday_a,第七天精英遭遇A,上午,2,wave_d07_morning,pal_003,皮皮鸡,风,青铜,189,pal_001|pal_002|pal_003|pal_004|pal_005,青铜90/白银10/黄金0/钻石1
ysbzs-local,7,3,1,enc_d07_midday_a,第七天精英遭遇A,上午,2,wave_d07_morning,pal_001,棉悠悠,风,青铜,189,pal_001|pal_002|pal_003|pal_004|pal_005,青铜90/白银10/黄金0/钻石1
ysbzs-local,7,3,1,enc_d07_midday_a,第七天精英遭遇A,上午,2,wave_d07_morning,pal_005,火绒狐,火,青铜,189,pal_001|pal_002|pal_003|pal_004|pal_005,青铜90/白银10/黄金0/钻石1
ysbzs-local,7,3,1,enc_d07_midday_a,第七天精英遭遇A,上午,3,wave_d07_morning,pal_004,翠叶鼠,风,青铜,255.4,pal_001|pal_002|pal_003|pal_004|pal_005,青铜90/白银10/黄金0/钻石2
ysbzs-local,7,3,1,enc_d07_midday_a,第七天精英遭遇A,上午,3,wave_d07_morning,pal_002,捣蛋猫,风,青铜,255.4,pal_001|pal_002|pal_003|pal_004|pal_005,青铜90/白银10/黄金0/钻石2
ysbzs-local,7,3,1,enc_d07_midday_a,第七天精英遭遇A,上午,3,wave_d07_morning,pal_005,火绒狐,火,青铜,255.4,pal_001|pal_002|pal_003|pal_004|pal_005,青铜90/白银10/黄金0/钻石2
ysbzs-local,7,3,1,enc_d07_midday_a,第七天精英遭遇A,上午,3,wave_d07_morning,pal_003,皮皮鸡,风,青铜,255.4,pal_001|pal_002|pal_003|pal_004|pal_005,青铜90/白银10/黄金0/钻石2
ysbzs-local,7,3,1,enc_d07_midday_a,第七天精英遭遇A,上午,4,wave_d07_morning,pal_005,火绒狐,火,青铜,323.3,pal_001|pal_002|pal_003|pal_004|pal_005,青铜90/白银10/黄金0/钻石3
ysbzs-local,7,3,1,enc_d07_midday_a,第七天精英遭遇A,上午,4,wave_d07_morning,pal_004,翠叶鼠,风,青铜,323.3,pal_001|pal_002|pal_003|pal_004|pal_005,青铜90/白银10/黄金0/钻石3
ysbzs-local,7,3,1,enc_d07_midday_a,第七天精英遭遇A,上午,4,wave_d07_morning,pal_002,捣蛋猫,风,青铜,323.3,pal_001|pal_002|pal_003|pal_004|pal_005,青铜90/白银10/黄金0/钻石3
ysbzs-local,7,3,1,enc_d07_midday_a,第七天精英遭遇A,上午,4,wave_d07_morning,pal_001,棉悠悠,风,青铜,323.3,pal_001|pal_002|pal_003|pal_004|pal_005,青铜90/白银10/黄金0/钻石3
ysbzs-local,7,3,1,enc_d07_midday_a,第七天精英遭遇A,上午,4,wave_d07_morning,pal_003,皮皮鸡,风,青铜,323.3,pal_001|pal_002|pal_003|pal_004|pal_005,青铜90/白银10/黄金0/钻石3
ysbzs-local,7,3,1,enc_d07_midday_a,第七天精英遭遇A,上午,4,wave_d07_morning,pal_005,火绒狐,火,青铜,323.3,pal_001|pal_002|pal_003|pal_004|pal_005,青铜90/白银10/黄金0/钻石3
ysbzs-local,7,3,1,enc_d07_midday_a,第七天精英遭遇A,上午,4,wave_d07_morning,pal_004,翠叶鼠,风,青铜,323.3,pal_001|pal_002|pal_003|pal_004|pal_005,青铜90/白银10/黄金0/钻石3
ysbzs-local,7,3,1,enc_d07_midday_a,第七天精英遭遇A,上午,4,wave_d07_morning,pal_002,捣蛋猫,风,青铜,323.3,pal_001|pal_002|pal_003|pal_004|pal_005,青铜90/白银10/黄金0/钻石3
ysbzs-local,7,3,1,enc_d07_midday_a,第七天精英遭遇A,上午,4,wave_d07_morning,pal_001,棉悠悠,风,青铜,323.3,pal_001|pal_002|pal_003|pal_004|pal_005,青铜90/白银10/黄金0/钻石3
ysbzs-local,7,3,1,enc_d07_midday_a,第七天精英遭遇A,上午,4,wave_d07_morning,pal_003,皮皮鸡,风,青铜,323.3,pal_001|pal_002|pal_003|pal_004|pal_005,青铜90/白银10/黄金0/钻石3
ysbzs-local,7,3,1,enc_d07_midday_a,第七天精英遭遇A,上午,5,wave_d07_morning,pal_005,火绒狐,火,青铜,392.8,pal_001|pal_002|pal_003|pal_004|pal_005,青铜90/白银10/黄金0/钻石4
ysbzs-local,7,3,1,enc_d07_midday_a,第七天精英遭遇A,上午,5,wave_d07_morning,pal_002,捣蛋猫,风,青铜,392.8,pal_001|pal_002|pal_003|pal_004|pal_005,青铜90/白银10/黄金0/钻石4
ysbzs-local,7,3,1,enc_d07_midday_a,第七天精英遭遇A,上午,5,wave_d07_morning,pal_003,皮皮鸡,风,青铜,392.8,pal_001|pal_002|pal_003|pal_004|pal_005,青铜90/白银10/黄金0/钻石4
ysbzs-local,7,3,1,enc_d07_midday_a,第七天精英遭遇A,上午,5,wave_d07_morning,pal_001,棉悠悠,风,青铜,392.8,pal_001|pal_002|pal_003|pal_004|pal_005,青铜90/白银10/黄金0/钻石4
ysbzs-local,7,3,1,enc_d07_midday_a,第七天精英遭遇A,上午,5,wave_d07_morning,pal_004,翠叶鼠,风,青铜,392.8,pal_001|pal_002|pal_003|pal_004|pal_005,青铜90/白银10/黄金0/钻石4
ysbzs-local,7,3,1,enc_d07_midday_a,第七天精英遭遇A,上午,5,wave_d07_morning,pal_002,捣蛋猫,风,青铜,392.8,pal_001|pal_002|pal_003|pal_004|pal_005,青铜90/白银10/黄金0/钻石4
ysbzs-local,7,6,1,enc_d07_evening_fixed,第七天晚上精英固定战,下午,1,wave_d07_afternoon,pal_005,火绒狐,火,白银,124.3,pal_001|pal_002|pal_003|pal_004|pal_005,青铜90/白银10/黄金0/钻石0
ysbzs-local,7,6,1,enc_d07_evening_fixed,第七天晚上精英固定战,下午,1,wave_d07_afternoon,pal_004,翠叶鼠,风,青铜,124.3,pal_001|pal_002|pal_003|pal_004|pal_005,青铜90/白银10/黄金0/钻石0
ysbzs-local,7,6,1,enc_d07_evening_fixed,第七天晚上精英固定战,下午,2,wave_d07_afternoon,pal_001,棉悠悠,风,青铜,189,pal_001|pal_002|pal_003|pal_004|pal_005,青铜90/白银10/黄金0/钻石1
ysbzs-local,7,6,1,enc_d07_evening_fixed,第七天晚上精英固定战,下午,2,wave_d07_afternoon,pal_005,火绒狐,火,青铜,189,pal_001|pal_002|pal_003|pal_004|pal_005,青铜90/白银10/黄金0/钻石1
ysbzs-local,7,6,1,enc_d07_evening_fixed,第七天晚上精英固定战,下午,2,wave_d07_afternoon,pal_002,捣蛋猫,风,青铜,189,pal_001|pal_002|pal_003|pal_004|pal_005,青铜90/白银10/黄金0/钻石1
ysbzs-local,7,6,1,enc_d07_evening_fixed,第七天晚上精英固定战,下午,2,wave_d07_afternoon,pal_001,棉悠悠,风,青铜,189,pal_001|pal_002|pal_003|pal_004|pal_005,青铜90/白银10/黄金0/钻石1
ysbzs-local,7,6,1,enc_d07_evening_fixed,第七天晚上精英固定战,下午,2,wave_d07_afternoon,pal_005,火绒狐,火,青铜,189,pal_001|pal_002|pal_003|pal_004|pal_005,青铜90/白银10/黄金0/钻石1
ysbzs-local,7,6,1,enc_d07_evening_fixed,第七天晚上精英固定战,下午,2,wave_d07_afternoon,pal_002,捣蛋猫,风,青铜,189,pal_001|pal_002|pal_003|pal_004|pal_005,青铜90/白银10/黄金0/钻石1
ysbzs-local,7,6,1,enc_d07_evening_fixed,第七天晚上精英固定战,下午,3,wave_d07_afternoon,pal_004,翠叶鼠,风,青铜,255.4,pal_001|pal_002|pal_003|pal_004|pal_005,青铜90/白银10/黄金0/钻石2
ysbzs-local,7,6,1,enc_d07_evening_fixed,第七天晚上精英固定战,下午,3,wave_d07_afternoon,pal_001,棉悠悠,风,青铜,255.4,pal_001|pal_002|pal_003|pal_004|pal_005,青铜90/白银10/黄金0/钻石2
ysbzs-local,7,6,1,enc_d07_evening_fixed,第七天晚上精英固定战,下午,3,wave_d07_afternoon,pal_003,皮皮鸡,风,青铜,255.4,pal_001|pal_002|pal_003|pal_004|pal_005,青铜90/白银10/黄金0/钻石2
ysbzs-local,7,6,1,enc_d07_evening_fixed,第七天晚上精英固定战,下午,3,wave_d07_afternoon,pal_002,捣蛋猫,风,青铜,255.4,pal_001|pal_002|pal_003|pal_004|pal_005,青铜90/白银10/黄金0/钻石2
ysbzs-local,7,6,1,enc_d07_evening_fixed,第七天晚上精英固定战,下午,3,wave_d07_afternoon,pal_004,翠叶鼠,风,青铜,255.4,pal_001|pal_002|pal_003|pal_004|pal_005,青铜90/白银10/黄金0/钻石2
ysbzs-local,7,6,1,enc_d07_evening_fixed,第七天晚上精英固定战,下午,3,wave_d07_afternoon,pal_001,棉悠悠,风,青铜,255.4,pal_001|pal_002|pal_003|pal_004|pal_005,青铜90/白银10/黄金0/钻石2
ysbzs-local,7,6,1,enc_d07_evening_fixed,第七天晚上精英固定战,下午,3,wave_d07_afternoon,pal_003,皮皮鸡,风,青铜,255.4,pal_001|pal_002|pal_003|pal_004|pal_005,青铜90/白银10/黄金0/钻石2
ysbzs-local,7,6,1,enc_d07_evening_fixed,第七天晚上精英固定战,下午,3,wave_d07_afternoon,pal_002,捣蛋猫,风,青铜,255.4,pal_001|pal_002|pal_003|pal_004|pal_005,青铜90/白银10/黄金0/钻石2
ysbzs-local,7,6,1,enc_d07_evening_fixed,第七天晚上精英固定战,下午,4,wave_d07_afternoon,pal_004,翠叶鼠,风,青铜,323.3,pal_001|pal_002|pal_003|pal_004|pal_005,青铜90/白银10/黄金0/钻石3
ysbzs-local,7,6,1,enc_d07_evening_fixed,第七天晚上精英固定战,下午,4,wave_d07_afternoon,pal_005,火绒狐,火,青铜,323.3,pal_001|pal_002|pal_003|pal_004|pal_005,青铜90/白银10/黄金0/钻石3
ysbzs-local,7,6,1,enc_d07_evening_fixed,第七天晚上精英固定战,下午,4,wave_d07_afternoon,pal_002,捣蛋猫,风,青铜,323.3,pal_001|pal_002|pal_003|pal_004|pal_005,青铜90/白银10/黄金0/钻石3
ysbzs-local,7,6,1,enc_d07_evening_fixed,第七天晚上精英固定战,下午,4,wave_d07_afternoon,pal_001,棉悠悠,风,青铜,323.3,pal_001|pal_002|pal_003|pal_004|pal_005,青铜90/白银10/黄金0/钻石3
ysbzs-local,7,6,1,enc_d07_evening_fixed,第七天晚上精英固定战,下午,4,wave_d07_afternoon,pal_003,皮皮鸡,风,青铜,323.3,pal_001|pal_002|pal_003|pal_004|pal_005,青铜90/白银10/黄金0/钻石3
ysbzs-local,7,6,1,enc_d07_evening_fixed,第七天晚上精英固定战,下午,4,wave_d07_afternoon,pal_004,翠叶鼠,风,青铜,323.3,pal_001|pal_002|pal_003|pal_004|pal_005,青铜90/白银10/黄金0/钻石3
ysbzs-local,7,6,1,enc_d07_evening_fixed,第七天晚上精英固定战,下午,4,wave_d07_afternoon,pal_005,火绒狐,火,青铜,323.3,pal_001|pal_002|pal_003|pal_004|pal_005,青铜90/白银10/黄金0/钻石3
ysbzs-local,7,6,1,enc_d07_evening_fixed,第七天晚上精英固定战,下午,4,wave_d07_afternoon,pal_002,捣蛋猫,风,青铜,323.3,pal_001|pal_002|pal_003|pal_004|pal_005,青铜90/白银10/黄金0/钻石3
ysbzs-local,7,6,1,enc_d07_evening_fixed,第七天晚上精英固定战,下午,4,wave_d07_afternoon,pal_001,棉悠悠,风,青铜,323.3,pal_001|pal_002|pal_003|pal_004|pal_005,青铜90/白银10/黄金0/钻石3
ysbzs-local,7,6,1,enc_d07_evening_fixed,第七天晚上精英固定战,下午,4,wave_d07_afternoon,pal_003,皮皮鸡,风,青铜,323.3,pal_001|pal_002|pal_003|pal_004|pal_005,青铜90/白银10/黄金0/钻石3
ysbzs-local,7,6,1,enc_d07_evening_fixed,第七天晚上精英固定战,下午,5,wave_d07_afternoon,pal_001,棉悠悠,风,青铜,392.8,pal_001|pal_002|pal_003|pal_004|pal_005,青铜90/白银10/黄金0/钻石4
ysbzs-local,7,6,1,enc_d07_evening_fixed,第七天晚上精英固定战,下午,5,wave_d07_afternoon,pal_004,翠叶鼠,风,青铜,392.8,pal_001|pal_002|pal_003|pal_004|pal_005,青铜90/白银10/黄金0/钻石4
ysbzs-local,7,6,1,enc_d07_evening_fixed,第七天晚上精英固定战,下午,5,wave_d07_afternoon,pal_005,火绒狐,火,青铜,392.8,pal_001|pal_002|pal_003|pal_004|pal_005,青铜90/白银10/黄金0/钻石4
ysbzs-local,7,6,1,enc_d07_evening_fixed,第七天晚上精英固定战,下午,5,wave_d07_afternoon,pal_003,皮皮鸡,风,青铜,392.8,pal_001|pal_002|pal_003|pal_004|pal_005,青铜90/白银10/黄金0/钻石4
ysbzs-local,7,6,1,enc_d07_evening_fixed,第七天晚上精英固定战,下午,5,wave_d07_afternoon,pal_002,捣蛋猫,风,钻石,392.8,pal_001|pal_002|pal_003|pal_004|pal_005,青铜90/白银10/黄金0/钻石4
ysbzs-local,7,6,1,enc_d07_evening_fixed,第七天晚上精英固定战,下午,5,wave_d07_afternoon,pal_005,火绒狐,火,青铜,392.8,pal_001|pal_002|pal_003|pal_004|pal_005,青铜90/白银10/黄金0/钻石4
ysbzs-local,8,3,1,enc_d08_midday_a,第八天精英遭遇A,上午,1,wave_d08_morning,pal_003,皮皮鸡,风,青铜,124.3,pal_001|pal_002|pal_003|pal_004|pal_005,青铜90/白银10/黄金0/钻石0
ysbzs-local,8,3,1,enc_d08_midday_a,第八天精英遭遇A,上午,1,wave_d08_morning,pal_002,捣蛋猫,风,青铜,124.3,pal_001|pal_002|pal_003|pal_004|pal_005,青铜90/白银10/黄金0/钻石0
ysbzs-local,8,3,1,enc_d08_midday_a,第八天精英遭遇A,上午,2,wave_d08_morning,pal_002,捣蛋猫,风,青铜,189,pal_001|pal_002|pal_003|pal_004|pal_005,青铜90/白银10/黄金0/钻石1
ysbzs-local,8,3,1,enc_d08_midday_a,第八天精英遭遇A,上午,2,wave_d08_morning,pal_003,皮皮鸡,风,青铜,189,pal_001|pal_002|pal_003|pal_004|pal_005,青铜90/白银10/黄金0/钻石1
ysbzs-local,8,3,1,enc_d08_midday_a,第八天精英遭遇A,上午,2,wave_d08_morning,pal_001,棉悠悠,风,青铜,189,pal_001|pal_002|pal_003|pal_004|pal_005,青铜90/白银10/黄金0/钻石1
ysbzs-local,8,3,1,enc_d08_midday_a,第八天精英遭遇A,上午,2,wave_d08_morning,pal_002,捣蛋猫,风,青铜,189,pal_001|pal_002|pal_003|pal_004|pal_005,青铜90/白银10/黄金0/钻石1
ysbzs-local,8,3,1,enc_d08_midday_a,第八天精英遭遇A,上午,2,wave_d08_morning,pal_003,皮皮鸡,风,青铜,189,pal_001|pal_002|pal_003|pal_004|pal_005,青铜90/白银10/黄金0/钻石1
ysbzs-local,8,3,1,enc_d08_midday_a,第八天精英遭遇A,上午,2,wave_d08_morning,pal_001,棉悠悠,风,青铜,189,pal_001|pal_002|pal_003|pal_004|pal_005,青铜90/白银10/黄金0/钻石1
ysbzs-local,8,3,1,enc_d08_midday_a,第八天精英遭遇A,上午,3,wave_d08_morning,pal_005,火绒狐,火,青铜,255.4,pal_001|pal_002|pal_003|pal_004|pal_005,青铜90/白银10/黄金0/钻石2
ysbzs-local,8,3,1,enc_d08_midday_a,第八天精英遭遇A,上午,3,wave_d08_morning,pal_003,皮皮鸡,风,青铜,255.4,pal_001|pal_002|pal_003|pal_004|pal_005,青铜90/白银10/黄金0/钻石2
ysbzs-local,8,3,1,enc_d08_midday_a,第八天精英遭遇A,上午,3,wave_d08_morning,pal_002,捣蛋猫,风,白银,255.4,pal_001|pal_002|pal_003|pal_004|pal_005,青铜90/白银10/黄金0/钻石2
ysbzs-local,8,3,1,enc_d08_midday_a,第八天精英遭遇A,上午,3,wave_d08_morning,pal_004,翠叶鼠,风,青铜,255.4,pal_001|pal_002|pal_003|pal_004|pal_005,青铜90/白银10/黄金0/钻石2
ysbzs-local,8,3,1,enc_d08_midday_a,第八天精英遭遇A,上午,3,wave_d08_morning,pal_005,火绒狐,火,青铜,255.4,pal_001|pal_002|pal_003|pal_004|pal_005,青铜90/白银10/黄金0/钻石2
ysbzs-local,8,3,1,enc_d08_midday_a,第八天精英遭遇A,上午,3,wave_d08_morning,pal_003,皮皮鸡,风,青铜,255.4,pal_001|pal_002|pal_003|pal_004|pal_005,青铜90/白银10/黄金0/钻石2
ysbzs-local,8,3,1,enc_d08_midday_a,第八天精英遭遇A,上午,3,wave_d08_morning,pal_002,捣蛋猫,风,白银,255.4,pal_001|pal_002|pal_003|pal_004|pal_005,青铜90/白银10/黄金0/钻石2
ysbzs-local,8,3,1,enc_d08_midday_a,第八天精英遭遇A,上午,3,wave_d08_morning,pal_004,翠叶鼠,风,青铜,255.4,pal_001|pal_002|pal_003|pal_004|pal_005,青铜90/白银10/黄金0/钻石2
ysbzs-local,8,3,1,enc_d08_midday_a,第八天精英遭遇A,上午,4,wave_d08_morning,pal_005,火绒狐,火,青铜,323.3,pal_001|pal_002|pal_003|pal_004|pal_005,青铜90/白银10/黄金0/钻石3
ysbzs-local,8,3,1,enc_d08_midday_a,第八天精英遭遇A,上午,4,wave_d08_morning,pal_003,皮皮鸡,风,青铜,323.3,pal_001|pal_002|pal_003|pal_004|pal_005,青铜90/白银10/黄金0/钻石3
ysbzs-local,8,3,1,enc_d08_midday_a,第八天精英遭遇A,上午,4,wave_d08_morning,pal_001,棉悠悠,风,青铜,323.3,pal_001|pal_002|pal_003|pal_004|pal_005,青铜90/白银10/黄金0/钻石3
ysbzs-local,8,3,1,enc_d08_midday_a,第八天精英遭遇A,上午,4,wave_d08_morning,pal_002,捣蛋猫,风,青铜,323.3,pal_001|pal_002|pal_003|pal_004|pal_005,青铜90/白银10/黄金0/钻石3
ysbzs-local,8,3,1,enc_d08_midday_a,第八天精英遭遇A,上午,4,wave_d08_morning,pal_004,翠叶鼠,风,青铜,323.3,pal_001|pal_002|pal_003|pal_004|pal_005,青铜90/白银10/黄金0/钻石3
ysbzs-local,8,3,1,enc_d08_midday_a,第八天精英遭遇A,上午,4,wave_d08_morning,pal_005,火绒狐,火,青铜,323.3,pal_001|pal_002|pal_003|pal_004|pal_005,青铜90/白银10/黄金0/钻石3
ysbzs-local,8,3,1,enc_d08_midday_a,第八天精英遭遇A,上午,4,wave_d08_morning,pal_003,皮皮鸡,风,青铜,323.3,pal_001|pal_002|pal_003|pal_004|pal_005,青铜90/白银10/黄金0/钻石3
ysbzs-local,8,3,1,enc_d08_midday_a,第八天精英遭遇A,上午,4,wave_d08_morning,pal_001,棉悠悠,风,青铜,323.3,pal_001|pal_002|pal_003|pal_004|pal_005,青铜90/白银10/黄金0/钻石3
ysbzs-local,8,3,1,enc_d08_midday_a,第八天精英遭遇A,上午,4,wave_d08_morning,pal_002,捣蛋猫,风,青铜,323.3,pal_001|pal_002|pal_003|pal_004|pal_005,青铜90/白银10/黄金0/钻石3
ysbzs-local,8,3,1,enc_d08_midday_a,第八天精英遭遇A,上午,4,wave_d08_morning,pal_004,翠叶鼠,风,青铜,323.3,pal_001|pal_002|pal_003|pal_004|pal_005,青铜90/白银10/黄金0/钻石3
ysbzs-local,8,3,1,enc_d08_midday_a,第八天精英遭遇A,上午,5,wave_d08_morning,pal_001,棉悠悠,风,青铜,392.8,pal_001|pal_002|pal_003|pal_004|pal_005,青铜90/白银10/黄金0/钻石4
ysbzs-local,8,3,1,enc_d08_midday_a,第八天精英遭遇A,上午,5,wave_d08_morning,pal_003,皮皮鸡,风,青铜,392.8,pal_001|pal_002|pal_003|pal_004|pal_005,青铜90/白银10/黄金0/钻石4
ysbzs-local,8,3,1,enc_d08_midday_a,第八天精英遭遇A,上午,5,wave_d08_morning,pal_004,翠叶鼠,风,青铜,392.8,pal_001|pal_002|pal_003|pal_004|pal_005,青铜90/白银10/黄金0/钻石4
ysbzs-local,8,3,1,enc_d08_midday_a,第八天精英遭遇A,上午,5,wave_d08_morning,pal_005,火绒狐,火,青铜,392.8,pal_001|pal_002|pal_003|pal_004|pal_005,青铜90/白银10/黄金0/钻石4
ysbzs-local,8,3,1,enc_d08_midday_a,第八天精英遭遇A,上午,5,wave_d08_morning,pal_002,捣蛋猫,风,青铜,392.8,pal_001|pal_002|pal_003|pal_004|pal_005,青铜90/白银10/黄金0/钻石4
ysbzs-local,8,3,1,enc_d08_midday_a,第八天精英遭遇A,上午,5,wave_d08_morning,pal_003,皮皮鸡,风,青铜,392.8,pal_001|pal_002|pal_003|pal_004|pal_005,青铜90/白银10/黄金0/钻石4
ysbzs-local,8,6,1,enc_d08_evening_fixed,第八天晚上精英固定战,下午,1,wave_d08_afternoon,pal_005,火绒狐,火,青铜,124.3,pal_001|pal_002|pal_003|pal_004|pal_005,青铜90/白银10/黄金0/钻石0
ysbzs-local,8,6,1,enc_d08_evening_fixed,第八天晚上精英固定战,下午,1,wave_d08_afternoon,pal_004,翠叶鼠,风,青铜,124.3,pal_001|pal_002|pal_003|pal_004|pal_005,青铜90/白银10/黄金0/钻石0
ysbzs-local,8,6,1,enc_d08_evening_fixed,第八天晚上精英固定战,下午,2,wave_d08_afternoon,pal_005,火绒狐,火,青铜,189,pal_001|pal_002|pal_003|pal_004|pal_005,青铜90/白银10/黄金0/钻石1
ysbzs-local,8,6,1,enc_d08_evening_fixed,第八天晚上精英固定战,下午,2,wave_d08_afternoon,pal_002,捣蛋猫,风,青铜,189,pal_001|pal_002|pal_003|pal_004|pal_005,青铜90/白银10/黄金0/钻石1
ysbzs-local,8,6,1,enc_d08_evening_fixed,第八天晚上精英固定战,下午,2,wave_d08_afternoon,pal_004,翠叶鼠,风,青铜,189,pal_001|pal_002|pal_003|pal_004|pal_005,青铜90/白银10/黄金0/钻石1
ysbzs-local,8,6,1,enc_d08_evening_fixed,第八天晚上精英固定战,下午,2,wave_d08_afternoon,pal_005,火绒狐,火,青铜,189,pal_001|pal_002|pal_003|pal_004|pal_005,青铜90/白银10/黄金0/钻石1
ysbzs-local,8,6,1,enc_d08_evening_fixed,第八天晚上精英固定战,下午,2,wave_d08_afternoon,pal_002,捣蛋猫,风,青铜,189,pal_001|pal_002|pal_003|pal_004|pal_005,青铜90/白银10/黄金0/钻石1
ysbzs-local,8,6,1,enc_d08_evening_fixed,第八天晚上精英固定战,下午,2,wave_d08_afternoon,pal_004,翠叶鼠,风,青铜,189,pal_001|pal_002|pal_003|pal_004|pal_005,青铜90/白银10/黄金0/钻石1
ysbzs-local,8,6,1,enc_d08_evening_fixed,第八天晚上精英固定战,下午,3,wave_d08_afternoon,pal_002,捣蛋猫,风,青铜,255.4,pal_001|pal_002|pal_003|pal_004|pal_005,青铜90/白银10/黄金0/钻石2
ysbzs-local,8,6,1,enc_d08_evening_fixed,第八天晚上精英固定战,下午,3,wave_d08_afternoon,pal_003,皮皮鸡,风,青铜,255.4,pal_001|pal_002|pal_003|pal_004|pal_005,青铜90/白银10/黄金0/钻石2
ysbzs-local,8,6,1,enc_d08_evening_fixed,第八天晚上精英固定战,下午,3,wave_d08_afternoon,pal_001,棉悠悠,风,青铜,255.4,pal_001|pal_002|pal_003|pal_004|pal_005,青铜90/白银10/黄金0/钻石2
ysbzs-local,8,6,1,enc_d08_evening_fixed,第八天晚上精英固定战,下午,3,wave_d08_afternoon,pal_004,翠叶鼠,风,青铜,255.4,pal_001|pal_002|pal_003|pal_004|pal_005,青铜90/白银10/黄金0/钻石2
ysbzs-local,8,6,1,enc_d08_evening_fixed,第八天晚上精英固定战,下午,3,wave_d08_afternoon,pal_002,捣蛋猫,风,青铜,255.4,pal_001|pal_002|pal_003|pal_004|pal_005,青铜90/白银10/黄金0/钻石2
ysbzs-local,8,6,1,enc_d08_evening_fixed,第八天晚上精英固定战,下午,3,wave_d08_afternoon,pal_003,皮皮鸡,风,青铜,255.4,pal_001|pal_002|pal_003|pal_004|pal_005,青铜90/白银10/黄金0/钻石2
ysbzs-local,8,6,1,enc_d08_evening_fixed,第八天晚上精英固定战,下午,3,wave_d08_afternoon,pal_001,棉悠悠,风,青铜,255.4,pal_001|pal_002|pal_003|pal_004|pal_005,青铜90/白银10/黄金0/钻石2
ysbzs-local,8,6,1,enc_d08_evening_fixed,第八天晚上精英固定战,下午,3,wave_d08_afternoon,pal_004,翠叶鼠,风,青铜,255.4,pal_001|pal_002|pal_003|pal_004|pal_005,青铜90/白银10/黄金0/钻石2
ysbzs-local,8,6,1,enc_d08_evening_fixed,第八天晚上精英固定战,下午,4,wave_d08_afternoon,pal_002,捣蛋猫,风,白银,323.3,pal_001|pal_002|pal_003|pal_004|pal_005,青铜90/白银10/黄金0/钻石3
ysbzs-local,8,6,1,enc_d08_evening_fixed,第八天晚上精英固定战,下午,4,wave_d08_afternoon,pal_003,皮皮鸡,风,青铜,323.3,pal_001|pal_002|pal_003|pal_004|pal_005,青铜90/白银10/黄金0/钻石3
ysbzs-local,8,6,1,enc_d08_evening_fixed,第八天晚上精英固定战,下午,4,wave_d08_afternoon,pal_005,火绒狐,火,青铜,323.3,pal_001|pal_002|pal_003|pal_004|pal_005,青铜90/白银10/黄金0/钻石3
ysbzs-local,8,6,1,enc_d08_evening_fixed,第八天晚上精英固定战,下午,4,wave_d08_afternoon,pal_001,棉悠悠,风,白银,323.3,pal_001|pal_002|pal_003|pal_004|pal_005,青铜90/白银10/黄金0/钻石3
ysbzs-local,8,6,1,enc_d08_evening_fixed,第八天晚上精英固定战,下午,4,wave_d08_afternoon,pal_004,翠叶鼠,风,青铜,323.3,pal_001|pal_002|pal_003|pal_004|pal_005,青铜90/白银10/黄金0/钻石3
ysbzs-local,8,6,1,enc_d08_evening_fixed,第八天晚上精英固定战,下午,4,wave_d08_afternoon,pal_002,捣蛋猫,风,白银,323.3,pal_001|pal_002|pal_003|pal_004|pal_005,青铜90/白银10/黄金0/钻石3
ysbzs-local,8,6,1,enc_d08_evening_fixed,第八天晚上精英固定战,下午,4,wave_d08_afternoon,pal_003,皮皮鸡,风,青铜,323.3,pal_001|pal_002|pal_003|pal_004|pal_005,青铜90/白银10/黄金0/钻石3
ysbzs-local,8,6,1,enc_d08_evening_fixed,第八天晚上精英固定战,下午,4,wave_d08_afternoon,pal_005,火绒狐,火,青铜,323.3,pal_001|pal_002|pal_003|pal_004|pal_005,青铜90/白银10/黄金0/钻石3
ysbzs-local,8,6,1,enc_d08_evening_fixed,第八天晚上精英固定战,下午,4,wave_d08_afternoon,pal_001,棉悠悠,风,白银,323.3,pal_001|pal_002|pal_003|pal_004|pal_005,青铜90/白银10/黄金0/钻石3
ysbzs-local,8,6,1,enc_d08_evening_fixed,第八天晚上精英固定战,下午,4,wave_d08_afternoon,pal_004,翠叶鼠,风,青铜,323.3,pal_001|pal_002|pal_003|pal_004|pal_005,青铜90/白银10/黄金0/钻石3
ysbzs-local,8,6,1,enc_d08_evening_fixed,第八天晚上精英固定战,下午,5,wave_d08_afternoon,pal_003,皮皮鸡,风,青铜,392.8,pal_001|pal_002|pal_003|pal_004|pal_005,青铜90/白银10/黄金0/钻石4
ysbzs-local,8,6,1,enc_d08_evening_fixed,第八天晚上精英固定战,下午,5,wave_d08_afternoon,pal_002,捣蛋猫,风,青铜,392.8,pal_001|pal_002|pal_003|pal_004|pal_005,青铜90/白银10/黄金0/钻石4
ysbzs-local,8,6,1,enc_d08_evening_fixed,第八天晚上精英固定战,下午,5,wave_d08_afternoon,pal_001,棉悠悠,风,青铜,392.8,pal_001|pal_002|pal_003|pal_004|pal_005,青铜90/白银10/黄金0/钻石4
ysbzs-local,8,6,1,enc_d08_evening_fixed,第八天晚上精英固定战,下午,5,wave_d08_afternoon,pal_005,火绒狐,火,青铜,392.8,pal_001|pal_002|pal_003|pal_004|pal_005,青铜90/白银10/黄金0/钻石4
ysbzs-local,8,6,1,enc_d08_evening_fixed,第八天晚上精英固定战,下午,5,wave_d08_afternoon,pal_004,翠叶鼠,风,青铜,392.8,pal_001|pal_002|pal_003|pal_004|pal_005,青铜90/白银10/黄金0/钻石4
ysbzs-local,8,6,1,enc_d08_evening_fixed,第八天晚上精英固定战,下午,5,wave_d08_afternoon,pal_005,火绒狐,火,青铜,392.8,pal_001|pal_002|pal_003|pal_004|pal_005,青铜90/白银10/黄金0/钻石4
ysbzs-local,9,3,1,enc_d09_midday_a,第九天Boss前遭遇A,上午,1,wave_d09_morning,pal_004,翠叶鼠,风,青铜,124.3,pal_001|pal_002|pal_003|pal_004|pal_005,青铜90/白银10/黄金0/钻石0
ysbzs-local,9,3,1,enc_d09_midday_a,第九天Boss前遭遇A,上午,1,wave_d09_morning,pal_002,捣蛋猫,风,青铜,124.3,pal_001|pal_002|pal_003|pal_004|pal_005,青铜90/白银10/黄金0/钻石0
ysbzs-local,9,3,1,enc_d09_midday_a,第九天Boss前遭遇A,上午,2,wave_d09_morning,pal_001,棉悠悠,风,青铜,189,pal_001|pal_002|pal_003|pal_004|pal_005,青铜90/白银10/黄金0/钻石1
ysbzs-local,9,3,1,enc_d09_midday_a,第九天Boss前遭遇A,上午,2,wave_d09_morning,pal_005,火绒狐,火,青铜,189,pal_001|pal_002|pal_003|pal_004|pal_005,青铜90/白银10/黄金0/钻石1
ysbzs-local,9,3,1,enc_d09_midday_a,第九天Boss前遭遇A,上午,2,wave_d09_morning,pal_002,捣蛋猫,风,白银,189,pal_001|pal_002|pal_003|pal_004|pal_005,青铜90/白银10/黄金0/钻石1
ysbzs-local,9,3,1,enc_d09_midday_a,第九天Boss前遭遇A,上午,2,wave_d09_morning,pal_001,棉悠悠,风,青铜,189,pal_001|pal_002|pal_003|pal_004|pal_005,青铜90/白银10/黄金0/钻石1
ysbzs-local,9,3,1,enc_d09_midday_a,第九天Boss前遭遇A,上午,2,wave_d09_morning,pal_005,火绒狐,火,青铜,189,pal_001|pal_002|pal_003|pal_004|pal_005,青铜90/白银10/黄金0/钻石1
ysbzs-local,9,3,1,enc_d09_midday_a,第九天Boss前遭遇A,上午,2,wave_d09_morning,pal_002,捣蛋猫,风,白银,189,pal_001|pal_002|pal_003|pal_004|pal_005,青铜90/白银10/黄金0/钻石1
ysbzs-local,9,3,1,enc_d09_midday_a,第九天Boss前遭遇A,上午,3,wave_d09_morning,pal_005,火绒狐,火,青铜,255.4,pal_001|pal_002|pal_003|pal_004|pal_005,青铜90/白银10/黄金0/钻石2
ysbzs-local,9,3,1,enc_d09_midday_a,第九天Boss前遭遇A,上午,3,wave_d09_morning,pal_001,棉悠悠,风,青铜,255.4,pal_001|pal_002|pal_003|pal_004|pal_005,青铜90/白银10/黄金0/钻石2
ysbzs-local,9,3,1,enc_d09_midday_a,第九天Boss前遭遇A,上午,3,wave_d09_morning,pal_002,捣蛋猫,风,青铜,255.4,pal_001|pal_002|pal_003|pal_004|pal_005,青铜90/白银10/黄金0/钻石2
ysbzs-local,9,3,1,enc_d09_midday_a,第九天Boss前遭遇A,上午,3,wave_d09_morning,pal_003,皮皮鸡,风,青铜,255.4,pal_001|pal_002|pal_003|pal_004|pal_005,青铜90/白银10/黄金0/钻石2
ysbzs-local,9,3,1,enc_d09_midday_a,第九天Boss前遭遇A,上午,3,wave_d09_morning,pal_005,火绒狐,火,青铜,255.4,pal_001|pal_002|pal_003|pal_004|pal_005,青铜90/白银10/黄金0/钻石2
ysbzs-local,9,3,1,enc_d09_midday_a,第九天Boss前遭遇A,上午,3,wave_d09_morning,pal_001,棉悠悠,风,青铜,255.4,pal_001|pal_002|pal_003|pal_004|pal_005,青铜90/白银10/黄金0/钻石2
ysbzs-local,9,3,1,enc_d09_midday_a,第九天Boss前遭遇A,上午,3,wave_d09_morning,pal_002,捣蛋猫,风,青铜,255.4,pal_001|pal_002|pal_003|pal_004|pal_005,青铜90/白银10/黄金0/钻石2
ysbzs-local,9,3,1,enc_d09_midday_a,第九天Boss前遭遇A,上午,3,wave_d09_morning,pal_003,皮皮鸡,风,青铜,255.4,pal_001|pal_002|pal_003|pal_004|pal_005,青铜90/白银10/黄金0/钻石2
ysbzs-local,9,3,1,enc_d09_midday_a,第九天Boss前遭遇A,上午,4,wave_d09_morning,pal_004,翠叶鼠,风,青铜,323.3,pal_001|pal_002|pal_003|pal_004|pal_005,青铜90/白银10/黄金0/钻石3
ysbzs-local,9,3,1,enc_d09_midday_a,第九天Boss前遭遇A,上午,4,wave_d09_morning,pal_001,棉悠悠,风,青铜,323.3,pal_001|pal_002|pal_003|pal_004|pal_005,青铜90/白银10/黄金0/钻石3
ysbzs-local,9,3,1,enc_d09_midday_a,第九天Boss前遭遇A,上午,4,wave_d09_morning,pal_003,皮皮鸡,风,青铜,323.3,pal_001|pal_002|pal_003|pal_004|pal_005,青铜90/白银10/黄金0/钻石3
ysbzs-local,9,3,1,enc_d09_midday_a,第九天Boss前遭遇A,上午,4,wave_d09_morning,pal_002,捣蛋猫,风,青铜,323.3,pal_001|pal_002|pal_003|pal_004|pal_005,青铜90/白银10/黄金0/钻石3
ysbzs-local,9,3,1,enc_d09_midday_a,第九天Boss前遭遇A,上午,4,wave_d09_morning,pal_005,火绒狐,火,青铜,323.3,pal_001|pal_002|pal_003|pal_004|pal_005,青铜90/白银10/黄金0/钻石3
ysbzs-local,9,3,1,enc_d09_midday_a,第九天Boss前遭遇A,上午,4,wave_d09_morning,pal_004,翠叶鼠,风,青铜,323.3,pal_001|pal_002|pal_003|pal_004|pal_005,青铜90/白银10/黄金0/钻石3
ysbzs-local,9,3,1,enc_d09_midday_a,第九天Boss前遭遇A,上午,4,wave_d09_morning,pal_001,棉悠悠,风,青铜,323.3,pal_001|pal_002|pal_003|pal_004|pal_005,青铜90/白银10/黄金0/钻石3
ysbzs-local,9,3,1,enc_d09_midday_a,第九天Boss前遭遇A,上午,4,wave_d09_morning,pal_003,皮皮鸡,风,青铜,323.3,pal_001|pal_002|pal_003|pal_004|pal_005,青铜90/白银10/黄金0/钻石3
ysbzs-local,9,3,1,enc_d09_midday_a,第九天Boss前遭遇A,上午,4,wave_d09_morning,pal_002,捣蛋猫,风,青铜,323.3,pal_001|pal_002|pal_003|pal_004|pal_005,青铜90/白银10/黄金0/钻石3
ysbzs-local,9,3,1,enc_d09_midday_a,第九天Boss前遭遇A,上午,4,wave_d09_morning,pal_005,火绒狐,火,青铜,323.3,pal_001|pal_002|pal_003|pal_004|pal_005,青铜90/白银10/黄金0/钻石3
ysbzs-local,9,3,1,enc_d09_midday_a,第九天Boss前遭遇A,上午,5,wave_d09_morning,pal_002,捣蛋猫,风,青铜,392.8,pal_001|pal_002|pal_003|pal_004|pal_005,青铜90/白银10/黄金0/钻石4
ysbzs-local,9,3,1,enc_d09_midday_a,第九天Boss前遭遇A,上午,5,wave_d09_morning,pal_005,火绒狐,火,青铜,392.8,pal_001|pal_002|pal_003|pal_004|pal_005,青铜90/白银10/黄金0/钻石4
ysbzs-local,9,3,1,enc_d09_midday_a,第九天Boss前遭遇A,上午,5,wave_d09_morning,pal_001,棉悠悠,风,青铜,392.8,pal_001|pal_002|pal_003|pal_004|pal_005,青铜90/白银10/黄金0/钻石4
ysbzs-local,9,3,1,enc_d09_midday_a,第九天Boss前遭遇A,上午,5,wave_d09_morning,pal_004,翠叶鼠,风,青铜,392.8,pal_001|pal_002|pal_003|pal_004|pal_005,青铜90/白银10/黄金0/钻石4
ysbzs-local,9,3,1,enc_d09_midday_a,第九天Boss前遭遇A,上午,5,wave_d09_morning,pal_003,皮皮鸡,风,青铜,392.8,pal_001|pal_002|pal_003|pal_004|pal_005,青铜90/白银10/黄金0/钻石4
ysbzs-local,9,3,1,enc_d09_midday_a,第九天Boss前遭遇A,上午,5,wave_d09_morning,pal_002,捣蛋猫,风,青铜,392.8,pal_001|pal_002|pal_003|pal_004|pal_005,青铜90/白银10/黄金0/钻石4
ysbzs-local,9,6,1,enc_d09_evening_fixed,第九天晚上Boss前固定战,下午,1,wave_d09_afternoon,pal_001,棉悠悠,风,青铜,124.3,pal_001|pal_002|pal_003|pal_004|pal_005,青铜90/白银10/黄金0/钻石0
ysbzs-local,9,6,1,enc_d09_evening_fixed,第九天晚上Boss前固定战,下午,1,wave_d09_afternoon,pal_004,翠叶鼠,风,青铜,124.3,pal_001|pal_002|pal_003|pal_004|pal_005,青铜90/白银10/黄金0/钻石0
ysbzs-local,9,6,1,enc_d09_evening_fixed,第九天晚上Boss前固定战,下午,2,wave_d09_afternoon,pal_003,皮皮鸡,风,青铜,189,pal_001|pal_002|pal_003|pal_004|pal_005,青铜90/白银10/黄金0/钻石1
ysbzs-local,9,6,1,enc_d09_evening_fixed,第九天晚上Boss前固定战,下午,2,wave_d09_afternoon,pal_002,捣蛋猫,风,青铜,189,pal_001|pal_002|pal_003|pal_004|pal_005,青铜90/白银10/黄金0/钻石1
ysbzs-local,9,6,1,enc_d09_evening_fixed,第九天晚上Boss前固定战,下午,2,wave_d09_afternoon,pal_001,棉悠悠,风,青铜,189,pal_001|pal_002|pal_003|pal_004|pal_005,青铜90/白银10/黄金0/钻石1
ysbzs-local,9,6,1,enc_d09_evening_fixed,第九天晚上Boss前固定战,下午,2,wave_d09_afternoon,pal_003,皮皮鸡,风,青铜,189,pal_001|pal_002|pal_003|pal_004|pal_005,青铜90/白银10/黄金0/钻石1
ysbzs-local,9,6,1,enc_d09_evening_fixed,第九天晚上Boss前固定战,下午,2,wave_d09_afternoon,pal_002,捣蛋猫,风,青铜,189,pal_001|pal_002|pal_003|pal_004|pal_005,青铜90/白银10/黄金0/钻石1
ysbzs-local,9,6,1,enc_d09_evening_fixed,第九天晚上Boss前固定战,下午,2,wave_d09_afternoon,pal_001,棉悠悠,风,青铜,189,pal_001|pal_002|pal_003|pal_004|pal_005,青铜90/白银10/黄金0/钻石1
ysbzs-local,9,6,1,enc_d09_evening_fixed,第九天晚上Boss前固定战,下午,3,wave_d09_afternoon,pal_003,皮皮鸡,风,青铜,255.4,pal_001|pal_002|pal_003|pal_004|pal_005,青铜90/白银10/黄金0/钻石2
ysbzs-local,9,6,1,enc_d09_evening_fixed,第九天晚上Boss前固定战,下午,3,wave_d09_afternoon,pal_005,火绒狐,火,青铜,255.4,pal_001|pal_002|pal_003|pal_004|pal_005,青铜90/白银10/黄金0/钻石2
ysbzs-local,9,6,1,enc_d09_evening_fixed,第九天晚上Boss前固定战,下午,3,wave_d09_afternoon,pal_004,翠叶鼠,风,青铜,255.4,pal_001|pal_002|pal_003|pal_004|pal_005,青铜90/白银10/黄金0/钻石2
ysbzs-local,9,6,1,enc_d09_evening_fixed,第九天晚上Boss前固定战,下午,3,wave_d09_afternoon,pal_001,棉悠悠,风,青铜,255.4,pal_001|pal_002|pal_003|pal_004|pal_005,青铜90/白银10/黄金0/钻石2
ysbzs-local,9,6,1,enc_d09_evening_fixed,第九天晚上Boss前固定战,下午,4,wave_d09_afternoon,pal_002,捣蛋猫,风,青铜,323.3,pal_001|pal_002|pal_003|pal_004|pal_005,青铜90/白银10/黄金0/钻石3
ysbzs-local,9,6,1,enc_d09_evening_fixed,第九天晚上Boss前固定战,下午,4,wave_d09_afternoon,pal_005,火绒狐,火,青铜,323.3,pal_001|pal_002|pal_003|pal_004|pal_005,青铜90/白银10/黄金0/钻石3
ysbzs-local,9,6,1,enc_d09_evening_fixed,第九天晚上Boss前固定战,下午,4,wave_d09_afternoon,pal_003,皮皮鸡,风,青铜,323.3,pal_001|pal_002|pal_003|pal_004|pal_005,青铜90/白银10/黄金0/钻石3
ysbzs-local,9,6,1,enc_d09_evening_fixed,第九天晚上Boss前固定战,下午,4,wave_d09_afternoon,pal_004,翠叶鼠,风,青铜,323.3,pal_001|pal_002|pal_003|pal_004|pal_005,青铜90/白银10/黄金0/钻石3
ysbzs-local,9,6,1,enc_d09_evening_fixed,第九天晚上Boss前固定战,下午,4,wave_d09_afternoon,pal_001,棉悠悠,风,青铜,323.3,pal_001|pal_002|pal_003|pal_004|pal_005,青铜90/白银10/黄金0/钻石3
ysbzs-local,9,6,1,enc_d09_evening_fixed,第九天晚上Boss前固定战,下午,4,wave_d09_afternoon,pal_002,捣蛋猫,风,青铜,323.3,pal_001|pal_002|pal_003|pal_004|pal_005,青铜90/白银10/黄金0/钻石3
ysbzs-local,9,6,1,enc_d09_evening_fixed,第九天晚上Boss前固定战,下午,4,wave_d09_afternoon,pal_005,火绒狐,火,青铜,323.3,pal_001|pal_002|pal_003|pal_004|pal_005,青铜90/白银10/黄金0/钻石3
ysbzs-local,9,6,1,enc_d09_evening_fixed,第九天晚上Boss前固定战,下午,4,wave_d09_afternoon,pal_003,皮皮鸡,风,青铜,323.3,pal_001|pal_002|pal_003|pal_004|pal_005,青铜90/白银10/黄金0/钻石3
ysbzs-local,9,6,1,enc_d09_evening_fixed,第九天晚上Boss前固定战,下午,4,wave_d09_afternoon,pal_004,翠叶鼠,风,青铜,323.3,pal_001|pal_002|pal_003|pal_004|pal_005,青铜90/白银10/黄金0/钻石3
ysbzs-local,9,6,1,enc_d09_evening_fixed,第九天晚上Boss前固定战,下午,4,wave_d09_afternoon,pal_001,棉悠悠,风,青铜,323.3,pal_001|pal_002|pal_003|pal_004|pal_005,青铜90/白银10/黄金0/钻石3
ysbzs-local,9,6,1,enc_d09_evening_fixed,第九天晚上Boss前固定战,下午,5,wave_d09_afternoon,pal_003,皮皮鸡,风,青铜,392.8,pal_001|pal_002|pal_003|pal_004|pal_005,青铜90/白银10/黄金0/钻石4
ysbzs-local,9,6,1,enc_d09_evening_fixed,第九天晚上Boss前固定战,下午,5,wave_d09_afternoon,pal_001,棉悠悠,风,青铜,392.8,pal_001|pal_002|pal_003|pal_004|pal_005,青铜90/白银10/黄金0/钻石4
ysbzs-local,9,6,1,enc_d09_evening_fixed,第九天晚上Boss前固定战,下午,5,wave_d09_afternoon,pal_004,翠叶鼠,风,青铜,392.8,pal_001|pal_002|pal_003|pal_004|pal_005,青铜90/白银10/黄金0/钻石4
ysbzs-local,9,6,1,enc_d09_evening_fixed,第九天晚上Boss前固定战,下午,5,wave_d09_afternoon,pal_005,火绒狐,火,青铜,392.8,pal_001|pal_002|pal_003|pal_004|pal_005,青铜90/白银10/黄金0/钻石4
ysbzs-local,9,6,1,enc_d09_evening_fixed,第九天晚上Boss前固定战,下午,5,wave_d09_afternoon,pal_002,捣蛋猫,风,青铜,392.8,pal_001|pal_002|pal_003|pal_004|pal_005,青铜90/白银10/黄金0/钻石4
ysbzs-local,9,6,1,enc_d09_evening_fixed,第九天晚上Boss前固定战,下午,5,wave_d09_afternoon,pal_003,皮皮鸡,风,青铜,392.8,pal_001|pal_002|pal_003|pal_004|pal_005,青铜90/白银10/黄金0/钻石4
ysbzs-local,9,6,1,enc_d09_evening_fixed,第九天晚上Boss前固定战,下午,5,wave_d09_afternoon,pal_003,皮皮鸡,风,青铜,392.8,pal_001|pal_002|pal_003|pal_004|pal_005,青铜90/白银10/黄金0/钻石4
ysbzs-local,9,6,1,enc_d09_evening_fixed,第九天晚上Boss前固定战,下午,5,wave_d09_afternoon,pal_001,棉悠悠,风,青铜,392.8,pal_001|pal_002|pal_003|pal_004|pal_005,青铜90/白银10/黄金0/钻石4
ysbzs-local,9,6,1,enc_d09_evening_fixed,第九天晚上Boss前固定战,下午,5,wave_d09_afternoon,pal_004,翠叶鼠,风,青铜,392.8,pal_001|pal_002|pal_003|pal_004|pal_005,青铜90/白银10/黄金0/钻石4
ysbzs-local,9,6,1,enc_d09_evening_fixed,第九天晚上Boss前固定战,下午,5,wave_d09_afternoon,pal_005,火绒狐,火,青铜,392.8,pal_001|pal_002|pal_003|pal_004|pal_005,青铜90/白银10/黄金0/钻石4
ysbzs-local,9,6,1,enc_d09_evening_fixed,第九天晚上Boss前固定战,下午,5,wave_d09_afternoon,pal_002,捣蛋猫,风,青铜,392.8,pal_001|pal_002|pal_003|pal_004|pal_005,青铜90/白银10/黄金0/钻石4
ysbzs-local,9,6,1,enc_d09_evening_fixed,第九天晚上Boss前固定战,下午,5,wave_d09_afternoon,pal_003,皮皮鸡,风,青铜,392.8,pal_001|pal_002|pal_003|pal_004|pal_005,青铜90/白银10/黄金0/钻石4
ysbzs-local,10,3,1,enc_d10_midday_a,第十天Boss前遭遇A,上午,1,wave_d10_morning,pal_002,捣蛋猫,风,青铜,124.3,pal_001|pal_002|pal_003|pal_004|pal_005,青铜90/白银10/黄金0/钻石0
ysbzs-local,10,3,1,enc_d10_midday_a,第十天Boss前遭遇A,上午,1,wave_d10_morning,pal_001,棉悠悠,风,青铜,124.3,pal_001|pal_002|pal_003|pal_004|pal_005,青铜90/白银10/黄金0/钻石0
ysbzs-local,10,3,1,enc_d10_midday_a,第十天Boss前遭遇A,上午,2,wave_d10_morning,pal_002,捣蛋猫,风,青铜,189,pal_001|pal_002|pal_003|pal_004|pal_005,青铜90/白银10/黄金0/钻石1
ysbzs-local,10,3,1,enc_d10_midday_a,第十天Boss前遭遇A,上午,2,wave_d10_morning,pal_004,翠叶鼠,风,青铜,189,pal_001|pal_002|pal_003|pal_004|pal_005,青铜90/白银10/黄金0/钻石1
ysbzs-local,10,3,1,enc_d10_midday_a,第十天Boss前遭遇A,上午,2,wave_d10_morning,pal_001,棉悠悠,风,青铜,189,pal_001|pal_002|pal_003|pal_004|pal_005,青铜90/白银10/黄金0/钻石1
ysbzs-local,10,3,1,enc_d10_midday_a,第十天Boss前遭遇A,上午,2,wave_d10_morning,pal_002,捣蛋猫,风,青铜,189,pal_001|pal_002|pal_003|pal_004|pal_005,青铜90/白银10/黄金0/钻石1
ysbzs-local,10,3,1,enc_d10_midday_a,第十天Boss前遭遇A,上午,2,wave_d10_morning,pal_004,翠叶鼠,风,青铜,189,pal_001|pal_002|pal_003|pal_004|pal_005,青铜90/白银10/黄金0/钻石1
ysbzs-local,10,3,1,enc_d10_midday_a,第十天Boss前遭遇A,上午,2,wave_d10_morning,pal_001,棉悠悠,风,青铜,189,pal_001|pal_002|pal_003|pal_004|pal_005,青铜90/白银10/黄金0/钻石1
ysbzs-local,10,3,1,enc_d10_midday_a,第十天Boss前遭遇A,上午,3,wave_d10_morning,pal_004,翠叶鼠,风,青铜,255.4,pal_001|pal_002|pal_003|pal_004|pal_005,青铜90/白银10/黄金0/钻石2
ysbzs-local,10,3,1,enc_d10_midday_a,第十天Boss前遭遇A,上午,3,wave_d10_morning,pal_005,火绒狐,火,青铜,255.4,pal_001|pal_002|pal_003|pal_004|pal_005,青铜90/白银10/黄金0/钻石2
ysbzs-local,10,3,1,enc_d10_midday_a,第十天Boss前遭遇A,上午,3,wave_d10_morning,pal_001,棉悠悠,风,青铜,255.4,pal_001|pal_002|pal_003|pal_004|pal_005,青铜90/白银10/黄金0/钻石2
ysbzs-local,10,3,1,enc_d10_midday_a,第十天Boss前遭遇A,上午,3,wave_d10_morning,pal_003,皮皮鸡,风,青铜,255.4,pal_001|pal_002|pal_003|pal_004|pal_005,青铜90/白银10/黄金0/钻石2
ysbzs-local,10,3,1,enc_d10_midday_a,第十天Boss前遭遇A,上午,3,wave_d10_morning,pal_004,翠叶鼠,风,青铜,255.4,pal_001|pal_002|pal_003|pal_004|pal_005,青铜90/白银10/黄金0/钻石2
ysbzs-local,10,3,1,enc_d10_midday_a,第十天Boss前遭遇A,上午,3,wave_d10_morning,pal_005,火绒狐,火,青铜,255.4,pal_001|pal_002|pal_003|pal_004|pal_005,青铜90/白银10/黄金0/钻石2
ysbzs-local,10,3,1,enc_d10_midday_a,第十天Boss前遭遇A,上午,3,wave_d10_morning,pal_001,棉悠悠,风,青铜,255.4,pal_001|pal_002|pal_003|pal_004|pal_005,青铜90/白银10/黄金0/钻石2
ysbzs-local,10,3,1,enc_d10_midday_a,第十天Boss前遭遇A,上午,3,wave_d10_morning,pal_003,皮皮鸡,风,青铜,255.4,pal_001|pal_002|pal_003|pal_004|pal_005,青铜90/白银10/黄金0/钻石2
ysbzs-local,10,3,1,enc_d10_midday_a,第十天Boss前遭遇A,上午,4,wave_d10_morning,pal_003,皮皮鸡,风,青铜,323.3,pal_001|pal_002|pal_003|pal_004|pal_005,青铜90/白银10/黄金0/钻石3
ysbzs-local,10,3,1,enc_d10_midday_a,第十天Boss前遭遇A,上午,4,wave_d10_morning,pal_004,翠叶鼠,风,青铜,323.3,pal_001|pal_002|pal_003|pal_004|pal_005,青铜90/白银10/黄金0/钻石3
ysbzs-local,10,3,1,enc_d10_midday_a,第十天Boss前遭遇A,上午,4,wave_d10_morning,pal_005,火绒狐,火,青铜,323.3,pal_001|pal_002|pal_003|pal_004|pal_005,青铜90/白银10/黄金0/钻石3
ysbzs-local,10,3,1,enc_d10_midday_a,第十天Boss前遭遇A,上午,4,wave_d10_morning,pal_001,棉悠悠,风,青铜,323.3,pal_001|pal_002|pal_003|pal_004|pal_005,青铜90/白银10/黄金0/钻石3
ysbzs-local,10,3,1,enc_d10_midday_a,第十天Boss前遭遇A,上午,4,wave_d10_morning,pal_002,捣蛋猫,风,青铜,323.3,pal_001|pal_002|pal_003|pal_004|pal_005,青铜90/白银10/黄金0/钻石3
ysbzs-local,10,3,1,enc_d10_midday_a,第十天Boss前遭遇A,上午,4,wave_d10_morning,pal_003,皮皮鸡,风,青铜,323.3,pal_001|pal_002|pal_003|pal_004|pal_005,青铜90/白银10/黄金0/钻石3
ysbzs-local,10,3,1,enc_d10_midday_a,第十天Boss前遭遇A,上午,4,wave_d10_morning,pal_004,翠叶鼠,风,青铜,323.3,pal_001|pal_002|pal_003|pal_004|pal_005,青铜90/白银10/黄金0/钻石3
ysbzs-local,10,3,1,enc_d10_midday_a,第十天Boss前遭遇A,上午,4,wave_d10_morning,pal_005,火绒狐,火,青铜,323.3,pal_001|pal_002|pal_003|pal_004|pal_005,青铜90/白银10/黄金0/钻石3
ysbzs-local,10,3,1,enc_d10_midday_a,第十天Boss前遭遇A,上午,4,wave_d10_morning,pal_001,棉悠悠,风,青铜,323.3,pal_001|pal_002|pal_003|pal_004|pal_005,青铜90/白银10/黄金0/钻石3
ysbzs-local,10,3,1,enc_d10_midday_a,第十天Boss前遭遇A,上午,4,wave_d10_morning,pal_002,捣蛋猫,风,青铜,323.3,pal_001|pal_002|pal_003|pal_004|pal_005,青铜90/白银10/黄金0/钻石3
ysbzs-local,10,3,1,enc_d10_midday_a,第十天Boss前遭遇A,上午,5,wave_d10_morning,pal_005,火绒狐,火,青铜,392.8,pal_001|pal_002|pal_003|pal_004|pal_005,青铜90/白银10/黄金0/钻石4
ysbzs-local,10,3,1,enc_d10_midday_a,第十天Boss前遭遇A,上午,5,wave_d10_morning,pal_001,棉悠悠,风,白银,392.8,pal_001|pal_002|pal_003|pal_004|pal_005,青铜90/白银10/黄金0/钻石4
ysbzs-local,10,3,1,enc_d10_midday_a,第十天Boss前遭遇A,上午,5,wave_d10_morning,pal_002,捣蛋猫,风,青铜,392.8,pal_001|pal_002|pal_003|pal_004|pal_005,青铜90/白银10/黄金0/钻石4
ysbzs-local,10,3,1,enc_d10_midday_a,第十天Boss前遭遇A,上午,5,wave_d10_morning,pal_003,皮皮鸡,风,青铜,392.8,pal_001|pal_002|pal_003|pal_004|pal_005,青铜90/白银10/黄金0/钻石4
ysbzs-local,10,3,1,enc_d10_midday_a,第十天Boss前遭遇A,上午,5,wave_d10_morning,pal_004,翠叶鼠,风,白银,392.8,pal_001|pal_002|pal_003|pal_004|pal_005,青铜90/白银10/黄金0/钻石4
ysbzs-local,10,3,1,enc_d10_midday_a,第十天Boss前遭遇A,上午,5,wave_d10_morning,pal_001,棉悠悠,风,青铜,392.8,pal_001|pal_002|pal_003|pal_004|pal_005,青铜90/白银10/黄金0/钻石4
ysbzs-local,10,3,1,enc_d10_midday_a,第十天Boss前遭遇A,上午,5,wave_d10_morning,pal_005,火绒狐,火,青铜,392.8,pal_001|pal_002|pal_003|pal_004|pal_005,青铜90/白银10/黄金0/钻石4
ysbzs-local,10,3,1,enc_d10_midday_a,第十天Boss前遭遇A,上午,5,wave_d10_morning,pal_001,棉悠悠,风,白银,392.8,pal_001|pal_002|pal_003|pal_004|pal_005,青铜90/白银10/黄金0/钻石4
ysbzs-local,10,3,1,enc_d10_midday_a,第十天Boss前遭遇A,上午,5,wave_d10_morning,pal_002,捣蛋猫,风,青铜,392.8,pal_001|pal_002|pal_003|pal_004|pal_005,青铜90/白银10/黄金0/钻石4
ysbzs-local,10,3,1,enc_d10_midday_a,第十天Boss前遭遇A,上午,5,wave_d10_morning,pal_003,皮皮鸡,风,青铜,392.8,pal_001|pal_002|pal_003|pal_004|pal_005,青铜90/白银10/黄金0/钻石4
ysbzs-local,10,3,1,enc_d10_midday_a,第十天Boss前遭遇A,上午,5,wave_d10_morning,pal_004,翠叶鼠,风,白银,392.8,pal_001|pal_002|pal_003|pal_004|pal_005,青铜90/白银10/黄金0/钻石4
ysbzs-local,10,3,1,enc_d10_midday_a,第十天Boss前遭遇A,上午,5,wave_d10_morning,pal_001,棉悠悠,风,青铜,392.8,pal_001|pal_002|pal_003|pal_004|pal_005,青铜90/白银10/黄金0/钻石4
ysbzs-local,10,6,1,enc_d10_final_boss,第十天终局Boss,下午,1,wave_d10_afternoon,pal_003,皮皮鸡,风,青铜,124.3,pal_001|pal_002|pal_003|pal_004|pal_005,青铜90/白银10/黄金0/钻石0
ysbzs-local,10,6,1,enc_d10_final_boss,第十天终局Boss,下午,1,wave_d10_afternoon,pal_002,捣蛋猫,风,青铜,124.3,pal_001|pal_002|pal_003|pal_004|pal_005,青铜90/白银10/黄金0/钻石0
ysbzs-local,10,6,1,enc_d10_final_boss,第十天终局Boss,下午,2,wave_d10_afternoon,pal_002,捣蛋猫,风,青铜,189,pal_001|pal_002|pal_003|pal_004|pal_005,青铜90/白银10/黄金0/钻石1
ysbzs-local,10,6,1,enc_d10_final_boss,第十天终局Boss,下午,2,wave_d10_afternoon,pal_004,翠叶鼠,风,青铜,189,pal_001|pal_002|pal_003|pal_004|pal_005,青铜90/白银10/黄金0/钻石1
ysbzs-local,10,6,1,enc_d10_final_boss,第十天终局Boss,下午,2,wave_d10_afternoon,pal_001,棉悠悠,风,青铜,189,pal_001|pal_002|pal_003|pal_004|pal_005,青铜90/白银10/黄金0/钻石1
ysbzs-local,10,6,1,enc_d10_final_boss,第十天终局Boss,下午,2,wave_d10_afternoon,pal_002,捣蛋猫,风,青铜,189,pal_001|pal_002|pal_003|pal_004|pal_005,青铜90/白银10/黄金0/钻石1
ysbzs-local,10,6,1,enc_d10_final_boss,第十天终局Boss,下午,2,wave_d10_afternoon,pal_004,翠叶鼠,风,青铜,189,pal_001|pal_002|pal_003|pal_004|pal_005,青铜90/白银10/黄金0/钻石1
ysbzs-local,10,6,1,enc_d10_final_boss,第十天终局Boss,下午,2,wave_d10_afternoon,pal_001,棉悠悠,风,青铜,189,pal_001|pal_002|pal_003|pal_004|pal_005,青铜90/白银10/黄金0/钻石1
ysbzs-local,10,6,1,enc_d10_final_boss,第十天终局Boss,下午,2,wave_d10_afternoon,pal_002,捣蛋猫,风,青铜,189,pal_001|pal_002|pal_003|pal_004|pal_005,青铜90/白银10/黄金0/钻石1
ysbzs-local,10,6,1,enc_d10_final_boss,第十天终局Boss,下午,2,wave_d10_afternoon,pal_004,翠叶鼠,风,青铜,189,pal_001|pal_002|pal_003|pal_004|pal_005,青铜90/白银10/黄金0/钻石1
ysbzs-local,10,6,1,enc_d10_final_boss,第十天终局Boss,下午,2,wave_d10_afternoon,pal_001,棉悠悠,风,青铜,189,pal_001|pal_002|pal_003|pal_004|pal_005,青铜90/白银10/黄金0/钻石1
ysbzs-local,10,6,1,enc_d10_final_boss,第十天终局Boss,下午,3,wave_d10_afternoon,pal_001,棉悠悠,风,青铜,255.4,pal_001|pal_002|pal_003|pal_004|pal_005,青铜90/白银10/黄金0/钻石2
ysbzs-local,10,6,1,enc_d10_final_boss,第十天终局Boss,下午,3,wave_d10_afternoon,pal_004,翠叶鼠,风,青铜,255.4,pal_001|pal_002|pal_003|pal_004|pal_005,青铜90/白银10/黄金0/钻石2
ysbzs-local,10,6,1,enc_d10_final_boss,第十天终局Boss,下午,3,wave_d10_afternoon,pal_003,皮皮鸡,风,青铜,255.4,pal_001|pal_002|pal_003|pal_004|pal_005,青铜90/白银10/黄金0/钻石2
ysbzs-local,10,6,1,enc_d10_final_boss,第十天终局Boss,下午,3,wave_d10_afternoon,pal_005,火绒狐,火,青铜,255.4,pal_001|pal_002|pal_003|pal_004|pal_005,青铜90/白银10/黄金0/钻石2
ysbzs-local,10,6,1,enc_d10_final_boss,第十天终局Boss,下午,3,wave_d10_afternoon,pal_001,棉悠悠,风,青铜,255.4,pal_001|pal_002|pal_003|pal_004|pal_005,青铜90/白银10/黄金0/钻石2
ysbzs-local,10,6,1,enc_d10_final_boss,第十天终局Boss,下午,3,wave_d10_afternoon,pal_004,翠叶鼠,风,青铜,255.4,pal_001|pal_002|pal_003|pal_004|pal_005,青铜90/白银10/黄金0/钻石2
ysbzs-local,10,6,1,enc_d10_final_boss,第十天终局Boss,下午,3,wave_d10_afternoon,pal_003,皮皮鸡,风,青铜,255.4,pal_001|pal_002|pal_003|pal_004|pal_005,青铜90/白银10/黄金0/钻石2
ysbzs-local,10,6,1,enc_d10_final_boss,第十天终局Boss,下午,3,wave_d10_afternoon,pal_005,火绒狐,火,青铜,255.4,pal_001|pal_002|pal_003|pal_004|pal_005,青铜90/白银10/黄金0/钻石2
ysbzs-local,10,6,1,enc_d10_final_boss,第十天终局Boss,下午,4,wave_d10_afternoon,pal_005,火绒狐,火,青铜,323.3,pal_001|pal_002|pal_003|pal_004|pal_005,青铜90/白银10/黄金0/钻石3
ysbzs-local,10,6,1,enc_d10_final_boss,第十天终局Boss,下午,4,wave_d10_afternoon,pal_004,翠叶鼠,风,青铜,323.3,pal_001|pal_002|pal_003|pal_004|pal_005,青铜90/白银10/黄金0/钻石3
ysbzs-local,10,6,1,enc_d10_final_boss,第十天终局Boss,下午,4,wave_d10_afternoon,pal_003,皮皮鸡,风,青铜,323.3,pal_001|pal_002|pal_003|pal_004|pal_005,青铜90/白银10/黄金0/钻石3
ysbzs-local,10,6,1,enc_d10_final_boss,第十天终局Boss,下午,4,wave_d10_afternoon,pal_001,棉悠悠,风,青铜,323.3,pal_001|pal_002|pal_003|pal_004|pal_005,青铜90/白银10/黄金0/钻石3
ysbzs-local,10,6,1,enc_d10_final_boss,第十天终局Boss,下午,4,wave_d10_afternoon,pal_002,捣蛋猫,风,青铜,323.3,pal_001|pal_002|pal_003|pal_004|pal_005,青铜90/白银10/黄金0/钻石3
ysbzs-local,10,6,1,enc_d10_final_boss,第十天终局Boss,下午,4,wave_d10_afternoon,pal_005,火绒狐,火,青铜,323.3,pal_001|pal_002|pal_003|pal_004|pal_005,青铜90/白银10/黄金0/钻石3
ysbzs-local,10,6,1,enc_d10_final_boss,第十天终局Boss,下午,4,wave_d10_afternoon,pal_004,翠叶鼠,风,青铜,323.3,pal_001|pal_002|pal_003|pal_004|pal_005,青铜90/白银10/黄金0/钻石3
ysbzs-local,10,6,1,enc_d10_final_boss,第十天终局Boss,下午,4,wave_d10_afternoon,pal_003,皮皮鸡,风,青铜,323.3,pal_001|pal_002|pal_003|pal_004|pal_005,青铜90/白银10/黄金0/钻石3
ysbzs-local,10,6,1,enc_d10_final_boss,第十天终局Boss,下午,4,wave_d10_afternoon,pal_001,棉悠悠,风,青铜,323.3,pal_001|pal_002|pal_003|pal_004|pal_005,青铜90/白银10/黄金0/钻石3
ysbzs-local,10,6,1,enc_d10_final_boss,第十天终局Boss,下午,4,wave_d10_afternoon,pal_002,捣蛋猫,风,青铜,323.3,pal_001|pal_002|pal_003|pal_004|pal_005,青铜90/白银10/黄金0/钻石3
ysbzs-local,10,6,1,enc_d10_final_boss,第十天终局Boss,下午,5,wave_d10_afternoon,pal_001,棉悠悠,风,白银,392.8,pal_001|pal_002|pal_003|pal_004|pal_005,青铜90/白银10/黄金0/钻石4
ysbzs-local,10,6,1,enc_d10_final_boss,第十天终局Boss,下午,5,wave_d10_afternoon,pal_004,翠叶鼠,风,青铜,392.8,pal_001|pal_002|pal_003|pal_004|pal_005,青铜90/白银10/黄金0/钻石4
ysbzs-local,10,6,1,enc_d10_final_boss,第十天终局Boss,下午,5,wave_d10_afternoon,pal_002,捣蛋猫,风,青铜,392.8,pal_001|pal_002|pal_003|pal_004|pal_005,青铜90/白银10/黄金0/钻石4
ysbzs-local,10,6,1,enc_d10_final_boss,第十天终局Boss,下午,5,wave_d10_afternoon,pal_003,皮皮鸡,风,青铜,392.8,pal_001|pal_002|pal_003|pal_004|pal_005,青铜90/白银10/黄金0/钻石4
ysbzs-local,10,6,1,enc_d10_final_boss,第十天终局Boss,下午,5,wave_d10_afternoon,pal_005,火绒狐,火,青铜,392.8,pal_001|pal_002|pal_003|pal_004|pal_005,青铜90/白银10/黄金0/钻石4
ysbzs-local,10,6,1,enc_d10_final_boss,第十天终局Boss,下午,5,wave_d10_afternoon,pal_005,火绒狐,火,青铜,392.8,pal_001|pal_002|pal_003|pal_004|pal_005,青铜90/白银10/黄金0/钻石4
ysbzs-local,10,6,1,enc_d10_final_boss,第十天终局Boss,下午,5,wave_d10_afternoon,pal_001,棉悠悠,风,白银,392.8,pal_001|pal_002|pal_003|pal_004|pal_005,青铜90/白银10/黄金0/钻石4
ysbzs-local,10,6,1,enc_d10_final_boss,第十天终局Boss,下午,5,wave_d10_afternoon,pal_004,翠叶鼠,风,青铜,392.8,pal_001|pal_002|pal_003|pal_004|pal_005,青铜90/白银10/黄金0/钻石4
ysbzs-local,10,6,1,enc_d10_final_boss,第十天终局Boss,下午,5,wave_d10_afternoon,pal_002,捣蛋猫,风,青铜,392.8,pal_001|pal_002|pal_003|pal_004|pal_005,青铜90/白银10/黄金0/钻石4
ysbzs-local,10,6,1,enc_d10_final_boss,第十天终局Boss,下午,5,wave_d10_afternoon,pal_003,皮皮鸡,风,青铜,392.8,pal_001|pal_002|pal_003|pal_004|pal_005,青铜90/白银10/黄金0/钻石4
ysbzs-local,10,6,1,enc_d10_final_boss,第十天终局Boss,下午,5,wave_d10_afternoon,pal_005,火绒狐,火,青铜,392.8,pal_001|pal_002|pal_003|pal_004|pal_005,青铜90/白银10/黄金0/钻石4
ysbzs-local,10,6,1,enc_d10_final_boss,第十天终局Boss,下午,5,wave_d10_afternoon,pal_005,火绒狐,火,青铜,392.8,pal_001|pal_002|pal_003|pal_004|pal_005,青铜90/白银10/黄金0/钻石4
ysbzs-local-2,1,3,1,enc_d01_midday_a,中午遭遇A,上午,1,wave_d01_morning,pal_004,翠叶鼠,风,青铜,124.3,pal_001|pal_002|pal_003|pal_004|pal_005,青铜90/白银10/黄金0/钻石0
ysbzs-local-2,1,3,1,enc_d01_midday_a,中午遭遇A,上午,1,wave_d01_morning,pal_002,捣蛋猫,风,青铜,124.3,pal_001|pal_002|pal_003|pal_004|pal_005,青铜90/白银10/黄金0/钻石0
ysbzs-local-2,1,3,1,enc_d01_midday_a,中午遭遇A,上午,2,wave_d01_morning,pal_002,捣蛋猫,风,青铜,189,pal_001|pal_002|pal_003|pal_004|pal_005,青铜90/白银10/黄金0/钻石1
ysbzs-local-2,1,3,1,enc_d01_midday_a,中午遭遇A,上午,2,wave_d01_morning,pal_001,棉悠悠,风,青铜,189,pal_001|pal_002|pal_003|pal_004|pal_005,青铜90/白银10/黄金0/钻石1
ysbzs-local-2,1,3,1,enc_d01_midday_a,中午遭遇A,上午,2,wave_d01_morning,pal_005,火绒狐,火,青铜,189,pal_001|pal_002|pal_003|pal_004|pal_005,青铜90/白银10/黄金0/钻石1
ysbzs-local-2,1,3,1,enc_d01_midday_a,中午遭遇A,上午,3,wave_d01_morning,pal_004,翠叶鼠,风,青铜,255.4,pal_001|pal_002|pal_003|pal_004|pal_005,青铜90/白银10/黄金0/钻石2
ysbzs-local-2,1,3,1,enc_d01_midday_a,中午遭遇A,上午,3,wave_d01_morning,pal_001,棉悠悠,风,白银,255.4,pal_001|pal_002|pal_003|pal_004|pal_005,青铜90/白银10/黄金0/钻石2
ysbzs-local-2,1,3,1,enc_d01_midday_a,中午遭遇A,上午,3,wave_d01_morning,pal_003,皮皮鸡,风,青铜,255.4,pal_001|pal_002|pal_003|pal_004|pal_005,青铜90/白银10/黄金0/钻石2
ysbzs-local-2,1,3,1,enc_d01_midday_a,中午遭遇A,上午,3,wave_d01_morning,pal_002,捣蛋猫,风,青铜,255.4,pal_001|pal_002|pal_003|pal_004|pal_005,青铜90/白银10/黄金0/钻石2
ysbzs-local-2,1,3,1,enc_d01_midday_a,中午遭遇A,上午,4,wave_d01_morning,pal_003,皮皮鸡,风,青铜,323.3,pal_001|pal_002|pal_003|pal_004|pal_005,青铜90/白银10/黄金0/钻石3
ysbzs-local-2,1,3,1,enc_d01_midday_a,中午遭遇A,上午,4,wave_d01_morning,pal_005,火绒狐,火,青铜,323.3,pal_001|pal_002|pal_003|pal_004|pal_005,青铜90/白银10/黄金0/钻石3
ysbzs-local-2,1,3,1,enc_d01_midday_a,中午遭遇A,上午,4,wave_d01_morning,pal_004,翠叶鼠,风,青铜,323.3,pal_001|pal_002|pal_003|pal_004|pal_005,青铜90/白银10/黄金0/钻石3
ysbzs-local-2,1,3,1,enc_d01_midday_a,中午遭遇A,上午,4,wave_d01_morning,pal_001,棉悠悠,风,青铜,323.3,pal_001|pal_002|pal_003|pal_004|pal_005,青铜90/白银10/黄金0/钻石3
ysbzs-local-2,1,3,1,enc_d01_midday_a,中午遭遇A,上午,4,wave_d01_morning,pal_002,捣蛋猫,风,青铜,323.3,pal_001|pal_002|pal_003|pal_004|pal_005,青铜90/白银10/黄金0/钻石3
ysbzs-local-2,1,3,1,enc_d01_midday_a,中午遭遇A,上午,5,wave_d01_morning,pal_005,火绒狐,火,青铜,392.8,pal_001|pal_002|pal_003|pal_004|pal_005,青铜90/白银10/黄金0/钻石4
ysbzs-local-2,1,3,1,enc_d01_midday_a,中午遭遇A,上午,5,wave_d01_morning,pal_003,皮皮鸡,风,青铜,392.8,pal_001|pal_002|pal_003|pal_004|pal_005,青铜90/白银10/黄金0/钻石4
ysbzs-local-2,1,3,1,enc_d01_midday_a,中午遭遇A,上午,5,wave_d01_morning,pal_002,捣蛋猫,风,青铜,392.8,pal_001|pal_002|pal_003|pal_004|pal_005,青铜90/白银10/黄金0/钻石4
ysbzs-local-2,1,3,1,enc_d01_midday_a,中午遭遇A,上午,5,wave_d01_morning,pal_001,棉悠悠,风,青铜,392.8,pal_001|pal_002|pal_003|pal_004|pal_005,青铜90/白银10/黄金0/钻石4
ysbzs-local-2,1,3,1,enc_d01_midday_a,中午遭遇A,上午,5,wave_d01_morning,pal_004,翠叶鼠,风,青铜,392.8,pal_001|pal_002|pal_003|pal_004|pal_005,青铜90/白银10/黄金0/钻石4
ysbzs-local-2,1,3,1,enc_d01_midday_a,中午遭遇A,上午,5,wave_d01_morning,pal_003,皮皮鸡,风,青铜,392.8,pal_001|pal_002|pal_003|pal_004|pal_005,青铜90/白银10/黄金0/钻石4
ysbzs-local-2,1,6,1,enc_d01_evening_fixed,晚上固定战,下午,1,wave_d01_afternoon,pal_004,翠叶鼠,风,青铜,124.3,pal_001|pal_002|pal_003|pal_004|pal_005,青铜90/白银10/黄金0/钻石0
ysbzs-local-2,1,6,1,enc_d01_evening_fixed,晚上固定战,下午,1,wave_d01_afternoon,pal_003,皮皮鸡,风,白银,124.3,pal_001|pal_002|pal_003|pal_004|pal_005,青铜90/白银10/黄金0/钻石0
ysbzs-local-2,1,6,1,enc_d01_evening_fixed,晚上固定战,下午,2,wave_d01_afternoon,pal_005,火绒狐,火,青铜,189,pal_001|pal_002|pal_003|pal_004|pal_005,青铜90/白银10/黄金0/钻石1
ysbzs-local-2,1,6,1,enc_d01_evening_fixed,晚上固定战,下午,2,wave_d01_afternoon,pal_004,翠叶鼠,风,青铜,189,pal_001|pal_002|pal_003|pal_004|pal_005,青铜90/白银10/黄金0/钻石1
ysbzs-local-2,1,6,1,enc_d01_evening_fixed,晚上固定战,下午,2,wave_d01_afternoon,pal_003,皮皮鸡,风,青铜,189,pal_001|pal_002|pal_003|pal_004|pal_005,青铜90/白银10/黄金0/钻石1
ysbzs-local-2,1,6,1,enc_d01_evening_fixed,晚上固定战,下午,3,wave_d01_afternoon,pal_004,翠叶鼠,风,青铜,255.4,pal_001|pal_002|pal_003|pal_004|pal_005,青铜90/白银10/黄金0/钻石2
ysbzs-local-2,1,6,1,enc_d01_evening_fixed,晚上固定战,下午,3,wave_d01_afternoon,pal_005,火绒狐,火,青铜,255.4,pal_001|pal_002|pal_003|pal_004|pal_005,青铜90/白银10/黄金0/钻石2
ysbzs-local-2,1,6,1,enc_d01_evening_fixed,晚上固定战,下午,3,wave_d01_afternoon,pal_002,捣蛋猫,风,白银,255.4,pal_001|pal_002|pal_003|pal_004|pal_005,青铜90/白银10/黄金0/钻石2
ysbzs-local-2,1,6,1,enc_d01_evening_fixed,晚上固定战,下午,3,wave_d01_afternoon,pal_001,棉悠悠,风,白银,255.4,pal_001|pal_002|pal_003|pal_004|pal_005,青铜90/白银10/黄金0/钻石2
ysbzs-local-2,1,6,1,enc_d01_evening_fixed,晚上固定战,下午,4,wave_d01_afternoon,pal_001,棉悠悠,风,青铜,323.3,pal_001|pal_002|pal_003|pal_004|pal_005,青铜90/白银10/黄金0/钻石3
ysbzs-local-2,1,6,1,enc_d01_evening_fixed,晚上固定战,下午,4,wave_d01_afternoon,pal_004,翠叶鼠,风,青铜,323.3,pal_001|pal_002|pal_003|pal_004|pal_005,青铜90/白银10/黄金0/钻石3
ysbzs-local-2,1,6,1,enc_d01_evening_fixed,晚上固定战,下午,4,wave_d01_afternoon,pal_003,皮皮鸡,风,青铜,323.3,pal_001|pal_002|pal_003|pal_004|pal_005,青铜90/白银10/黄金0/钻石3
ysbzs-local-2,1,6,1,enc_d01_evening_fixed,晚上固定战,下午,4,wave_d01_afternoon,pal_002,捣蛋猫,风,青铜,323.3,pal_001|pal_002|pal_003|pal_004|pal_005,青铜90/白银10/黄金0/钻石3
ysbzs-local-2,1,6,1,enc_d01_evening_fixed,晚上固定战,下午,4,wave_d01_afternoon,pal_005,火绒狐,火,青铜,323.3,pal_001|pal_002|pal_003|pal_004|pal_005,青铜90/白银10/黄金0/钻石3
ysbzs-local-2,1,6,1,enc_d01_evening_fixed,晚上固定战,下午,5,wave_d01_afternoon,pal_003,皮皮鸡,风,青铜,392.8,pal_001|pal_002|pal_003|pal_004|pal_005,青铜90/白银10/黄金0/钻石4
ysbzs-local-2,1,6,1,enc_d01_evening_fixed,晚上固定战,下午,5,wave_d01_afternoon,pal_001,棉悠悠,风,青铜,392.8,pal_001|pal_002|pal_003|pal_004|pal_005,青铜90/白银10/黄金0/钻石4
ysbzs-local-2,1,6,1,enc_d01_evening_fixed,晚上固定战,下午,5,wave_d01_afternoon,pal_005,火绒狐,火,青铜,392.8,pal_001|pal_002|pal_003|pal_004|pal_005,青铜90/白银10/黄金0/钻石4
ysbzs-local-2,1,6,1,enc_d01_evening_fixed,晚上固定战,下午,5,wave_d01_afternoon,pal_004,翠叶鼠,风,青铜,392.8,pal_001|pal_002|pal_003|pal_004|pal_005,青铜90/白银10/黄金0/钻石4
ysbzs-local-2,1,6,1,enc_d01_evening_fixed,晚上固定战,下午,5,wave_d01_afternoon,pal_002,捣蛋猫,风,青铜,392.8,pal_001|pal_002|pal_003|pal_004|pal_005,青铜90/白银10/黄金0/钻石4
ysbzs-local-2,1,6,1,enc_d01_evening_fixed,晚上固定战,下午,5,wave_d01_afternoon,pal_004,翠叶鼠,风,青铜,392.8,pal_001|pal_002|pal_003|pal_004|pal_005,青铜90/白银10/黄金0/钻石4
ysbzs-local-2,2,3,1,enc_d02_midday_a,第二天中午遭遇A,上午,1,wave_d02_morning,pal_002,捣蛋猫,风,青铜,124.3,pal_001|pal_002|pal_003|pal_004|pal_005,青铜90/白银10/黄金0/钻石0
ysbzs-local-2,2,3,1,enc_d02_midday_a,第二天中午遭遇A,上午,1,wave_d02_morning,pal_001,棉悠悠,风,青铜,124.3,pal_001|pal_002|pal_003|pal_004|pal_005,青铜90/白银10/黄金0/钻石0
ysbzs-local-2,2,3,1,enc_d02_midday_a,第二天中午遭遇A,上午,2,wave_d02_morning,pal_004,翠叶鼠,风,青铜,189,pal_001|pal_002|pal_003|pal_004|pal_005,青铜90/白银10/黄金0/钻石1
ysbzs-local-2,2,3,1,enc_d02_midday_a,第二天中午遭遇A,上午,2,wave_d02_morning,pal_003,皮皮鸡,风,青铜,189,pal_001|pal_002|pal_003|pal_004|pal_005,青铜90/白银10/黄金0/钻石1
ysbzs-local-2,2,3,1,enc_d02_midday_a,第二天中午遭遇A,上午,2,wave_d02_morning,pal_002,捣蛋猫,风,青铜,189,pal_001|pal_002|pal_003|pal_004|pal_005,青铜90/白银10/黄金0/钻石1
ysbzs-local-2,2,3,1,enc_d02_midday_a,第二天中午遭遇A,上午,3,wave_d02_morning,pal_003,皮皮鸡,风,青铜,255.4,pal_001|pal_002|pal_003|pal_004|pal_005,青铜90/白银10/黄金0/钻石2
ysbzs-local-2,2,3,1,enc_d02_midday_a,第二天中午遭遇A,上午,3,wave_d02_morning,pal_002,捣蛋猫,风,白银,255.4,pal_001|pal_002|pal_003|pal_004|pal_005,青铜90/白银10/黄金0/钻石2
ysbzs-local-2,2,3,1,enc_d02_midday_a,第二天中午遭遇A,上午,3,wave_d02_morning,pal_005,火绒狐,火,青铜,255.4,pal_001|pal_002|pal_003|pal_004|pal_005,青铜90/白银10/黄金0/钻石2
ysbzs-local-2,2,3,1,enc_d02_midday_a,第二天中午遭遇A,上午,3,wave_d02_morning,pal_001,棉悠悠,风,青铜,255.4,pal_001|pal_002|pal_003|pal_004|pal_005,青铜90/白银10/黄金0/钻石2
ysbzs-local-2,2,3,1,enc_d02_midday_a,第二天中午遭遇A,上午,4,wave_d02_morning,pal_002,捣蛋猫,风,钻石,323.3,pal_001|pal_002|pal_003|pal_004|pal_005,青铜90/白银10/黄金0/钻石3
ysbzs-local-2,2,3,1,enc_d02_midday_a,第二天中午遭遇A,上午,4,wave_d02_morning,pal_003,皮皮鸡,风,青铜,323.3,pal_001|pal_002|pal_003|pal_004|pal_005,青铜90/白银10/黄金0/钻石3
ysbzs-local-2,2,3,1,enc_d02_midday_a,第二天中午遭遇A,上午,4,wave_d02_morning,pal_001,棉悠悠,风,白银,323.3,pal_001|pal_002|pal_003|pal_004|pal_005,青铜90/白银10/黄金0/钻石3
ysbzs-local-2,2,3,1,enc_d02_midday_a,第二天中午遭遇A,上午,4,wave_d02_morning,pal_004,翠叶鼠,风,青铜,323.3,pal_001|pal_002|pal_003|pal_004|pal_005,青铜90/白银10/黄金0/钻石3
ysbzs-local-2,2,3,1,enc_d02_midday_a,第二天中午遭遇A,上午,4,wave_d02_morning,pal_005,火绒狐,火,青铜,323.3,pal_001|pal_002|pal_003|pal_004|pal_005,青铜90/白银10/黄金0/钻石3
ysbzs-local-2,2,3,1,enc_d02_midday_a,第二天中午遭遇A,上午,5,wave_d02_morning,pal_003,皮皮鸡,风,青铜,392.8,pal_001|pal_002|pal_003|pal_004|pal_005,青铜90/白银10/黄金0/钻石4
ysbzs-local-2,2,3,1,enc_d02_midday_a,第二天中午遭遇A,上午,5,wave_d02_morning,pal_001,棉悠悠,风,青铜,392.8,pal_001|pal_002|pal_003|pal_004|pal_005,青铜90/白银10/黄金0/钻石4
ysbzs-local-2,2,3,1,enc_d02_midday_a,第二天中午遭遇A,上午,5,wave_d02_morning,pal_002,捣蛋猫,风,青铜,392.8,pal_001|pal_002|pal_003|pal_004|pal_005,青铜90/白银10/黄金0/钻石4
ysbzs-local-2,2,3,1,enc_d02_midday_a,第二天中午遭遇A,上午,5,wave_d02_morning,pal_004,翠叶鼠,风,青铜,392.8,pal_001|pal_002|pal_003|pal_004|pal_005,青铜90/白银10/黄金0/钻石4
ysbzs-local-2,2,3,1,enc_d02_midday_a,第二天中午遭遇A,上午,5,wave_d02_morning,pal_005,火绒狐,火,青铜,392.8,pal_001|pal_002|pal_003|pal_004|pal_005,青铜90/白银10/黄金0/钻石4
ysbzs-local-2,2,3,1,enc_d02_midday_a,第二天中午遭遇A,上午,5,wave_d02_morning,pal_001,棉悠悠,风,白银,392.8,pal_001|pal_002|pal_003|pal_004|pal_005,青铜90/白银10/黄金0/钻石4
ysbzs-local-2,2,6,1,enc_d02_evening_fixed,第二天晚上固定战,下午,1,wave_d02_afternoon,pal_003,皮皮鸡,风,青铜,124.3,pal_001|pal_002|pal_003|pal_004|pal_005,青铜90/白银10/黄金0/钻石0
ysbzs-local-2,2,6,1,enc_d02_evening_fixed,第二天晚上固定战,下午,1,wave_d02_afternoon,pal_005,火绒狐,火,青铜,124.3,pal_001|pal_002|pal_003|pal_004|pal_005,青铜90/白银10/黄金0/钻石0
ysbzs-local-2,2,6,1,enc_d02_evening_fixed,第二天晚上固定战,下午,2,wave_d02_afternoon,pal_004,翠叶鼠,风,青铜,189,pal_001|pal_002|pal_003|pal_004|pal_005,青铜90/白银10/黄金0/钻石1
ysbzs-local-2,2,6,1,enc_d02_evening_fixed,第二天晚上固定战,下午,2,wave_d02_afternoon,pal_005,火绒狐,火,青铜,189,pal_001|pal_002|pal_003|pal_004|pal_005,青铜90/白银10/黄金0/钻石1
ysbzs-local-2,2,6,1,enc_d02_evening_fixed,第二天晚上固定战,下午,2,wave_d02_afternoon,pal_001,棉悠悠,风,青铜,189,pal_001|pal_002|pal_003|pal_004|pal_005,青铜90/白银10/黄金0/钻石1
ysbzs-local-2,2,6,1,enc_d02_evening_fixed,第二天晚上固定战,下午,2,wave_d02_afternoon,pal_004,翠叶鼠,风,青铜,189,pal_001|pal_002|pal_003|pal_004|pal_005,青铜90/白银10/黄金0/钻石1
ysbzs-local-2,2,6,1,enc_d02_evening_fixed,第二天晚上固定战,下午,2,wave_d02_afternoon,pal_005,火绒狐,火,青铜,189,pal_001|pal_002|pal_003|pal_004|pal_005,青铜90/白银10/黄金0/钻石1
ysbzs-local-2,2,6,1,enc_d02_evening_fixed,第二天晚上固定战,下午,2,wave_d02_afternoon,pal_001,棉悠悠,风,青铜,189,pal_001|pal_002|pal_003|pal_004|pal_005,青铜90/白银10/黄金0/钻石1
ysbzs-local-2,2,6,1,enc_d02_evening_fixed,第二天晚上固定战,下午,3,wave_d02_afternoon,pal_001,棉悠悠,风,青铜,255.4,pal_001|pal_002|pal_003|pal_004|pal_005,青铜90/白银10/黄金0/钻石2
ysbzs-local-2,2,6,1,enc_d02_evening_fixed,第二天晚上固定战,下午,3,wave_d02_afternoon,pal_003,皮皮鸡,风,青铜,255.4,pal_001|pal_002|pal_003|pal_004|pal_005,青铜90/白银10/黄金0/钻石2
ysbzs-local-2,2,6,1,enc_d02_evening_fixed,第二天晚上固定战,下午,3,wave_d02_afternoon,pal_005,火绒狐,火,青铜,255.4,pal_001|pal_002|pal_003|pal_004|pal_005,青铜90/白银10/黄金0/钻石2
ysbzs-local-2,2,6,1,enc_d02_evening_fixed,第二天晚上固定战,下午,3,wave_d02_afternoon,pal_002,捣蛋猫,风,青铜,255.4,pal_001|pal_002|pal_003|pal_004|pal_005,青铜90/白银10/黄金0/钻石2
ysbzs-local-2,2,6,1,enc_d02_evening_fixed,第二天晚上固定战,下午,4,wave_d02_afternoon,pal_005,火绒狐,火,青铜,323.3,pal_001|pal_002|pal_003|pal_004|pal_005,青铜90/白银10/黄金0/钻石3
ysbzs-local-2,2,6,1,enc_d02_evening_fixed,第二天晚上固定战,下午,4,wave_d02_afternoon,pal_003,皮皮鸡,风,青铜,323.3,pal_001|pal_002|pal_003|pal_004|pal_005,青铜90/白银10/黄金0/钻石3
ysbzs-local-2,2,6,1,enc_d02_evening_fixed,第二天晚上固定战,下午,4,wave_d02_afternoon,pal_001,棉悠悠,风,青铜,323.3,pal_001|pal_002|pal_003|pal_004|pal_005,青铜90/白银10/黄金0/钻石3
ysbzs-local-2,2,6,1,enc_d02_evening_fixed,第二天晚上固定战,下午,4,wave_d02_afternoon,pal_002,捣蛋猫,风,白银,323.3,pal_001|pal_002|pal_003|pal_004|pal_005,青铜90/白银10/黄金0/钻石3
ysbzs-local-2,2,6,1,enc_d02_evening_fixed,第二天晚上固定战,下午,4,wave_d02_afternoon,pal_004,翠叶鼠,风,青铜,323.3,pal_001|pal_002|pal_003|pal_004|pal_005,青铜90/白银10/黄金0/钻石3
ysbzs-local-2,2,6,1,enc_d02_evening_fixed,第二天晚上固定战,下午,5,wave_d02_afternoon,pal_005,火绒狐,火,青铜,392.8,pal_001|pal_002|pal_003|pal_004|pal_005,青铜90/白银10/黄金0/钻石4
ysbzs-local-2,2,6,1,enc_d02_evening_fixed,第二天晚上固定战,下午,5,wave_d02_afternoon,pal_001,棉悠悠,风,青铜,392.8,pal_001|pal_002|pal_003|pal_004|pal_005,青铜90/白银10/黄金0/钻石4
ysbzs-local-2,2,6,1,enc_d02_evening_fixed,第二天晚上固定战,下午,5,wave_d02_afternoon,pal_004,翠叶鼠,风,青铜,392.8,pal_001|pal_002|pal_003|pal_004|pal_005,青铜90/白银10/黄金0/钻石4
ysbzs-local-2,2,6,1,enc_d02_evening_fixed,第二天晚上固定战,下午,5,wave_d02_afternoon,pal_003,皮皮鸡,风,青铜,392.8,pal_001|pal_002|pal_003|pal_004|pal_005,青铜90/白银10/黄金0/钻石4
ysbzs-local-2,2,6,1,enc_d02_evening_fixed,第二天晚上固定战,下午,5,wave_d02_afternoon,pal_002,捣蛋猫,风,青铜,392.8,pal_001|pal_002|pal_003|pal_004|pal_005,青铜90/白银10/黄金0/钻石4
ysbzs-local-2,2,6,1,enc_d02_evening_fixed,第二天晚上固定战,下午,5,wave_d02_afternoon,pal_005,火绒狐,火,青铜,392.8,pal_001|pal_002|pal_003|pal_004|pal_005,青铜90/白银10/黄金0/钻石4
ysbzs-local-2,3,3,1,enc_d03_midday_a,第三天中午遭遇A,上午,1,wave_d03_morning,pal_003,皮皮鸡,风,青铜,124.3,pal_001|pal_002|pal_003|pal_004|pal_005,青铜90/白银10/黄金0/钻石0
ysbzs-local-2,3,3,1,enc_d03_midday_a,第三天中午遭遇A,上午,1,wave_d03_morning,pal_001,棉悠悠,风,青铜,124.3,pal_001|pal_002|pal_003|pal_004|pal_005,青铜90/白银10/黄金0/钻石0
ysbzs-local-2,3,3,1,enc_d03_midday_a,第三天中午遭遇A,上午,2,wave_d03_morning,pal_001,棉悠悠,风,青铜,189,pal_001|pal_002|pal_003|pal_004|pal_005,青铜90/白银10/黄金0/钻石1
ysbzs-local-2,3,3,1,enc_d03_midday_a,第三天中午遭遇A,上午,2,wave_d03_morning,pal_002,捣蛋猫,风,青铜,189,pal_001|pal_002|pal_003|pal_004|pal_005,青铜90/白银10/黄金0/钻石1
ysbzs-local-2,3,3,1,enc_d03_midday_a,第三天中午遭遇A,上午,2,wave_d03_morning,pal_005,火绒狐,火,青铜,189,pal_001|pal_002|pal_003|pal_004|pal_005,青铜90/白银10/黄金0/钻石1
ysbzs-local-2,3,3,1,enc_d03_midday_a,第三天中午遭遇A,上午,3,wave_d03_morning,pal_002,捣蛋猫,风,青铜,255.4,pal_001|pal_002|pal_003|pal_004|pal_005,青铜90/白银10/黄金0/钻石2
ysbzs-local-2,3,3,1,enc_d03_midday_a,第三天中午遭遇A,上午,3,wave_d03_morning,pal_004,翠叶鼠,风,青铜,255.4,pal_001|pal_002|pal_003|pal_004|pal_005,青铜90/白银10/黄金0/钻石2
ysbzs-local-2,3,3,1,enc_d03_midday_a,第三天中午遭遇A,上午,3,wave_d03_morning,pal_005,火绒狐,火,青铜,255.4,pal_001|pal_002|pal_003|pal_004|pal_005,青铜90/白银10/黄金0/钻石2
ysbzs-local-2,3,3,1,enc_d03_midday_a,第三天中午遭遇A,上午,3,wave_d03_morning,pal_001,棉悠悠,风,白银,255.4,pal_001|pal_002|pal_003|pal_004|pal_005,青铜90/白银10/黄金0/钻石2
ysbzs-local-2,3,3,1,enc_d03_midday_a,第三天中午遭遇A,上午,4,wave_d03_morning,pal_004,翠叶鼠,风,青铜,323.3,pal_001|pal_002|pal_003|pal_004|pal_005,青铜90/白银10/黄金0/钻石3
ysbzs-local-2,3,3,1,enc_d03_midday_a,第三天中午遭遇A,上午,4,wave_d03_morning,pal_003,皮皮鸡,风,青铜,323.3,pal_001|pal_002|pal_003|pal_004|pal_005,青铜90/白银10/黄金0/钻石3
ysbzs-local-2,3,3,1,enc_d03_midday_a,第三天中午遭遇A,上午,4,wave_d03_morning,pal_002,捣蛋猫,风,青铜,323.3,pal_001|pal_002|pal_003|pal_004|pal_005,青铜90/白银10/黄金0/钻石3
ysbzs-local-2,3,3,1,enc_d03_midday_a,第三天中午遭遇A,上午,4,wave_d03_morning,pal_005,火绒狐,火,钻石,323.3,pal_001|pal_002|pal_003|pal_004|pal_005,青铜90/白银10/黄金0/钻石3
ysbzs-local-2,3,3,1,enc_d03_midday_a,第三天中午遭遇A,上午,4,wave_d03_morning,pal_001,棉悠悠,风,白银,323.3,pal_001|pal_002|pal_003|pal_004|pal_005,青铜90/白银10/黄金0/钻石3
ysbzs-local-2,3,3,1,enc_d03_midday_a,第三天中午遭遇A,上午,5,wave_d03_morning,pal_002,捣蛋猫,风,白银,392.8,pal_001|pal_002|pal_003|pal_004|pal_005,青铜90/白银10/黄金0/钻石4
ysbzs-local-2,3,3,1,enc_d03_midday_a,第三天中午遭遇A,上午,5,wave_d03_morning,pal_004,翠叶鼠,风,白银,392.8,pal_001|pal_002|pal_003|pal_004|pal_005,青铜90/白银10/黄金0/钻石4
ysbzs-local-2,3,3,1,enc_d03_midday_a,第三天中午遭遇A,上午,5,wave_d03_morning,pal_003,皮皮鸡,风,青铜,392.8,pal_001|pal_002|pal_003|pal_004|pal_005,青铜90/白银10/黄金0/钻石4
ysbzs-local-2,3,3,1,enc_d03_midday_a,第三天中午遭遇A,上午,5,wave_d03_morning,pal_005,火绒狐,火,青铜,392.8,pal_001|pal_002|pal_003|pal_004|pal_005,青铜90/白银10/黄金0/钻石4
ysbzs-local-2,3,3,1,enc_d03_midday_a,第三天中午遭遇A,上午,5,wave_d03_morning,pal_001,棉悠悠,风,青铜,392.8,pal_001|pal_002|pal_003|pal_004|pal_005,青铜90/白银10/黄金0/钻石4
ysbzs-local-2,3,3,1,enc_d03_midday_a,第三天中午遭遇A,上午,5,wave_d03_morning,pal_004,翠叶鼠,风,白银,392.8,pal_001|pal_002|pal_003|pal_004|pal_005,青铜90/白银10/黄金0/钻石4
ysbzs-local-2,3,6,1,enc_d03_evening_fixed,第三天晚上固定战,下午,1,wave_d03_afternoon,pal_005,火绒狐,火,青铜,124.3,pal_001|pal_002|pal_003|pal_004|pal_005,青铜90/白银10/黄金0/钻石0
ysbzs-local-2,3,6,1,enc_d03_evening_fixed,第三天晚上固定战,下午,1,wave_d03_afternoon,pal_003,皮皮鸡,风,青铜,124.3,pal_001|pal_002|pal_003|pal_004|pal_005,青铜90/白银10/黄金0/钻石0
ysbzs-local-2,3,6,1,enc_d03_evening_fixed,第三天晚上固定战,下午,2,wave_d03_afternoon,pal_002,捣蛋猫,风,青铜,189,pal_001|pal_002|pal_003|pal_004|pal_005,青铜90/白银10/黄金0/钻石1
ysbzs-local-2,3,6,1,enc_d03_evening_fixed,第三天晚上固定战,下午,2,wave_d03_afternoon,pal_004,翠叶鼠,风,青铜,189,pal_001|pal_002|pal_003|pal_004|pal_005,青铜90/白银10/黄金0/钻石1
ysbzs-local-2,3,6,1,enc_d03_evening_fixed,第三天晚上固定战,下午,2,wave_d03_afternoon,pal_003,皮皮鸡,风,青铜,189,pal_001|pal_002|pal_003|pal_004|pal_005,青铜90/白银10/黄金0/钻石1
ysbzs-local-2,3,6,1,enc_d03_evening_fixed,第三天晚上固定战,下午,3,wave_d03_afternoon,pal_004,翠叶鼠,风,青铜,255.4,pal_001|pal_002|pal_003|pal_004|pal_005,青铜90/白银10/黄金0/钻石2
ysbzs-local-2,3,6,1,enc_d03_evening_fixed,第三天晚上固定战,下午,3,wave_d03_afternoon,pal_001,棉悠悠,风,青铜,255.4,pal_001|pal_002|pal_003|pal_004|pal_005,青铜90/白银10/黄金0/钻石2
ysbzs-local-2,3,6,1,enc_d03_evening_fixed,第三天晚上固定战,下午,3,wave_d03_afternoon,pal_003,皮皮鸡,风,青铜,255.4,pal_001|pal_002|pal_003|pal_004|pal_005,青铜90/白银10/黄金0/钻石2
ysbzs-local-2,3,6,1,enc_d03_evening_fixed,第三天晚上固定战,下午,3,wave_d03_afternoon,pal_002,捣蛋猫,风,青铜,255.4,pal_001|pal_002|pal_003|pal_004|pal_005,青铜90/白银10/黄金0/钻石2
ysbzs-local-2,3,6,1,enc_d03_evening_fixed,第三天晚上固定战,下午,4,wave_d03_afternoon,pal_002,捣蛋猫,风,青铜,323.3,pal_001|pal_002|pal_003|pal_004|pal_005,青铜90/白银10/黄金0/钻石3
ysbzs-local-2,3,6,1,enc_d03_evening_fixed,第三天晚上固定战,下午,4,wave_d03_afternoon,pal_001,棉悠悠,风,青铜,323.3,pal_001|pal_002|pal_003|pal_004|pal_005,青铜90/白银10/黄金0/钻石3
ysbzs-local-2,3,6,1,enc_d03_evening_fixed,第三天晚上固定战,下午,4,wave_d03_afternoon,pal_003,皮皮鸡,风,青铜,323.3,pal_001|pal_002|pal_003|pal_004|pal_005,青铜90/白银10/黄金0/钻石3
ysbzs-local-2,3,6,1,enc_d03_evening_fixed,第三天晚上固定战,下午,4,wave_d03_afternoon,pal_004,翠叶鼠,风,青铜,323.3,pal_001|pal_002|pal_003|pal_004|pal_005,青铜90/白银10/黄金0/钻石3
ysbzs-local-2,3,6,1,enc_d03_evening_fixed,第三天晚上固定战,下午,4,wave_d03_afternoon,pal_005,火绒狐,火,青铜,323.3,pal_001|pal_002|pal_003|pal_004|pal_005,青铜90/白银10/黄金0/钻石3
ysbzs-local-2,3,6,1,enc_d03_evening_fixed,第三天晚上固定战,下午,5,wave_d03_afternoon,pal_002,捣蛋猫,风,青铜,392.8,pal_001|pal_002|pal_003|pal_004|pal_005,青铜90/白银10/黄金0/钻石4
ysbzs-local-2,3,6,1,enc_d03_evening_fixed,第三天晚上固定战,下午,5,wave_d03_afternoon,pal_001,棉悠悠,风,青铜,392.8,pal_001|pal_002|pal_003|pal_004|pal_005,青铜90/白银10/黄金0/钻石4
ysbzs-local-2,3,6,1,enc_d03_evening_fixed,第三天晚上固定战,下午,5,wave_d03_afternoon,pal_003,皮皮鸡,风,钻石,392.8,pal_001|pal_002|pal_003|pal_004|pal_005,青铜90/白银10/黄金0/钻石4
ysbzs-local-2,3,6,1,enc_d03_evening_fixed,第三天晚上固定战,下午,5,wave_d03_afternoon,pal_005,火绒狐,火,青铜,392.8,pal_001|pal_002|pal_003|pal_004|pal_005,青铜90/白银10/黄金0/钻石4
ysbzs-local-2,3,6,1,enc_d03_evening_fixed,第三天晚上固定战,下午,5,wave_d03_afternoon,pal_004,翠叶鼠,风,青铜,392.8,pal_001|pal_002|pal_003|pal_004|pal_005,青铜90/白银10/黄金0/钻石4
ysbzs-local-2,3,6,1,enc_d03_evening_fixed,第三天晚上固定战,下午,5,wave_d03_afternoon,pal_004,翠叶鼠,风,青铜,392.8,pal_001|pal_002|pal_003|pal_004|pal_005,青铜90/白银10/黄金0/钻石4
ysbzs-local-2,4,3,1,enc_d04_midday_a,第四天中午遭遇A,上午,1,wave_d04_morning,pal_002,捣蛋猫,风,青铜,124.3,pal_001|pal_002|pal_003|pal_004|pal_005,青铜90/白银10/黄金0/钻石0
ysbzs-local-2,4,3,1,enc_d04_midday_a,第四天中午遭遇A,上午,1,wave_d04_morning,pal_005,火绒狐,火,青铜,124.3,pal_001|pal_002|pal_003|pal_004|pal_005,青铜90/白银10/黄金0/钻石0
ysbzs-local-2,4,3,1,enc_d04_midday_a,第四天中午遭遇A,上午,2,wave_d04_morning,pal_002,捣蛋猫,风,青铜,189,pal_001|pal_002|pal_003|pal_004|pal_005,青铜90/白银10/黄金0/钻石1
ysbzs-local-2,4,3,1,enc_d04_midday_a,第四天中午遭遇A,上午,2,wave_d04_morning,pal_001,棉悠悠,风,青铜,189,pal_001|pal_002|pal_003|pal_004|pal_005,青铜90/白银10/黄金0/钻石1
ysbzs-local-2,4,3,1,enc_d04_midday_a,第四天中午遭遇A,上午,2,wave_d04_morning,pal_004,翠叶鼠,风,青铜,189,pal_001|pal_002|pal_003|pal_004|pal_005,青铜90/白银10/黄金0/钻石1
ysbzs-local-2,4,3,1,enc_d04_midday_a,第四天中午遭遇A,上午,3,wave_d04_morning,pal_003,皮皮鸡,风,青铜,255.4,pal_001|pal_002|pal_003|pal_004|pal_005,青铜90/白银10/黄金0/钻石2
ysbzs-local-2,4,3,1,enc_d04_midday_a,第四天中午遭遇A,上午,3,wave_d04_morning,pal_002,捣蛋猫,风,青铜,255.4,pal_001|pal_002|pal_003|pal_004|pal_005,青铜90/白银10/黄金0/钻石2
ysbzs-local-2,4,3,1,enc_d04_midday_a,第四天中午遭遇A,上午,3,wave_d04_morning,pal_005,火绒狐,火,青铜,255.4,pal_001|pal_002|pal_003|pal_004|pal_005,青铜90/白银10/黄金0/钻石2
ysbzs-local-2,4,3,1,enc_d04_midday_a,第四天中午遭遇A,上午,3,wave_d04_morning,pal_004,翠叶鼠,风,青铜,255.4,pal_001|pal_002|pal_003|pal_004|pal_005,青铜90/白银10/黄金0/钻石2
ysbzs-local-2,4,3,1,enc_d04_midday_a,第四天中午遭遇A,上午,4,wave_d04_morning,pal_002,捣蛋猫,风,青铜,323.3,pal_001|pal_002|pal_003|pal_004|pal_005,青铜90/白银10/黄金0/钻石3
ysbzs-local-2,4,3,1,enc_d04_midday_a,第四天中午遭遇A,上午,4,wave_d04_morning,pal_003,皮皮鸡,风,钻石,323.3,pal_001|pal_002|pal_003|pal_004|pal_005,青铜90/白银10/黄金0/钻石3
ysbzs-local-2,4,3,1,enc_d04_midday_a,第四天中午遭遇A,上午,4,wave_d04_morning,pal_004,翠叶鼠,风,青铜,323.3,pal_001|pal_002|pal_003|pal_004|pal_005,青铜90/白银10/黄金0/钻石3
ysbzs-local-2,4,3,1,enc_d04_midday_a,第四天中午遭遇A,上午,4,wave_d04_morning,pal_001,棉悠悠,风,青铜,323.3,pal_001|pal_002|pal_003|pal_004|pal_005,青铜90/白银10/黄金0/钻石3
ysbzs-local-2,4,3,1,enc_d04_midday_a,第四天中午遭遇A,上午,4,wave_d04_morning,pal_005,火绒狐,火,青铜,323.3,pal_001|pal_002|pal_003|pal_004|pal_005,青铜90/白银10/黄金0/钻石3
ysbzs-local-2,4,3,1,enc_d04_midday_a,第四天中午遭遇A,上午,5,wave_d04_morning,pal_002,捣蛋猫,风,青铜,392.8,pal_001|pal_002|pal_003|pal_004|pal_005,青铜90/白银10/黄金0/钻石4
ysbzs-local-2,4,3,1,enc_d04_midday_a,第四天中午遭遇A,上午,5,wave_d04_morning,pal_003,皮皮鸡,风,青铜,392.8,pal_001|pal_002|pal_003|pal_004|pal_005,青铜90/白银10/黄金0/钻石4
ysbzs-local-2,4,3,1,enc_d04_midday_a,第四天中午遭遇A,上午,5,wave_d04_morning,pal_001,棉悠悠,风,青铜,392.8,pal_001|pal_002|pal_003|pal_004|pal_005,青铜90/白银10/黄金0/钻石4
ysbzs-local-2,4,3,1,enc_d04_midday_a,第四天中午遭遇A,上午,5,wave_d04_morning,pal_004,翠叶鼠,风,青铜,392.8,pal_001|pal_002|pal_003|pal_004|pal_005,青铜90/白银10/黄金0/钻石4
ysbzs-local-2,4,3,1,enc_d04_midday_a,第四天中午遭遇A,上午,5,wave_d04_morning,pal_005,火绒狐,火,青铜,392.8,pal_001|pal_002|pal_003|pal_004|pal_005,青铜90/白银10/黄金0/钻石4
ysbzs-local-2,4,3,1,enc_d04_midday_a,第四天中午遭遇A,上午,5,wave_d04_morning,pal_003,皮皮鸡,风,青铜,392.8,pal_001|pal_002|pal_003|pal_004|pal_005,青铜90/白银10/黄金0/钻石4
ysbzs-local-2,4,6,1,enc_d04_evening_fixed,第四天晚上固定战,下午,1,wave_d04_afternoon,pal_005,火绒狐,火,白银,124.3,pal_001|pal_002|pal_003|pal_004|pal_005,青铜90/白银10/黄金0/钻石0
ysbzs-local-2,4,6,1,enc_d04_evening_fixed,第四天晚上固定战,下午,1,wave_d04_afternoon,pal_004,翠叶鼠,风,青铜,124.3,pal_001|pal_002|pal_003|pal_004|pal_005,青铜90/白银10/黄金0/钻石0
ysbzs-local-2,4,6,1,enc_d04_evening_fixed,第四天晚上固定战,下午,2,wave_d04_afternoon,pal_005,火绒狐,火,青铜,189,pal_001|pal_002|pal_003|pal_004|pal_005,青铜90/白银10/黄金0/钻石1
ysbzs-local-2,4,6,1,enc_d04_evening_fixed,第四天晚上固定战,下午,2,wave_d04_afternoon,pal_004,翠叶鼠,风,青铜,189,pal_001|pal_002|pal_003|pal_004|pal_005,青铜90/白银10/黄金0/钻石1
ysbzs-local-2,4,6,1,enc_d04_evening_fixed,第四天晚上固定战,下午,2,wave_d04_afternoon,pal_001,棉悠悠,风,青铜,189,pal_001|pal_002|pal_003|pal_004|pal_005,青铜90/白银10/黄金0/钻石1
ysbzs-local-2,4,6,1,enc_d04_evening_fixed,第四天晚上固定战,下午,2,wave_d04_afternoon,pal_005,火绒狐,火,青铜,189,pal_001|pal_002|pal_003|pal_004|pal_005,青铜90/白银10/黄金0/钻石1
ysbzs-local-2,4,6,1,enc_d04_evening_fixed,第四天晚上固定战,下午,2,wave_d04_afternoon,pal_004,翠叶鼠,风,青铜,189,pal_001|pal_002|pal_003|pal_004|pal_005,青铜90/白银10/黄金0/钻石1
ysbzs-local-2,4,6,1,enc_d04_evening_fixed,第四天晚上固定战,下午,2,wave_d04_afternoon,pal_001,棉悠悠,风,青铜,189,pal_001|pal_002|pal_003|pal_004|pal_005,青铜90/白银10/黄金0/钻石1
ysbzs-local-2,4,6,1,enc_d04_evening_fixed,第四天晚上固定战,下午,3,wave_d04_afternoon,pal_001,棉悠悠,风,青铜,255.4,pal_001|pal_002|pal_003|pal_004|pal_005,青铜90/白银10/黄金0/钻石2
ysbzs-local-2,4,6,1,enc_d04_evening_fixed,第四天晚上固定战,下午,3,wave_d04_afternoon,pal_002,捣蛋猫,风,青铜,255.4,pal_001|pal_002|pal_003|pal_004|pal_005,青铜90/白银10/黄金0/钻石2
ysbzs-local-2,4,6,1,enc_d04_evening_fixed,第四天晚上固定战,下午,3,wave_d04_afternoon,pal_003,皮皮鸡,风,青铜,255.4,pal_001|pal_002|pal_003|pal_004|pal_005,青铜90/白银10/黄金0/钻石2
ysbzs-local-2,4,6,1,enc_d04_evening_fixed,第四天晚上固定战,下午,3,wave_d04_afternoon,pal_005,火绒狐,火,青铜,255.4,pal_001|pal_002|pal_003|pal_004|pal_005,青铜90/白银10/黄金0/钻石2
ysbzs-local-2,4,6,1,enc_d04_evening_fixed,第四天晚上固定战,下午,4,wave_d04_afternoon,pal_003,皮皮鸡,风,青铜,323.3,pal_001|pal_002|pal_003|pal_004|pal_005,青铜90/白银10/黄金0/钻石3
ysbzs-local-2,4,6,1,enc_d04_evening_fixed,第四天晚上固定战,下午,4,wave_d04_afternoon,pal_001,棉悠悠,风,青铜,323.3,pal_001|pal_002|pal_003|pal_004|pal_005,青铜90/白银10/黄金0/钻石3
ysbzs-local-2,4,6,1,enc_d04_evening_fixed,第四天晚上固定战,下午,4,wave_d04_afternoon,pal_005,火绒狐,火,青铜,323.3,pal_001|pal_002|pal_003|pal_004|pal_005,青铜90/白银10/黄金0/钻石3
ysbzs-local-2,4,6,1,enc_d04_evening_fixed,第四天晚上固定战,下午,4,wave_d04_afternoon,pal_004,翠叶鼠,风,青铜,323.3,pal_001|pal_002|pal_003|pal_004|pal_005,青铜90/白银10/黄金0/钻石3
ysbzs-local-2,4,6,1,enc_d04_evening_fixed,第四天晚上固定战,下午,4,wave_d04_afternoon,pal_002,捣蛋猫,风,青铜,323.3,pal_001|pal_002|pal_003|pal_004|pal_005,青铜90/白银10/黄金0/钻石3
ysbzs-local-2,4,6,1,enc_d04_evening_fixed,第四天晚上固定战,下午,5,wave_d04_afternoon,pal_005,火绒狐,火,青铜,392.8,pal_001|pal_002|pal_003|pal_004|pal_005,青铜90/白银10/黄金0/钻石4
ysbzs-local-2,4,6,1,enc_d04_evening_fixed,第四天晚上固定战,下午,5,wave_d04_afternoon,pal_004,翠叶鼠,风,钻石,392.8,pal_001|pal_002|pal_003|pal_004|pal_005,青铜90/白银10/黄金0/钻石4
ysbzs-local-2,4,6,1,enc_d04_evening_fixed,第四天晚上固定战,下午,5,wave_d04_afternoon,pal_003,皮皮鸡,风,青铜,392.8,pal_001|pal_002|pal_003|pal_004|pal_005,青铜90/白银10/黄金0/钻石4
ysbzs-local-2,4,6,1,enc_d04_evening_fixed,第四天晚上固定战,下午,5,wave_d04_afternoon,pal_001,棉悠悠,风,白银,392.8,pal_001|pal_002|pal_003|pal_004|pal_005,青铜90/白银10/黄金0/钻石4
ysbzs-local-2,4,6,1,enc_d04_evening_fixed,第四天晚上固定战,下午,5,wave_d04_afternoon,pal_002,捣蛋猫,风,青铜,392.8,pal_001|pal_002|pal_003|pal_004|pal_005,青铜90/白银10/黄金0/钻石4
ysbzs-local-2,4,6,1,enc_d04_evening_fixed,第四天晚上固定战,下午,5,wave_d04_afternoon,pal_002,捣蛋猫,风,白银,392.8,pal_001|pal_002|pal_003|pal_004|pal_005,青铜90/白银10/黄金0/钻石4
ysbzs-local-2,5,3,1,enc_d05_midday_a,第五天中午遭遇A,上午,1,wave_d05_morning,pal_002,捣蛋猫,风,青铜,124.3,pal_001|pal_002|pal_003|pal_004|pal_005,青铜90/白银10/黄金0/钻石0
ysbzs-local-2,5,3,1,enc_d05_midday_a,第五天中午遭遇A,上午,1,wave_d05_morning,pal_004,翠叶鼠,风,青铜,124.3,pal_001|pal_002|pal_003|pal_004|pal_005,青铜90/白银10/黄金0/钻石0
ysbzs-local-2,5,3,1,enc_d05_midday_a,第五天中午遭遇A,上午,2,wave_d05_morning,pal_004,翠叶鼠,风,青铜,189,pal_001|pal_002|pal_003|pal_004|pal_005,青铜90/白银10/黄金0/钻石1
ysbzs-local-2,5,3,1,enc_d05_midday_a,第五天中午遭遇A,上午,2,wave_d05_morning,pal_001,棉悠悠,风,青铜,189,pal_001|pal_002|pal_003|pal_004|pal_005,青铜90/白银10/黄金0/钻石1
ysbzs-local-2,5,3,1,enc_d05_midday_a,第五天中午遭遇A,上午,2,wave_d05_morning,pal_005,火绒狐,火,青铜,189,pal_001|pal_002|pal_003|pal_004|pal_005,青铜90/白银10/黄金0/钻石1
ysbzs-local-2,5,3,1,enc_d05_midday_a,第五天中午遭遇A,上午,3,wave_d05_morning,pal_003,皮皮鸡,风,青铜,255.4,pal_001|pal_002|pal_003|pal_004|pal_005,青铜90/白银10/黄金0/钻石2
ysbzs-local-2,5,3,1,enc_d05_midday_a,第五天中午遭遇A,上午,3,wave_d05_morning,pal_002,捣蛋猫,风,青铜,255.4,pal_001|pal_002|pal_003|pal_004|pal_005,青铜90/白银10/黄金0/钻石2
ysbzs-local-2,5,3,1,enc_d05_midday_a,第五天中午遭遇A,上午,3,wave_d05_morning,pal_005,火绒狐,火,白银,255.4,pal_001|pal_002|pal_003|pal_004|pal_005,青铜90/白银10/黄金0/钻石2
ysbzs-local-2,5,3,1,enc_d05_midday_a,第五天中午遭遇A,上午,3,wave_d05_morning,pal_001,棉悠悠,风,青铜,255.4,pal_001|pal_002|pal_003|pal_004|pal_005,青铜90/白银10/黄金0/钻石2
ysbzs-local-2,5,3,1,enc_d05_midday_a,第五天中午遭遇A,上午,4,wave_d05_morning,pal_005,火绒狐,火,青铜,323.3,pal_001|pal_002|pal_003|pal_004|pal_005,青铜90/白银10/黄金0/钻石3
ysbzs-local-2,5,3,1,enc_d05_midday_a,第五天中午遭遇A,上午,4,wave_d05_morning,pal_002,捣蛋猫,风,青铜,323.3,pal_001|pal_002|pal_003|pal_004|pal_005,青铜90/白银10/黄金0/钻石3
ysbzs-local-2,5,3,1,enc_d05_midday_a,第五天中午遭遇A,上午,4,wave_d05_morning,pal_001,棉悠悠,风,青铜,323.3,pal_001|pal_002|pal_003|pal_004|pal_005,青铜90/白银10/黄金0/钻石3
ysbzs-local-2,5,3,1,enc_d05_midday_a,第五天中午遭遇A,上午,4,wave_d05_morning,pal_003,皮皮鸡,风,青铜,323.3,pal_001|pal_002|pal_003|pal_004|pal_005,青铜90/白银10/黄金0/钻石3
ysbzs-local-2,5,3,1,enc_d05_midday_a,第五天中午遭遇A,上午,4,wave_d05_morning,pal_004,翠叶鼠,风,青铜,323.3,pal_001|pal_002|pal_003|pal_004|pal_005,青铜90/白银10/黄金0/钻石3
ysbzs-local-2,5,3,1,enc_d05_midday_a,第五天中午遭遇A,上午,4,wave_d05_morning,pal_005,火绒狐,火,青铜,323.3,pal_001|pal_002|pal_003|pal_004|pal_005,青铜90/白银10/黄金0/钻石3
ysbzs-local-2,5,3,1,enc_d05_midday_a,第五天中午遭遇A,上午,4,wave_d05_morning,pal_002,捣蛋猫,风,青铜,323.3,pal_001|pal_002|pal_003|pal_004|pal_005,青铜90/白银10/黄金0/钻石3
ysbzs-local-2,5,3,1,enc_d05_midday_a,第五天中午遭遇A,上午,4,wave_d05_morning,pal_001,棉悠悠,风,青铜,323.3,pal_001|pal_002|pal_003|pal_004|pal_005,青铜90/白银10/黄金0/钻石3
ysbzs-local-2,5,3,1,enc_d05_midday_a,第五天中午遭遇A,上午,4,wave_d05_morning,pal_003,皮皮鸡,风,青铜,323.3,pal_001|pal_002|pal_003|pal_004|pal_005,青铜90/白银10/黄金0/钻石3
ysbzs-local-2,5,3,1,enc_d05_midday_a,第五天中午遭遇A,上午,4,wave_d05_morning,pal_004,翠叶鼠,风,青铜,323.3,pal_001|pal_002|pal_003|pal_004|pal_005,青铜90/白银10/黄金0/钻石3
ysbzs-local-2,5,3,1,enc_d05_midday_a,第五天中午遭遇A,上午,5,wave_d05_morning,pal_002,捣蛋猫,风,青铜,392.8,pal_001|pal_002|pal_003|pal_004|pal_005,青铜90/白银10/黄金0/钻石4
ysbzs-local-2,5,3,1,enc_d05_midday_a,第五天中午遭遇A,上午,5,wave_d05_morning,pal_003,皮皮鸡,风,青铜,392.8,pal_001|pal_002|pal_003|pal_004|pal_005,青铜90/白银10/黄金0/钻石4
ysbzs-local-2,5,3,1,enc_d05_midday_a,第五天中午遭遇A,上午,5,wave_d05_morning,pal_004,翠叶鼠,风,青铜,392.8,pal_001|pal_002|pal_003|pal_004|pal_005,青铜90/白银10/黄金0/钻石4
ysbzs-local-2,5,3,1,enc_d05_midday_a,第五天中午遭遇A,上午,5,wave_d05_morning,pal_001,棉悠悠,风,白银,392.8,pal_001|pal_002|pal_003|pal_004|pal_005,青铜90/白银10/黄金0/钻石4
ysbzs-local-2,5,3,1,enc_d05_midday_a,第五天中午遭遇A,上午,5,wave_d05_morning,pal_005,火绒狐,火,白银,392.8,pal_001|pal_002|pal_003|pal_004|pal_005,青铜90/白银10/黄金0/钻石4
ysbzs-local-2,5,3,1,enc_d05_midday_a,第五天中午遭遇A,上午,5,wave_d05_morning,pal_003,皮皮鸡,风,青铜,392.8,pal_001|pal_002|pal_003|pal_004|pal_005,青铜90/白银10/黄金0/钻石4
ysbzs-local-2,5,3,1,enc_d05_midday_a,第五天中午遭遇A,上午,5,wave_d05_morning,pal_002,捣蛋猫,风,青铜,392.8,pal_001|pal_002|pal_003|pal_004|pal_005,青铜90/白银10/黄金0/钻石4
ysbzs-local-2,5,3,1,enc_d05_midday_a,第五天中午遭遇A,上午,5,wave_d05_morning,pal_003,皮皮鸡,风,青铜,392.8,pal_001|pal_002|pal_003|pal_004|pal_005,青铜90/白银10/黄金0/钻石4
ysbzs-local-2,5,3,1,enc_d05_midday_a,第五天中午遭遇A,上午,5,wave_d05_morning,pal_004,翠叶鼠,风,青铜,392.8,pal_001|pal_002|pal_003|pal_004|pal_005,青铜90/白银10/黄金0/钻石4
ysbzs-local-2,5,3,1,enc_d05_midday_a,第五天中午遭遇A,上午,5,wave_d05_morning,pal_001,棉悠悠,风,白银,392.8,pal_001|pal_002|pal_003|pal_004|pal_005,青铜90/白银10/黄金0/钻石4
ysbzs-local-2,5,3,1,enc_d05_midday_a,第五天中午遭遇A,上午,5,wave_d05_morning,pal_005,火绒狐,火,白银,392.8,pal_001|pal_002|pal_003|pal_004|pal_005,青铜90/白银10/黄金0/钻石4
ysbzs-local-2,5,3,1,enc_d05_midday_a,第五天中午遭遇A,上午,5,wave_d05_morning,pal_003,皮皮鸡,风,青铜,392.8,pal_001|pal_002|pal_003|pal_004|pal_005,青铜90/白银10/黄金0/钻石4
ysbzs-local-2,5,6,1,enc_d05_evening_fixed,第五天晚上固定战,下午,1,wave_d05_afternoon,pal_003,皮皮鸡,风,青铜,124.3,pal_001|pal_002|pal_003|pal_004|pal_005,青铜90/白银10/黄金0/钻石0
ysbzs-local-2,5,6,1,enc_d05_evening_fixed,第五天晚上固定战,下午,1,wave_d05_afternoon,pal_001,棉悠悠,风,白银,124.3,pal_001|pal_002|pal_003|pal_004|pal_005,青铜90/白银10/黄金0/钻石0
ysbzs-local-2,5,6,1,enc_d05_evening_fixed,第五天晚上固定战,下午,2,wave_d05_afternoon,pal_002,捣蛋猫,风,青铜,189,pal_001|pal_002|pal_003|pal_004|pal_005,青铜90/白银10/黄金0/钻石1
ysbzs-local-2,5,6,1,enc_d05_evening_fixed,第五天晚上固定战,下午,2,wave_d05_afternoon,pal_001,棉悠悠,风,青铜,189,pal_001|pal_002|pal_003|pal_004|pal_005,青铜90/白银10/黄金0/钻石1
ysbzs-local-2,5,6,1,enc_d05_evening_fixed,第五天晚上固定战,下午,2,wave_d05_afternoon,pal_004,翠叶鼠,风,青铜,189,pal_001|pal_002|pal_003|pal_004|pal_005,青铜90/白银10/黄金0/钻石1
ysbzs-local-2,5,6,1,enc_d05_evening_fixed,第五天晚上固定战,下午,3,wave_d05_afternoon,pal_001,棉悠悠,风,青铜,255.4,pal_001|pal_002|pal_003|pal_004|pal_005,青铜90/白银10/黄金0/钻石2
ysbzs-local-2,5,6,1,enc_d05_evening_fixed,第五天晚上固定战,下午,3,wave_d05_afternoon,pal_003,皮皮鸡,风,青铜,255.4,pal_001|pal_002|pal_003|pal_004|pal_005,青铜90/白银10/黄金0/钻石2
ysbzs-local-2,5,6,1,enc_d05_evening_fixed,第五天晚上固定战,下午,3,wave_d05_afternoon,pal_005,火绒狐,火,青铜,255.4,pal_001|pal_002|pal_003|pal_004|pal_005,青铜90/白银10/黄金0/钻石2
ysbzs-local-2,5,6,1,enc_d05_evening_fixed,第五天晚上固定战,下午,3,wave_d05_afternoon,pal_004,翠叶鼠,风,青铜,255.4,pal_001|pal_002|pal_003|pal_004|pal_005,青铜90/白银10/黄金0/钻石2
ysbzs-local-2,5,6,1,enc_d05_evening_fixed,第五天晚上固定战,下午,4,wave_d05_afternoon,pal_005,火绒狐,火,青铜,323.3,pal_001|pal_002|pal_003|pal_004|pal_005,青铜90/白银10/黄金0/钻石3
ysbzs-local-2,5,6,1,enc_d05_evening_fixed,第五天晚上固定战,下午,4,wave_d05_afternoon,pal_003,皮皮鸡,风,青铜,323.3,pal_001|pal_002|pal_003|pal_004|pal_005,青铜90/白银10/黄金0/钻石3
ysbzs-local-2,5,6,1,enc_d05_evening_fixed,第五天晚上固定战,下午,4,wave_d05_afternoon,pal_002,捣蛋猫,风,青铜,323.3,pal_001|pal_002|pal_003|pal_004|pal_005,青铜90/白银10/黄金0/钻石3
ysbzs-local-2,5,6,1,enc_d05_evening_fixed,第五天晚上固定战,下午,4,wave_d05_afternoon,pal_001,棉悠悠,风,青铜,323.3,pal_001|pal_002|pal_003|pal_004|pal_005,青铜90/白银10/黄金0/钻石3
ysbzs-local-2,5,6,1,enc_d05_evening_fixed,第五天晚上固定战,下午,4,wave_d05_afternoon,pal_004,翠叶鼠,风,青铜,323.3,pal_001|pal_002|pal_003|pal_004|pal_005,青铜90/白银10/黄金0/钻石3
ysbzs-local-2,5,6,1,enc_d05_evening_fixed,第五天晚上固定战,下午,5,wave_d05_afternoon,pal_003,皮皮鸡,风,白银,392.8,pal_001|pal_002|pal_003|pal_004|pal_005,青铜90/白银10/黄金0/钻石4
ysbzs-local-2,5,6,1,enc_d05_evening_fixed,第五天晚上固定战,下午,5,wave_d05_afternoon,pal_001,棉悠悠,风,青铜,392.8,pal_001|pal_002|pal_003|pal_004|pal_005,青铜90/白银10/黄金0/钻石4
ysbzs-local-2,5,6,1,enc_d05_evening_fixed,第五天晚上固定战,下午,5,wave_d05_afternoon,pal_002,捣蛋猫,风,青铜,392.8,pal_001|pal_002|pal_003|pal_004|pal_005,青铜90/白银10/黄金0/钻石4
ysbzs-local-2,5,6,1,enc_d05_evening_fixed,第五天晚上固定战,下午,5,wave_d05_afternoon,pal_004,翠叶鼠,风,青铜,392.8,pal_001|pal_002|pal_003|pal_004|pal_005,青铜90/白银10/黄金0/钻石4
ysbzs-local-2,5,6,1,enc_d05_evening_fixed,第五天晚上固定战,下午,5,wave_d05_afternoon,pal_005,火绒狐,火,青铜,392.8,pal_001|pal_002|pal_003|pal_004|pal_005,青铜90/白银10/黄金0/钻石4
ysbzs-local-2,5,6,1,enc_d05_evening_fixed,第五天晚上固定战,下午,5,wave_d05_afternoon,pal_005,火绒狐,火,青铜,392.8,pal_001|pal_002|pal_003|pal_004|pal_005,青铜90/白银10/黄金0/钻石4
ysbzs-local-2,5,6,1,enc_d05_evening_fixed,第五天晚上固定战,下午,5,wave_d05_afternoon,pal_003,皮皮鸡,风,白银,392.8,pal_001|pal_002|pal_003|pal_004|pal_005,青铜90/白银10/黄金0/钻石4
ysbzs-local-2,5,6,1,enc_d05_evening_fixed,第五天晚上固定战,下午,5,wave_d05_afternoon,pal_001,棉悠悠,风,青铜,392.8,pal_001|pal_002|pal_003|pal_004|pal_005,青铜90/白银10/黄金0/钻石4
ysbzs-local-2,5,6,1,enc_d05_evening_fixed,第五天晚上固定战,下午,5,wave_d05_afternoon,pal_002,捣蛋猫,风,青铜,392.8,pal_001|pal_002|pal_003|pal_004|pal_005,青铜90/白银10/黄金0/钻石4
ysbzs-local-2,5,6,1,enc_d05_evening_fixed,第五天晚上固定战,下午,5,wave_d05_afternoon,pal_004,翠叶鼠,风,青铜,392.8,pal_001|pal_002|pal_003|pal_004|pal_005,青铜90/白银10/黄金0/钻石4
ysbzs-local-2,5,6,1,enc_d05_evening_fixed,第五天晚上固定战,下午,5,wave_d05_afternoon,pal_005,火绒狐,火,青铜,392.8,pal_001|pal_002|pal_003|pal_004|pal_005,青铜90/白银10/黄金0/钻石4
ysbzs-local-2,5,6,1,enc_d05_evening_fixed,第五天晚上固定战,下午,5,wave_d05_afternoon,pal_005,火绒狐,火,青铜,392.8,pal_001|pal_002|pal_003|pal_004|pal_005,青铜90/白银10/黄金0/钻石4
ysbzs-local-2,6,3,1,enc_d06_midday_a,第六天精英遭遇A,上午,1,wave_d06_morning,pal_003,皮皮鸡,风,青铜,124.3,pal_001|pal_002|pal_003|pal_004|pal_005,青铜90/白银10/黄金0/钻石0
ysbzs-local-2,6,3,1,enc_d06_midday_a,第六天精英遭遇A,上午,1,wave_d06_morning,pal_001,棉悠悠,风,青铜,124.3,pal_001|pal_002|pal_003|pal_004|pal_005,青铜90/白银10/黄金0/钻石0
ysbzs-local-2,6,3,1,enc_d06_midday_a,第六天精英遭遇A,上午,1,wave_d06_morning,pal_003,皮皮鸡,风,青铜,124.3,pal_001|pal_002|pal_003|pal_004|pal_005,青铜90/白银10/黄金0/钻石0
ysbzs-local-2,6,3,1,enc_d06_midday_a,第六天精英遭遇A,上午,1,wave_d06_morning,pal_001,棉悠悠,风,青铜,124.3,pal_001|pal_002|pal_003|pal_004|pal_005,青铜90/白银10/黄金0/钻石0
ysbzs-local-2,6,3,1,enc_d06_midday_a,第六天精英遭遇A,上午,2,wave_d06_morning,pal_004,翠叶鼠,风,青铜,189,pal_001|pal_002|pal_003|pal_004|pal_005,青铜90/白银10/黄金0/钻石1
ysbzs-local-2,6,3,1,enc_d06_midday_a,第六天精英遭遇A,上午,2,wave_d06_morning,pal_001,棉悠悠,风,青铜,189,pal_001|pal_002|pal_003|pal_004|pal_005,青铜90/白银10/黄金0/钻石1
ysbzs-local-2,6,3,1,enc_d06_midday_a,第六天精英遭遇A,上午,2,wave_d06_morning,pal_005,火绒狐,火,青铜,189,pal_001|pal_002|pal_003|pal_004|pal_005,青铜90/白银10/黄金0/钻石1
ysbzs-local-2,6,3,1,enc_d06_midday_a,第六天精英遭遇A,上午,3,wave_d06_morning,pal_004,翠叶鼠,风,白银,255.4,pal_001|pal_002|pal_003|pal_004|pal_005,青铜90/白银10/黄金0/钻石2
ysbzs-local-2,6,3,1,enc_d06_midday_a,第六天精英遭遇A,上午,3,wave_d06_morning,pal_003,皮皮鸡,风,青铜,255.4,pal_001|pal_002|pal_003|pal_004|pal_005,青铜90/白银10/黄金0/钻石2
ysbzs-local-2,6,3,1,enc_d06_midday_a,第六天精英遭遇A,上午,3,wave_d06_morning,pal_005,火绒狐,火,青铜,255.4,pal_001|pal_002|pal_003|pal_004|pal_005,青铜90/白银10/黄金0/钻石2
ysbzs-local-2,6,3,1,enc_d06_midday_a,第六天精英遭遇A,上午,3,wave_d06_morning,pal_002,捣蛋猫,风,青铜,255.4,pal_001|pal_002|pal_003|pal_004|pal_005,青铜90/白银10/黄金0/钻石2
ysbzs-local-2,6,3,1,enc_d06_midday_a,第六天精英遭遇A,上午,4,wave_d06_morning,pal_004,翠叶鼠,风,青铜,323.3,pal_001|pal_002|pal_003|pal_004|pal_005,青铜90/白银10/黄金0/钻石3
ysbzs-local-2,6,3,1,enc_d06_midday_a,第六天精英遭遇A,上午,4,wave_d06_morning,pal_003,皮皮鸡,风,青铜,323.3,pal_001|pal_002|pal_003|pal_004|pal_005,青铜90/白银10/黄金0/钻石3
ysbzs-local-2,6,3,1,enc_d06_midday_a,第六天精英遭遇A,上午,4,wave_d06_morning,pal_001,棉悠悠,风,青铜,323.3,pal_001|pal_002|pal_003|pal_004|pal_005,青铜90/白银10/黄金0/钻石3
ysbzs-local-2,6,3,1,enc_d06_midday_a,第六天精英遭遇A,上午,4,wave_d06_morning,pal_002,捣蛋猫,风,青铜,323.3,pal_001|pal_002|pal_003|pal_004|pal_005,青铜90/白银10/黄金0/钻石3
ysbzs-local-2,6,3,1,enc_d06_midday_a,第六天精英遭遇A,上午,4,wave_d06_morning,pal_005,火绒狐,火,青铜,323.3,pal_001|pal_002|pal_003|pal_004|pal_005,青铜90/白银10/黄金0/钻石3
ysbzs-local-2,6,3,1,enc_d06_midday_a,第六天精英遭遇A,上午,4,wave_d06_morning,pal_004,翠叶鼠,风,青铜,323.3,pal_001|pal_002|pal_003|pal_004|pal_005,青铜90/白银10/黄金0/钻石3
ysbzs-local-2,6,3,1,enc_d06_midday_a,第六天精英遭遇A,上午,4,wave_d06_morning,pal_003,皮皮鸡,风,青铜,323.3,pal_001|pal_002|pal_003|pal_004|pal_005,青铜90/白银10/黄金0/钻石3
ysbzs-local-2,6,3,1,enc_d06_midday_a,第六天精英遭遇A,上午,4,wave_d06_morning,pal_001,棉悠悠,风,青铜,323.3,pal_001|pal_002|pal_003|pal_004|pal_005,青铜90/白银10/黄金0/钻石3
ysbzs-local-2,6,3,1,enc_d06_midday_a,第六天精英遭遇A,上午,4,wave_d06_morning,pal_002,捣蛋猫,风,青铜,323.3,pal_001|pal_002|pal_003|pal_004|pal_005,青铜90/白银10/黄金0/钻石3
ysbzs-local-2,6,3,1,enc_d06_midday_a,第六天精英遭遇A,上午,4,wave_d06_morning,pal_005,火绒狐,火,青铜,323.3,pal_001|pal_002|pal_003|pal_004|pal_005,青铜90/白银10/黄金0/钻石3
ysbzs-local-2,6,3,1,enc_d06_midday_a,第六天精英遭遇A,上午,5,wave_d06_morning,pal_005,火绒狐,火,青铜,392.8,pal_001|pal_002|pal_003|pal_004|pal_005,青铜90/白银10/黄金0/钻石4
ysbzs-local-2,6,3,1,enc_d06_midday_a,第六天精英遭遇A,上午,5,wave_d06_morning,pal_004,翠叶鼠,风,青铜,392.8,pal_001|pal_002|pal_003|pal_004|pal_005,青铜90/白银10/黄金0/钻石4
ysbzs-local-2,6,3,1,enc_d06_midday_a,第六天精英遭遇A,上午,5,wave_d06_morning,pal_002,捣蛋猫,风,青铜,392.8,pal_001|pal_002|pal_003|pal_004|pal_005,青铜90/白银10/黄金0/钻石4
ysbzs-local-2,6,3,1,enc_d06_midday_a,第六天精英遭遇A,上午,5,wave_d06_morning,pal_001,棉悠悠,风,青铜,392.8,pal_001|pal_002|pal_003|pal_004|pal_005,青铜90/白银10/黄金0/钻石4
ysbzs-local-2,6,3,1,enc_d06_midday_a,第六天精英遭遇A,上午,5,wave_d06_morning,pal_003,皮皮鸡,风,青铜,392.8,pal_001|pal_002|pal_003|pal_004|pal_005,青铜90/白银10/黄金0/钻石4
ysbzs-local-2,6,3,1,enc_d06_midday_a,第六天精英遭遇A,上午,5,wave_d06_morning,pal_001,棉悠悠,风,青铜,392.8,pal_001|pal_002|pal_003|pal_004|pal_005,青铜90/白银10/黄金0/钻石4
ysbzs-local-2,6,6,1,enc_d06_evening_fixed,第六天晚上精英固定战,下午,1,wave_d06_afternoon,pal_005,火绒狐,火,青铜,124.3,pal_001|pal_002|pal_003|pal_004|pal_005,青铜90/白银10/黄金0/钻石0
ysbzs-local-2,6,6,1,enc_d06_evening_fixed,第六天晚上精英固定战,下午,1,wave_d06_afternoon,pal_002,捣蛋猫,风,青铜,124.3,pal_001|pal_002|pal_003|pal_004|pal_005,青铜90/白银10/黄金0/钻石0
ysbzs-local-2,6,6,1,enc_d06_evening_fixed,第六天晚上精英固定战,下午,2,wave_d06_afternoon,pal_002,捣蛋猫,风,青铜,189,pal_001|pal_002|pal_003|pal_004|pal_005,青铜90/白银10/黄金0/钻石1
ysbzs-local-2,6,6,1,enc_d06_evening_fixed,第六天晚上精英固定战,下午,2,wave_d06_afternoon,pal_003,皮皮鸡,风,青铜,189,pal_001|pal_002|pal_003|pal_004|pal_005,青铜90/白银10/黄金0/钻石1
ysbzs-local-2,6,6,1,enc_d06_evening_fixed,第六天晚上精英固定战,下午,2,wave_d06_afternoon,pal_004,翠叶鼠,风,青铜,189,pal_001|pal_002|pal_003|pal_004|pal_005,青铜90/白银10/黄金0/钻石1
ysbzs-local-2,6,6,1,enc_d06_evening_fixed,第六天晚上精英固定战,下午,3,wave_d06_afternoon,pal_005,火绒狐,火,青铜,255.4,pal_001|pal_002|pal_003|pal_004|pal_005,青铜90/白银10/黄金0/钻石2
ysbzs-local-2,6,6,1,enc_d06_evening_fixed,第六天晚上精英固定战,下午,3,wave_d06_afternoon,pal_004,翠叶鼠,风,青铜,255.4,pal_001|pal_002|pal_003|pal_004|pal_005,青铜90/白银10/黄金0/钻石2
ysbzs-local-2,6,6,1,enc_d06_evening_fixed,第六天晚上精英固定战,下午,3,wave_d06_afternoon,pal_002,捣蛋猫,风,青铜,255.4,pal_001|pal_002|pal_003|pal_004|pal_005,青铜90/白银10/黄金0/钻石2
ysbzs-local-2,6,6,1,enc_d06_evening_fixed,第六天晚上精英固定战,下午,3,wave_d06_afternoon,pal_003,皮皮鸡,风,青铜,255.4,pal_001|pal_002|pal_003|pal_004|pal_005,青铜90/白银10/黄金0/钻石2
ysbzs-local-2,6,6,1,enc_d06_evening_fixed,第六天晚上精英固定战,下午,3,wave_d06_afternoon,pal_005,火绒狐,火,青铜,255.4,pal_001|pal_002|pal_003|pal_004|pal_005,青铜90/白银10/黄金0/钻石2
ysbzs-local-2,6,6,1,enc_d06_evening_fixed,第六天晚上精英固定战,下午,3,wave_d06_afternoon,pal_004,翠叶鼠,风,青铜,255.4,pal_001|pal_002|pal_003|pal_004|pal_005,青铜90/白银10/黄金0/钻石2
ysbzs-local-2,6,6,1,enc_d06_evening_fixed,第六天晚上精英固定战,下午,3,wave_d06_afternoon,pal_002,捣蛋猫,风,青铜,255.4,pal_001|pal_002|pal_003|pal_004|pal_005,青铜90/白银10/黄金0/钻石2
ysbzs-local-2,6,6,1,enc_d06_evening_fixed,第六天晚上精英固定战,下午,3,wave_d06_afternoon,pal_003,皮皮鸡,风,青铜,255.4,pal_001|pal_002|pal_003|pal_004|pal_005,青铜90/白银10/黄金0/钻石2
ysbzs-local-2,6,6,1,enc_d06_evening_fixed,第六天晚上精英固定战,下午,4,wave_d06_afternoon,pal_002,捣蛋猫,风,青铜,323.3,pal_001|pal_002|pal_003|pal_004|pal_005,青铜90/白银10/黄金0/钻石3
ysbzs-local-2,6,6,1,enc_d06_evening_fixed,第六天晚上精英固定战,下午,4,wave_d06_afternoon,pal_001,棉悠悠,风,青铜,323.3,pal_001|pal_002|pal_003|pal_004|pal_005,青铜90/白银10/黄金0/钻石3
ysbzs-local-2,6,6,1,enc_d06_evening_fixed,第六天晚上精英固定战,下午,4,wave_d06_afternoon,pal_005,火绒狐,火,青铜,323.3,pal_001|pal_002|pal_003|pal_004|pal_005,青铜90/白银10/黄金0/钻石3
ysbzs-local-2,6,6,1,enc_d06_evening_fixed,第六天晚上精英固定战,下午,4,wave_d06_afternoon,pal_003,皮皮鸡,风,青铜,323.3,pal_001|pal_002|pal_003|pal_004|pal_005,青铜90/白银10/黄金0/钻石3
ysbzs-local-2,6,6,1,enc_d06_evening_fixed,第六天晚上精英固定战,下午,4,wave_d06_afternoon,pal_004,翠叶鼠,风,青铜,323.3,pal_001|pal_002|pal_003|pal_004|pal_005,青铜90/白银10/黄金0/钻石3
ysbzs-local-2,6,6,1,enc_d06_evening_fixed,第六天晚上精英固定战,下午,4,wave_d06_afternoon,pal_002,捣蛋猫,风,青铜,323.3,pal_001|pal_002|pal_003|pal_004|pal_005,青铜90/白银10/黄金0/钻石3
ysbzs-local-2,6,6,1,enc_d06_evening_fixed,第六天晚上精英固定战,下午,4,wave_d06_afternoon,pal_001,棉悠悠,风,青铜,323.3,pal_001|pal_002|pal_003|pal_004|pal_005,青铜90/白银10/黄金0/钻石3
ysbzs-local-2,6,6,1,enc_d06_evening_fixed,第六天晚上精英固定战,下午,4,wave_d06_afternoon,pal_005,火绒狐,火,青铜,323.3,pal_001|pal_002|pal_003|pal_004|pal_005,青铜90/白银10/黄金0/钻石3
ysbzs-local-2,6,6,1,enc_d06_evening_fixed,第六天晚上精英固定战,下午,4,wave_d06_afternoon,pal_003,皮皮鸡,风,青铜,323.3,pal_001|pal_002|pal_003|pal_004|pal_005,青铜90/白银10/黄金0/钻石3
ysbzs-local-2,6,6,1,enc_d06_evening_fixed,第六天晚上精英固定战,下午,4,wave_d06_afternoon,pal_004,翠叶鼠,风,青铜,323.3,pal_001|pal_002|pal_003|pal_004|pal_005,青铜90/白银10/黄金0/钻石3
ysbzs-local-2,6,6,1,enc_d06_evening_fixed,第六天晚上精英固定战,下午,5,wave_d06_afternoon,pal_003,皮皮鸡,风,白银,392.8,pal_001|pal_002|pal_003|pal_004|pal_005,青铜90/白银10/黄金0/钻石4
ysbzs-local-2,6,6,1,enc_d06_evening_fixed,第六天晚上精英固定战,下午,5,wave_d06_afternoon,pal_005,火绒狐,火,青铜,392.8,pal_001|pal_002|pal_003|pal_004|pal_005,青铜90/白银10/黄金0/钻石4
ysbzs-local-2,6,6,1,enc_d06_evening_fixed,第六天晚上精英固定战,下午,5,wave_d06_afternoon,pal_002,捣蛋猫,风,青铜,392.8,pal_001|pal_002|pal_003|pal_004|pal_005,青铜90/白银10/黄金0/钻石4
ysbzs-local-2,6,6,1,enc_d06_evening_fixed,第六天晚上精英固定战,下午,5,wave_d06_afternoon,pal_004,翠叶鼠,风,白银,392.8,pal_001|pal_002|pal_003|pal_004|pal_005,青铜90/白银10/黄金0/钻石4
ysbzs-local-2,6,6,1,enc_d06_evening_fixed,第六天晚上精英固定战,下午,5,wave_d06_afternoon,pal_001,棉悠悠,风,青铜,392.8,pal_001|pal_002|pal_003|pal_004|pal_005,青铜90/白银10/黄金0/钻石4
ysbzs-local-2,6,6,1,enc_d06_evening_fixed,第六天晚上精英固定战,下午,5,wave_d06_afternoon,pal_002,捣蛋猫,风,青铜,392.8,pal_001|pal_002|pal_003|pal_004|pal_005,青铜90/白银10/黄金0/钻石4
ysbzs-local-2,7,3,1,enc_d07_midday_a,第七天精英遭遇A,上午,1,wave_d07_morning,pal_003,皮皮鸡,风,青铜,124.3,pal_001|pal_002|pal_003|pal_004|pal_005,青铜90/白银10/黄金0/钻石0
ysbzs-local-2,7,3,1,enc_d07_midday_a,第七天精英遭遇A,上午,1,wave_d07_morning,pal_001,棉悠悠,风,青铜,124.3,pal_001|pal_002|pal_003|pal_004|pal_005,青铜90/白银10/黄金0/钻石0
ysbzs-local-2,7,3,1,enc_d07_midday_a,第七天精英遭遇A,上午,2,wave_d07_morning,pal_001,棉悠悠,风,青铜,189,pal_001|pal_002|pal_003|pal_004|pal_005,青铜90/白银10/黄金0/钻石1
ysbzs-local-2,7,3,1,enc_d07_midday_a,第七天精英遭遇A,上午,2,wave_d07_morning,pal_005,火绒狐,火,青铜,189,pal_001|pal_002|pal_003|pal_004|pal_005,青铜90/白银10/黄金0/钻石1
ysbzs-local-2,7,3,1,enc_d07_midday_a,第七天精英遭遇A,上午,2,wave_d07_morning,pal_002,捣蛋猫,风,青铜,189,pal_001|pal_002|pal_003|pal_004|pal_005,青铜90/白银10/黄金0/钻石1
ysbzs-local-2,7,3,1,enc_d07_midday_a,第七天精英遭遇A,上午,3,wave_d07_morning,pal_002,捣蛋猫,风,青铜,255.4,pal_001|pal_002|pal_003|pal_004|pal_005,青铜90/白银10/黄金0/钻石2
ysbzs-local-2,7,3,1,enc_d07_midday_a,第七天精英遭遇A,上午,3,wave_d07_morning,pal_003,皮皮鸡,风,青铜,255.4,pal_001|pal_002|pal_003|pal_004|pal_005,青铜90/白银10/黄金0/钻石2
ysbzs-local-2,7,3,1,enc_d07_midday_a,第七天精英遭遇A,上午,3,wave_d07_morning,pal_001,棉悠悠,风,青铜,255.4,pal_001|pal_002|pal_003|pal_004|pal_005,青铜90/白银10/黄金0/钻石2
ysbzs-local-2,7,3,1,enc_d07_midday_a,第七天精英遭遇A,上午,3,wave_d07_morning,pal_004,翠叶鼠,风,青铜,255.4,pal_001|pal_002|pal_003|pal_004|pal_005,青铜90/白银10/黄金0/钻石2
ysbzs-local-2,7,3,1,enc_d07_midday_a,第七天精英遭遇A,上午,4,wave_d07_morning,pal_001,棉悠悠,风,青铜,323.3,pal_001|pal_002|pal_003|pal_004|pal_005,青铜90/白银10/黄金0/钻石3
ysbzs-local-2,7,3,1,enc_d07_midday_a,第七天精英遭遇A,上午,4,wave_d07_morning,pal_004,翠叶鼠,风,青铜,323.3,pal_001|pal_002|pal_003|pal_004|pal_005,青铜90/白银10/黄金0/钻石3
ysbzs-local-2,7,3,1,enc_d07_midday_a,第七天精英遭遇A,上午,4,wave_d07_morning,pal_002,捣蛋猫,风,青铜,323.3,pal_001|pal_002|pal_003|pal_004|pal_005,青铜90/白银10/黄金0/钻石3
ysbzs-local-2,7,3,1,enc_d07_midday_a,第七天精英遭遇A,上午,4,wave_d07_morning,pal_005,火绒狐,火,青铜,323.3,pal_001|pal_002|pal_003|pal_004|pal_005,青铜90/白银10/黄金0/钻石3
ysbzs-local-2,7,3,1,enc_d07_midday_a,第七天精英遭遇A,上午,4,wave_d07_morning,pal_003,皮皮鸡,风,青铜,323.3,pal_001|pal_002|pal_003|pal_004|pal_005,青铜90/白银10/黄金0/钻石3
ysbzs-local-2,7,3,1,enc_d07_midday_a,第七天精英遭遇A,上午,4,wave_d07_morning,pal_001,棉悠悠,风,青铜,323.3,pal_001|pal_002|pal_003|pal_004|pal_005,青铜90/白银10/黄金0/钻石3
ysbzs-local-2,7,3,1,enc_d07_midday_a,第七天精英遭遇A,上午,4,wave_d07_morning,pal_004,翠叶鼠,风,青铜,323.3,pal_001|pal_002|pal_003|pal_004|pal_005,青铜90/白银10/黄金0/钻石3
ysbzs-local-2,7,3,1,enc_d07_midday_a,第七天精英遭遇A,上午,4,wave_d07_morning,pal_002,捣蛋猫,风,青铜,323.3,pal_001|pal_002|pal_003|pal_004|pal_005,青铜90/白银10/黄金0/钻石3
ysbzs-local-2,7,3,1,enc_d07_midday_a,第七天精英遭遇A,上午,4,wave_d07_morning,pal_005,火绒狐,火,青铜,323.3,pal_001|pal_002|pal_003|pal_004|pal_005,青铜90/白银10/黄金0/钻石3
ysbzs-local-2,7,3,1,enc_d07_midday_a,第七天精英遭遇A,上午,4,wave_d07_morning,pal_003,皮皮鸡,风,青铜,323.3,pal_001|pal_002|pal_003|pal_004|pal_005,青铜90/白银10/黄金0/钻石3
ysbzs-local-2,7,3,1,enc_d07_midday_a,第七天精英遭遇A,上午,5,wave_d07_morning,pal_002,捣蛋猫,风,青铜,392.8,pal_001|pal_002|pal_003|pal_004|pal_005,青铜90/白银10/黄金0/钻石4
ysbzs-local-2,7,3,1,enc_d07_midday_a,第七天精英遭遇A,上午,5,wave_d07_morning,pal_004,翠叶鼠,风,青铜,392.8,pal_001|pal_002|pal_003|pal_004|pal_005,青铜90/白银10/黄金0/钻石4
ysbzs-local-2,7,3,1,enc_d07_midday_a,第七天精英遭遇A,上午,5,wave_d07_morning,pal_005,火绒狐,火,青铜,392.8,pal_001|pal_002|pal_003|pal_004|pal_005,青铜90/白银10/黄金0/钻石4
ysbzs-local-2,7,3,1,enc_d07_midday_a,第七天精英遭遇A,上午,5,wave_d07_morning,pal_001,棉悠悠,风,青铜,392.8,pal_001|pal_002|pal_003|pal_004|pal_005,青铜90/白银10/黄金0/钻石4
ysbzs-local-2,7,3,1,enc_d07_midday_a,第七天精英遭遇A,上午,5,wave_d07_morning,pal_003,皮皮鸡,风,青铜,392.8,pal_001|pal_002|pal_003|pal_004|pal_005,青铜90/白银10/黄金0/钻石4
ysbzs-local-2,7,3,1,enc_d07_midday_a,第七天精英遭遇A,上午,5,wave_d07_morning,pal_003,皮皮鸡,风,青铜,392.8,pal_001|pal_002|pal_003|pal_004|pal_005,青铜90/白银10/黄金0/钻石4
ysbzs-local-2,7,6,1,enc_d07_evening_fixed,第七天晚上精英固定战,下午,1,wave_d07_afternoon,pal_003,皮皮鸡,风,青铜,124.3,pal_001|pal_002|pal_003|pal_004|pal_005,青铜90/白银10/黄金0/钻石0
ysbzs-local-2,7,6,1,enc_d07_evening_fixed,第七天晚上精英固定战,下午,1,wave_d07_afternoon,pal_002,捣蛋猫,风,青铜,124.3,pal_001|pal_002|pal_003|pal_004|pal_005,青铜90/白银10/黄金0/钻石0
ysbzs-local-2,7,6,1,enc_d07_evening_fixed,第七天晚上精英固定战,下午,2,wave_d07_afternoon,pal_001,棉悠悠,风,青铜,189,pal_001|pal_002|pal_003|pal_004|pal_005,青铜90/白银10/黄金0/钻石1
ysbzs-local-2,7,6,1,enc_d07_evening_fixed,第七天晚上精英固定战,下午,2,wave_d07_afternoon,pal_002,捣蛋猫,风,青铜,189,pal_001|pal_002|pal_003|pal_004|pal_005,青铜90/白银10/黄金0/钻石1
ysbzs-local-2,7,6,1,enc_d07_evening_fixed,第七天晚上精英固定战,下午,2,wave_d07_afternoon,pal_004,翠叶鼠,风,青铜,189,pal_001|pal_002|pal_003|pal_004|pal_005,青铜90/白银10/黄金0/钻石1
ysbzs-local-2,7,6,1,enc_d07_evening_fixed,第七天晚上精英固定战,下午,2,wave_d07_afternoon,pal_001,棉悠悠,风,青铜,189,pal_001|pal_002|pal_003|pal_004|pal_005,青铜90/白银10/黄金0/钻石1
ysbzs-local-2,7,6,1,enc_d07_evening_fixed,第七天晚上精英固定战,下午,2,wave_d07_afternoon,pal_002,捣蛋猫,风,青铜,189,pal_001|pal_002|pal_003|pal_004|pal_005,青铜90/白银10/黄金0/钻石1
ysbzs-local-2,7,6,1,enc_d07_evening_fixed,第七天晚上精英固定战,下午,2,wave_d07_afternoon,pal_004,翠叶鼠,风,青铜,189,pal_001|pal_002|pal_003|pal_004|pal_005,青铜90/白银10/黄金0/钻石1
ysbzs-local-2,7,6,1,enc_d07_evening_fixed,第七天晚上精英固定战,下午,3,wave_d07_afternoon,pal_001,棉悠悠,风,青铜,255.4,pal_001|pal_002|pal_003|pal_004|pal_005,青铜90/白银10/黄金0/钻石2
ysbzs-local-2,7,6,1,enc_d07_evening_fixed,第七天晚上精英固定战,下午,3,wave_d07_afternoon,pal_002,捣蛋猫,风,青铜,255.4,pal_001|pal_002|pal_003|pal_004|pal_005,青铜90/白银10/黄金0/钻石2
ysbzs-local-2,7,6,1,enc_d07_evening_fixed,第七天晚上精英固定战,下午,3,wave_d07_afternoon,pal_004,翠叶鼠,风,青铜,255.4,pal_001|pal_002|pal_003|pal_004|pal_005,青铜90/白银10/黄金0/钻石2
ysbzs-local-2,7,6,1,enc_d07_evening_fixed,第七天晚上精英固定战,下午,3,wave_d07_afternoon,pal_005,火绒狐,火,青铜,255.4,pal_001|pal_002|pal_003|pal_004|pal_005,青铜90/白银10/黄金0/钻石2
ysbzs-local-2,7,6,1,enc_d07_evening_fixed,第七天晚上精英固定战,下午,3,wave_d07_afternoon,pal_001,棉悠悠,风,青铜,255.4,pal_001|pal_002|pal_003|pal_004|pal_005,青铜90/白银10/黄金0/钻石2
ysbzs-local-2,7,6,1,enc_d07_evening_fixed,第七天晚上精英固定战,下午,3,wave_d07_afternoon,pal_002,捣蛋猫,风,青铜,255.4,pal_001|pal_002|pal_003|pal_004|pal_005,青铜90/白银10/黄金0/钻石2
ysbzs-local-2,7,6,1,enc_d07_evening_fixed,第七天晚上精英固定战,下午,3,wave_d07_afternoon,pal_004,翠叶鼠,风,青铜,255.4,pal_001|pal_002|pal_003|pal_004|pal_005,青铜90/白银10/黄金0/钻石2
ysbzs-local-2,7,6,1,enc_d07_evening_fixed,第七天晚上精英固定战,下午,3,wave_d07_afternoon,pal_005,火绒狐,火,青铜,255.4,pal_001|pal_002|pal_003|pal_004|pal_005,青铜90/白银10/黄金0/钻石2
ysbzs-local-2,7,6,1,enc_d07_evening_fixed,第七天晚上精英固定战,下午,4,wave_d07_afternoon,pal_005,火绒狐,火,白银,323.3,pal_001|pal_002|pal_003|pal_004|pal_005,青铜90/白银10/黄金0/钻石3
ysbzs-local-2,7,6,1,enc_d07_evening_fixed,第七天晚上精英固定战,下午,4,wave_d07_afternoon,pal_003,皮皮鸡,风,白银,323.3,pal_001|pal_002|pal_003|pal_004|pal_005,青铜90/白银10/黄金0/钻石3
ysbzs-local-2,7,6,1,enc_d07_evening_fixed,第七天晚上精英固定战,下午,4,wave_d07_afternoon,pal_004,翠叶鼠,风,青铜,323.3,pal_001|pal_002|pal_003|pal_004|pal_005,青铜90/白银10/黄金0/钻石3
ysbzs-local-2,7,6,1,enc_d07_evening_fixed,第七天晚上精英固定战,下午,4,wave_d07_afternoon,pal_001,棉悠悠,风,青铜,323.3,pal_001|pal_002|pal_003|pal_004|pal_005,青铜90/白银10/黄金0/钻石3
ysbzs-local-2,7,6,1,enc_d07_evening_fixed,第七天晚上精英固定战,下午,4,wave_d07_afternoon,pal_002,捣蛋猫,风,青铜,323.3,pal_001|pal_002|pal_003|pal_004|pal_005,青铜90/白银10/黄金0/钻石3
ysbzs-local-2,7,6,1,enc_d07_evening_fixed,第七天晚上精英固定战,下午,4,wave_d07_afternoon,pal_005,火绒狐,火,白银,323.3,pal_001|pal_002|pal_003|pal_004|pal_005,青铜90/白银10/黄金0/钻石3
ysbzs-local-2,7,6,1,enc_d07_evening_fixed,第七天晚上精英固定战,下午,4,wave_d07_afternoon,pal_003,皮皮鸡,风,白银,323.3,pal_001|pal_002|pal_003|pal_004|pal_005,青铜90/白银10/黄金0/钻石3
ysbzs-local-2,7,6,1,enc_d07_evening_fixed,第七天晚上精英固定战,下午,4,wave_d07_afternoon,pal_004,翠叶鼠,风,青铜,323.3,pal_001|pal_002|pal_003|pal_004|pal_005,青铜90/白银10/黄金0/钻石3
ysbzs-local-2,7,6,1,enc_d07_evening_fixed,第七天晚上精英固定战,下午,4,wave_d07_afternoon,pal_001,棉悠悠,风,青铜,323.3,pal_001|pal_002|pal_003|pal_004|pal_005,青铜90/白银10/黄金0/钻石3
ysbzs-local-2,7,6,1,enc_d07_evening_fixed,第七天晚上精英固定战,下午,4,wave_d07_afternoon,pal_002,捣蛋猫,风,青铜,323.3,pal_001|pal_002|pal_003|pal_004|pal_005,青铜90/白银10/黄金0/钻石3
ysbzs-local-2,7,6,1,enc_d07_evening_fixed,第七天晚上精英固定战,下午,5,wave_d07_afternoon,pal_002,捣蛋猫,风,青铜,392.8,pal_001|pal_002|pal_003|pal_004|pal_005,青铜90/白银10/黄金0/钻石4
ysbzs-local-2,7,6,1,enc_d07_evening_fixed,第七天晚上精英固定战,下午,5,wave_d07_afternoon,pal_003,皮皮鸡,风,青铜,392.8,pal_001|pal_002|pal_003|pal_004|pal_005,青铜90/白银10/黄金0/钻石4
ysbzs-local-2,7,6,1,enc_d07_evening_fixed,第七天晚上精英固定战,下午,5,wave_d07_afternoon,pal_004,翠叶鼠,风,青铜,392.8,pal_001|pal_002|pal_003|pal_004|pal_005,青铜90/白银10/黄金0/钻石4
ysbzs-local-2,7,6,1,enc_d07_evening_fixed,第七天晚上精英固定战,下午,5,wave_d07_afternoon,pal_001,棉悠悠,风,青铜,392.8,pal_001|pal_002|pal_003|pal_004|pal_005,青铜90/白银10/黄金0/钻石4
ysbzs-local-2,7,6,1,enc_d07_evening_fixed,第七天晚上精英固定战,下午,5,wave_d07_afternoon,pal_005,火绒狐,火,青铜,392.8,pal_001|pal_002|pal_003|pal_004|pal_005,青铜90/白银10/黄金0/钻石4
ysbzs-local-2,7,6,1,enc_d07_evening_fixed,第七天晚上精英固定战,下午,5,wave_d07_afternoon,pal_003,皮皮鸡,风,青铜,392.8,pal_001|pal_002|pal_003|pal_004|pal_005,青铜90/白银10/黄金0/钻石4
ysbzs-local-2,8,3,1,enc_d08_midday_a,第八天精英遭遇A,上午,1,wave_d08_morning,pal_005,火绒狐,火,青铜,124.3,pal_001|pal_002|pal_003|pal_004|pal_005,青铜90/白银10/黄金0/钻石0
ysbzs-local-2,8,3,1,enc_d08_midday_a,第八天精英遭遇A,上午,1,wave_d08_morning,pal_003,皮皮鸡,风,青铜,124.3,pal_001|pal_002|pal_003|pal_004|pal_005,青铜90/白银10/黄金0/钻石0
ysbzs-local-2,8,3,1,enc_d08_midday_a,第八天精英遭遇A,上午,2,wave_d08_morning,pal_005,火绒狐,火,青铜,189,pal_001|pal_002|pal_003|pal_004|pal_005,青铜90/白银10/黄金0/钻石1
ysbzs-local-2,8,3,1,enc_d08_midday_a,第八天精英遭遇A,上午,2,wave_d08_morning,pal_001,棉悠悠,风,青铜,189,pal_001|pal_002|pal_003|pal_004|pal_005,青铜90/白银10/黄金0/钻石1
ysbzs-local-2,8,3,1,enc_d08_midday_a,第八天精英遭遇A,上午,2,wave_d08_morning,pal_002,捣蛋猫,风,青铜,189,pal_001|pal_002|pal_003|pal_004|pal_005,青铜90/白银10/黄金0/钻石1
ysbzs-local-2,8,3,1,enc_d08_midday_a,第八天精英遭遇A,上午,2,wave_d08_morning,pal_005,火绒狐,火,青铜,189,pal_001|pal_002|pal_003|pal_004|pal_005,青铜90/白银10/黄金0/钻石1
ysbzs-local-2,8,3,1,enc_d08_midday_a,第八天精英遭遇A,上午,2,wave_d08_morning,pal_001,棉悠悠,风,青铜,189,pal_001|pal_002|pal_003|pal_004|pal_005,青铜90/白银10/黄金0/钻石1
ysbzs-local-2,8,3,1,enc_d08_midday_a,第八天精英遭遇A,上午,2,wave_d08_morning,pal_002,捣蛋猫,风,青铜,189,pal_001|pal_002|pal_003|pal_004|pal_005,青铜90/白银10/黄金0/钻石1
ysbzs-local-2,8,3,1,enc_d08_midday_a,第八天精英遭遇A,上午,3,wave_d08_morning,pal_001,棉悠悠,风,青铜,255.4,pal_001|pal_002|pal_003|pal_004|pal_005,青铜90/白银10/黄金0/钻石2
ysbzs-local-2,8,3,1,enc_d08_midday_a,第八天精英遭遇A,上午,3,wave_d08_morning,pal_002,捣蛋猫,风,青铜,255.4,pal_001|pal_002|pal_003|pal_004|pal_005,青铜90/白银10/黄金0/钻石2
ysbzs-local-2,8,3,1,enc_d08_midday_a,第八天精英遭遇A,上午,3,wave_d08_morning,pal_004,翠叶鼠,风,青铜,255.4,pal_001|pal_002|pal_003|pal_004|pal_005,青铜90/白银10/黄金0/钻石2
ysbzs-local-2,8,3,1,enc_d08_midday_a,第八天精英遭遇A,上午,3,wave_d08_morning,pal_005,火绒狐,火,青铜,255.4,pal_001|pal_002|pal_003|pal_004|pal_005,青铜90/白银10/黄金0/钻石2
ysbzs-local-2,8,3,1,enc_d08_midday_a,第八天精英遭遇A,上午,3,wave_d08_morning,pal_001,棉悠悠,风,青铜,255.4,pal_001|pal_002|pal_003|pal_004|pal_005,青铜90/白银10/黄金0/钻石2
ysbzs-local-2,8,3,1,enc_d08_midday_a,第八天精英遭遇A,上午,3,wave_d08_morning,pal_002,捣蛋猫,风,青铜,255.4,pal_001|pal_002|pal_003|pal_004|pal_005,青铜90/白银10/黄金0/钻石2
ysbzs-local-2,8,3,1,enc_d08_midday_a,第八天精英遭遇A,上午,3,wave_d08_morning,pal_004,翠叶鼠,风,青铜,255.4,pal_001|pal_002|pal_003|pal_004|pal_005,青铜90/白银10/黄金0/钻石2
ysbzs-local-2,8,3,1,enc_d08_midday_a,第八天精英遭遇A,上午,3,wave_d08_morning,pal_005,火绒狐,火,青铜,255.4,pal_001|pal_002|pal_003|pal_004|pal_005,青铜90/白银10/黄金0/钻石2
ysbzs-local-2,8,3,1,enc_d08_midday_a,第八天精英遭遇A,上午,4,wave_d08_morning,pal_004,翠叶鼠,风,青铜,323.3,pal_001|pal_002|pal_003|pal_004|pal_005,青铜90/白银10/黄金0/钻石3
ysbzs-local-2,8,3,1,enc_d08_midday_a,第八天精英遭遇A,上午,4,wave_d08_morning,pal_001,棉悠悠,风,青铜,323.3,pal_001|pal_002|pal_003|pal_004|pal_005,青铜90/白银10/黄金0/钻石3
ysbzs-local-2,8,3,1,enc_d08_midday_a,第八天精英遭遇A,上午,4,wave_d08_morning,pal_003,皮皮鸡,风,青铜,323.3,pal_001|pal_002|pal_003|pal_004|pal_005,青铜90/白银10/黄金0/钻石3
ysbzs-local-2,8,3,1,enc_d08_midday_a,第八天精英遭遇A,上午,4,wave_d08_morning,pal_002,捣蛋猫,风,青铜,323.3,pal_001|pal_002|pal_003|pal_004|pal_005,青铜90/白银10/黄金0/钻石3
ysbzs-local-2,8,3,1,enc_d08_midday_a,第八天精英遭遇A,上午,4,wave_d08_morning,pal_005,火绒狐,火,青铜,323.3,pal_001|pal_002|pal_003|pal_004|pal_005,青铜90/白银10/黄金0/钻石3
ysbzs-local-2,8,3,1,enc_d08_midday_a,第八天精英遭遇A,上午,4,wave_d08_morning,pal_004,翠叶鼠,风,青铜,323.3,pal_001|pal_002|pal_003|pal_004|pal_005,青铜90/白银10/黄金0/钻石3
ysbzs-local-2,8,3,1,enc_d08_midday_a,第八天精英遭遇A,上午,4,wave_d08_morning,pal_001,棉悠悠,风,青铜,323.3,pal_001|pal_002|pal_003|pal_004|pal_005,青铜90/白银10/黄金0/钻石3
ysbzs-local-2,8,3,1,enc_d08_midday_a,第八天精英遭遇A,上午,4,wave_d08_morning,pal_003,皮皮鸡,风,青铜,323.3,pal_001|pal_002|pal_003|pal_004|pal_005,青铜90/白银10/黄金0/钻石3
ysbzs-local-2,8,3,1,enc_d08_midday_a,第八天精英遭遇A,上午,4,wave_d08_morning,pal_002,捣蛋猫,风,青铜,323.3,pal_001|pal_002|pal_003|pal_004|pal_005,青铜90/白银10/黄金0/钻石3
ysbzs-local-2,8,3,1,enc_d08_midday_a,第八天精英遭遇A,上午,4,wave_d08_morning,pal_005,火绒狐,火,青铜,323.3,pal_001|pal_002|pal_003|pal_004|pal_005,青铜90/白银10/黄金0/钻石3
ysbzs-local-2,8,3,1,enc_d08_midday_a,第八天精英遭遇A,上午,5,wave_d08_morning,pal_005,火绒狐,火,青铜,392.8,pal_001|pal_002|pal_003|pal_004|pal_005,青铜90/白银10/黄金0/钻石4
ysbzs-local-2,8,3,1,enc_d08_midday_a,第八天精英遭遇A,上午,5,wave_d08_morning,pal_003,皮皮鸡,风,青铜,392.8,pal_001|pal_002|pal_003|pal_004|pal_005,青铜90/白银10/黄金0/钻石4
ysbzs-local-2,8,3,1,enc_d08_midday_a,第八天精英遭遇A,上午,5,wave_d08_morning,pal_002,捣蛋猫,风,青铜,392.8,pal_001|pal_002|pal_003|pal_004|pal_005,青铜90/白银10/黄金0/钻石4
ysbzs-local-2,8,3,1,enc_d08_midday_a,第八天精英遭遇A,上午,5,wave_d08_morning,pal_001,棉悠悠,风,青铜,392.8,pal_001|pal_002|pal_003|pal_004|pal_005,青铜90/白银10/黄金0/钻石4
ysbzs-local-2,8,3,1,enc_d08_midday_a,第八天精英遭遇A,上午,5,wave_d08_morning,pal_004,翠叶鼠,风,青铜,392.8,pal_001|pal_002|pal_003|pal_004|pal_005,青铜90/白银10/黄金0/钻石4
ysbzs-local-2,8,3,1,enc_d08_midday_a,第八天精英遭遇A,上午,5,wave_d08_morning,pal_003,皮皮鸡,风,青铜,392.8,pal_001|pal_002|pal_003|pal_004|pal_005,青铜90/白银10/黄金0/钻石4
ysbzs-local-2,8,6,1,enc_d08_evening_fixed,第八天晚上精英固定战,下午,1,wave_d08_afternoon,pal_004,翠叶鼠,风,青铜,124.3,pal_001|pal_002|pal_003|pal_004|pal_005,青铜90/白银10/黄金0/钻石0
ysbzs-local-2,8,6,1,enc_d08_evening_fixed,第八天晚上精英固定战,下午,1,wave_d08_afternoon,pal_005,火绒狐,火,青铜,124.3,pal_001|pal_002|pal_003|pal_004|pal_005,青铜90/白银10/黄金0/钻石0
ysbzs-local-2,8,6,1,enc_d08_evening_fixed,第八天晚上精英固定战,下午,2,wave_d08_afternoon,pal_004,翠叶鼠,风,青铜,189,pal_001|pal_002|pal_003|pal_004|pal_005,青铜90/白银10/黄金0/钻石1
ysbzs-local-2,8,6,1,enc_d08_evening_fixed,第八天晚上精英固定战,下午,2,wave_d08_afternoon,pal_002,捣蛋猫,风,青铜,189,pal_001|pal_002|pal_003|pal_004|pal_005,青铜90/白银10/黄金0/钻石1
ysbzs-local-2,8,6,1,enc_d08_evening_fixed,第八天晚上精英固定战,下午,2,wave_d08_afternoon,pal_003,皮皮鸡,风,青铜,189,pal_001|pal_002|pal_003|pal_004|pal_005,青铜90/白银10/黄金0/钻石1
ysbzs-local-2,8,6,1,enc_d08_evening_fixed,第八天晚上精英固定战,下午,2,wave_d08_afternoon,pal_004,翠叶鼠,风,青铜,189,pal_001|pal_002|pal_003|pal_004|pal_005,青铜90/白银10/黄金0/钻石1
ysbzs-local-2,8,6,1,enc_d08_evening_fixed,第八天晚上精英固定战,下午,2,wave_d08_afternoon,pal_002,捣蛋猫,风,青铜,189,pal_001|pal_002|pal_003|pal_004|pal_005,青铜90/白银10/黄金0/钻石1
ysbzs-local-2,8,6,1,enc_d08_evening_fixed,第八天晚上精英固定战,下午,2,wave_d08_afternoon,pal_003,皮皮鸡,风,青铜,189,pal_001|pal_002|pal_003|pal_004|pal_005,青铜90/白银10/黄金0/钻石1
ysbzs-local-2,8,6,1,enc_d08_evening_fixed,第八天晚上精英固定战,下午,3,wave_d08_afternoon,pal_004,翠叶鼠,风,青铜,255.4,pal_001|pal_002|pal_003|pal_004|pal_005,青铜90/白银10/黄金0/钻石2
ysbzs-local-2,8,6,1,enc_d08_evening_fixed,第八天晚上精英固定战,下午,3,wave_d08_afternoon,pal_005,火绒狐,火,青铜,255.4,pal_001|pal_002|pal_003|pal_004|pal_005,青铜90/白银10/黄金0/钻石2
ysbzs-local-2,8,6,1,enc_d08_evening_fixed,第八天晚上精英固定战,下午,3,wave_d08_afternoon,pal_002,捣蛋猫,风,青铜,255.4,pal_001|pal_002|pal_003|pal_004|pal_005,青铜90/白银10/黄金0/钻石2
ysbzs-local-2,8,6,1,enc_d08_evening_fixed,第八天晚上精英固定战,下午,3,wave_d08_afternoon,pal_001,棉悠悠,风,青铜,255.4,pal_001|pal_002|pal_003|pal_004|pal_005,青铜90/白银10/黄金0/钻石2
ysbzs-local-2,8,6,1,enc_d08_evening_fixed,第八天晚上精英固定战,下午,3,wave_d08_afternoon,pal_004,翠叶鼠,风,青铜,255.4,pal_001|pal_002|pal_003|pal_004|pal_005,青铜90/白银10/黄金0/钻石2
ysbzs-local-2,8,6,1,enc_d08_evening_fixed,第八天晚上精英固定战,下午,3,wave_d08_afternoon,pal_005,火绒狐,火,青铜,255.4,pal_001|pal_002|pal_003|pal_004|pal_005,青铜90/白银10/黄金0/钻石2
ysbzs-local-2,8,6,1,enc_d08_evening_fixed,第八天晚上精英固定战,下午,3,wave_d08_afternoon,pal_002,捣蛋猫,风,青铜,255.4,pal_001|pal_002|pal_003|pal_004|pal_005,青铜90/白银10/黄金0/钻石2
ysbzs-local-2,8,6,1,enc_d08_evening_fixed,第八天晚上精英固定战,下午,3,wave_d08_afternoon,pal_001,棉悠悠,风,青铜,255.4,pal_001|pal_002|pal_003|pal_004|pal_005,青铜90/白银10/黄金0/钻石2
ysbzs-local-2,8,6,1,enc_d08_evening_fixed,第八天晚上精英固定战,下午,4,wave_d08_afternoon,pal_005,火绒狐,火,青铜,323.3,pal_001|pal_002|pal_003|pal_004|pal_005,青铜90/白银10/黄金0/钻石3
ysbzs-local-2,8,6,1,enc_d08_evening_fixed,第八天晚上精英固定战,下午,4,wave_d08_afternoon,pal_001,棉悠悠,风,白银,323.3,pal_001|pal_002|pal_003|pal_004|pal_005,青铜90/白银10/黄金0/钻石3
ysbzs-local-2,8,6,1,enc_d08_evening_fixed,第八天晚上精英固定战,下午,4,wave_d08_afternoon,pal_004,翠叶鼠,风,白银,323.3,pal_001|pal_002|pal_003|pal_004|pal_005,青铜90/白银10/黄金0/钻石3
ysbzs-local-2,8,6,1,enc_d08_evening_fixed,第八天晚上精英固定战,下午,4,wave_d08_afternoon,pal_002,捣蛋猫,风,青铜,323.3,pal_001|pal_002|pal_003|pal_004|pal_005,青铜90/白银10/黄金0/钻石3
ysbzs-local-2,8,6,1,enc_d08_evening_fixed,第八天晚上精英固定战,下午,4,wave_d08_afternoon,pal_003,皮皮鸡,风,青铜,323.3,pal_001|pal_002|pal_003|pal_004|pal_005,青铜90/白银10/黄金0/钻石3
ysbzs-local-2,8,6,1,enc_d08_evening_fixed,第八天晚上精英固定战,下午,4,wave_d08_afternoon,pal_005,火绒狐,火,青铜,323.3,pal_001|pal_002|pal_003|pal_004|pal_005,青铜90/白银10/黄金0/钻石3
ysbzs-local-2,8,6,1,enc_d08_evening_fixed,第八天晚上精英固定战,下午,4,wave_d08_afternoon,pal_001,棉悠悠,风,白银,323.3,pal_001|pal_002|pal_003|pal_004|pal_005,青铜90/白银10/黄金0/钻石3
ysbzs-local-2,8,6,1,enc_d08_evening_fixed,第八天晚上精英固定战,下午,4,wave_d08_afternoon,pal_004,翠叶鼠,风,白银,323.3,pal_001|pal_002|pal_003|pal_004|pal_005,青铜90/白银10/黄金0/钻石3
ysbzs-local-2,8,6,1,enc_d08_evening_fixed,第八天晚上精英固定战,下午,4,wave_d08_afternoon,pal_002,捣蛋猫,风,青铜,323.3,pal_001|pal_002|pal_003|pal_004|pal_005,青铜90/白银10/黄金0/钻石3
ysbzs-local-2,8,6,1,enc_d08_evening_fixed,第八天晚上精英固定战,下午,4,wave_d08_afternoon,pal_003,皮皮鸡,风,青铜,323.3,pal_001|pal_002|pal_003|pal_004|pal_005,青铜90/白银10/黄金0/钻石3
ysbzs-local-2,8,6,1,enc_d08_evening_fixed,第八天晚上精英固定战,下午,5,wave_d08_afternoon,pal_002,捣蛋猫,风,青铜,392.8,pal_001|pal_002|pal_003|pal_004|pal_005,青铜90/白银10/黄金0/钻石4
ysbzs-local-2,8,6,1,enc_d08_evening_fixed,第八天晚上精英固定战,下午,5,wave_d08_afternoon,pal_004,翠叶鼠,风,青铜,392.8,pal_001|pal_002|pal_003|pal_004|pal_005,青铜90/白银10/黄金0/钻石4
ysbzs-local-2,8,6,1,enc_d08_evening_fixed,第八天晚上精英固定战,下午,5,wave_d08_afternoon,pal_003,皮皮鸡,风,青铜,392.8,pal_001|pal_002|pal_003|pal_004|pal_005,青铜90/白银10/黄金0/钻石4
ysbzs-local-2,8,6,1,enc_d08_evening_fixed,第八天晚上精英固定战,下午,5,wave_d08_afternoon,pal_001,棉悠悠,风,青铜,392.8,pal_001|pal_002|pal_003|pal_004|pal_005,青铜90/白银10/黄金0/钻石4
ysbzs-local-2,8,6,1,enc_d08_evening_fixed,第八天晚上精英固定战,下午,5,wave_d08_afternoon,pal_005,火绒狐,火,青铜,392.8,pal_001|pal_002|pal_003|pal_004|pal_005,青铜90/白银10/黄金0/钻石4
ysbzs-local-2,8,6,1,enc_d08_evening_fixed,第八天晚上精英固定战,下午,5,wave_d08_afternoon,pal_004,翠叶鼠,风,青铜,392.8,pal_001|pal_002|pal_003|pal_004|pal_005,青铜90/白银10/黄金0/钻石4
ysbzs-local-2,9,3,1,enc_d09_midday_a,第九天Boss前遭遇A,上午,1,wave_d09_morning,pal_005,火绒狐,火,青铜,124.3,pal_001|pal_002|pal_003|pal_004|pal_005,青铜90/白银10/黄金0/钻石0
ysbzs-local-2,9,3,1,enc_d09_midday_a,第九天Boss前遭遇A,上午,1,wave_d09_morning,pal_002,捣蛋猫,风,青铜,124.3,pal_001|pal_002|pal_003|pal_004|pal_005,青铜90/白银10/黄金0/钻石0
ysbzs-local-2,9,3,1,enc_d09_midday_a,第九天Boss前遭遇A,上午,2,wave_d09_morning,pal_004,翠叶鼠,风,青铜,189,pal_001|pal_002|pal_003|pal_004|pal_005,青铜90/白银10/黄金0/钻石1
ysbzs-local-2,9,3,1,enc_d09_midday_a,第九天Boss前遭遇A,上午,2,wave_d09_morning,pal_002,捣蛋猫,风,青铜,189,pal_001|pal_002|pal_003|pal_004|pal_005,青铜90/白银10/黄金0/钻石1
ysbzs-local-2,9,3,1,enc_d09_midday_a,第九天Boss前遭遇A,上午,2,wave_d09_morning,pal_003,皮皮鸡,风,青铜,189,pal_001|pal_002|pal_003|pal_004|pal_005,青铜90/白银10/黄金0/钻石1
ysbzs-local-2,9,3,1,enc_d09_midday_a,第九天Boss前遭遇A,上午,2,wave_d09_morning,pal_004,翠叶鼠,风,青铜,189,pal_001|pal_002|pal_003|pal_004|pal_005,青铜90/白银10/黄金0/钻石1
ysbzs-local-2,9,3,1,enc_d09_midday_a,第九天Boss前遭遇A,上午,2,wave_d09_morning,pal_002,捣蛋猫,风,青铜,189,pal_001|pal_002|pal_003|pal_004|pal_005,青铜90/白银10/黄金0/钻石1
ysbzs-local-2,9,3,1,enc_d09_midday_a,第九天Boss前遭遇A,上午,2,wave_d09_morning,pal_003,皮皮鸡,风,青铜,189,pal_001|pal_002|pal_003|pal_004|pal_005,青铜90/白银10/黄金0/钻石1
ysbzs-local-2,9,3,1,enc_d09_midday_a,第九天Boss前遭遇A,上午,3,wave_d09_morning,pal_002,捣蛋猫,风,青铜,255.4,pal_001|pal_002|pal_003|pal_004|pal_005,青铜90/白银10/黄金0/钻石2
ysbzs-local-2,9,3,1,enc_d09_midday_a,第九天Boss前遭遇A,上午,3,wave_d09_morning,pal_005,火绒狐,火,青铜,255.4,pal_001|pal_002|pal_003|pal_004|pal_005,青铜90/白银10/黄金0/钻石2
ysbzs-local-2,9,3,1,enc_d09_midday_a,第九天Boss前遭遇A,上午,3,wave_d09_morning,pal_004,翠叶鼠,风,青铜,255.4,pal_001|pal_002|pal_003|pal_004|pal_005,青铜90/白银10/黄金0/钻石2
ysbzs-local-2,9,3,1,enc_d09_midday_a,第九天Boss前遭遇A,上午,3,wave_d09_morning,pal_001,棉悠悠,风,青铜,255.4,pal_001|pal_002|pal_003|pal_004|pal_005,青铜90/白银10/黄金0/钻石2
ysbzs-local-2,9,3,1,enc_d09_midday_a,第九天Boss前遭遇A,上午,3,wave_d09_morning,pal_002,捣蛋猫,风,青铜,255.4,pal_001|pal_002|pal_003|pal_004|pal_005,青铜90/白银10/黄金0/钻石2
ysbzs-local-2,9,3,1,enc_d09_midday_a,第九天Boss前遭遇A,上午,3,wave_d09_morning,pal_005,火绒狐,火,青铜,255.4,pal_001|pal_002|pal_003|pal_004|pal_005,青铜90/白银10/黄金0/钻石2
ysbzs-local-2,9,3,1,enc_d09_midday_a,第九天Boss前遭遇A,上午,3,wave_d09_morning,pal_004,翠叶鼠,风,青铜,255.4,pal_001|pal_002|pal_003|pal_004|pal_005,青铜90/白银10/黄金0/钻石2
ysbzs-local-2,9,3,1,enc_d09_midday_a,第九天Boss前遭遇A,上午,3,wave_d09_morning,pal_001,棉悠悠,风,青铜,255.4,pal_001|pal_002|pal_003|pal_004|pal_005,青铜90/白银10/黄金0/钻石2
ysbzs-local-2,9,3,1,enc_d09_midday_a,第九天Boss前遭遇A,上午,4,wave_d09_morning,pal_004,翠叶鼠,风,白银,323.3,pal_001|pal_002|pal_003|pal_004|pal_005,青铜90/白银10/黄金0/钻石3
ysbzs-local-2,9,3,1,enc_d09_midday_a,第九天Boss前遭遇A,上午,4,wave_d09_morning,pal_002,捣蛋猫,风,青铜,323.3,pal_001|pal_002|pal_003|pal_004|pal_005,青铜90/白银10/黄金0/钻石3
ysbzs-local-2,9,3,1,enc_d09_midday_a,第九天Boss前遭遇A,上午,4,wave_d09_morning,pal_001,棉悠悠,风,青铜,323.3,pal_001|pal_002|pal_003|pal_004|pal_005,青铜90/白银10/黄金0/钻石3
ysbzs-local-2,9,3,1,enc_d09_midday_a,第九天Boss前遭遇A,上午,4,wave_d09_morning,pal_005,火绒狐,火,青铜,323.3,pal_001|pal_002|pal_003|pal_004|pal_005,青铜90/白银10/黄金0/钻石3
ysbzs-local-2,9,3,1,enc_d09_midday_a,第九天Boss前遭遇A,上午,4,wave_d09_morning,pal_003,皮皮鸡,风,青铜,323.3,pal_001|pal_002|pal_003|pal_004|pal_005,青铜90/白银10/黄金0/钻石3
ysbzs-local-2,9,3,1,enc_d09_midday_a,第九天Boss前遭遇A,上午,4,wave_d09_morning,pal_004,翠叶鼠,风,白银,323.3,pal_001|pal_002|pal_003|pal_004|pal_005,青铜90/白银10/黄金0/钻石3
ysbzs-local-2,9,3,1,enc_d09_midday_a,第九天Boss前遭遇A,上午,4,wave_d09_morning,pal_002,捣蛋猫,风,青铜,323.3,pal_001|pal_002|pal_003|pal_004|pal_005,青铜90/白银10/黄金0/钻石3
ysbzs-local-2,9,3,1,enc_d09_midday_a,第九天Boss前遭遇A,上午,4,wave_d09_morning,pal_001,棉悠悠,风,青铜,323.3,pal_001|pal_002|pal_003|pal_004|pal_005,青铜90/白银10/黄金0/钻石3
ysbzs-local-2,9,3,1,enc_d09_midday_a,第九天Boss前遭遇A,上午,4,wave_d09_morning,pal_005,火绒狐,火,青铜,323.3,pal_001|pal_002|pal_003|pal_004|pal_005,青铜90/白银10/黄金0/钻石3
ysbzs-local-2,9,3,1,enc_d09_midday_a,第九天Boss前遭遇A,上午,4,wave_d09_morning,pal_003,皮皮鸡,风,青铜,323.3,pal_001|pal_002|pal_003|pal_004|pal_005,青铜90/白银10/黄金0/钻石3
ysbzs-local-2,9,3,1,enc_d09_midday_a,第九天Boss前遭遇A,上午,5,wave_d09_morning,pal_005,火绒狐,火,青铜,392.8,pal_001|pal_002|pal_003|pal_004|pal_005,青铜90/白银10/黄金0/钻石4
ysbzs-local-2,9,3,1,enc_d09_midday_a,第九天Boss前遭遇A,上午,5,wave_d09_morning,pal_002,捣蛋猫,风,青铜,392.8,pal_001|pal_002|pal_003|pal_004|pal_005,青铜90/白银10/黄金0/钻石4
ysbzs-local-2,9,3,1,enc_d09_midday_a,第九天Boss前遭遇A,上午,5,wave_d09_morning,pal_003,皮皮鸡,风,青铜,392.8,pal_001|pal_002|pal_003|pal_004|pal_005,青铜90/白银10/黄金0/钻石4
ysbzs-local-2,9,3,1,enc_d09_midday_a,第九天Boss前遭遇A,上午,5,wave_d09_morning,pal_001,棉悠悠,风,钻石,392.8,pal_001|pal_002|pal_003|pal_004|pal_005,青铜90/白银10/黄金0/钻石4
ysbzs-local-2,9,3,1,enc_d09_midday_a,第九天Boss前遭遇A,上午,5,wave_d09_morning,pal_004,翠叶鼠,风,青铜,392.8,pal_001|pal_002|pal_003|pal_004|pal_005,青铜90/白银10/黄金0/钻石4
ysbzs-local-2,9,3,1,enc_d09_midday_a,第九天Boss前遭遇A,上午,5,wave_d09_morning,pal_004,翠叶鼠,风,青铜,392.8,pal_001|pal_002|pal_003|pal_004|pal_005,青铜90/白银10/黄金0/钻石4
ysbzs-local-2,9,6,1,enc_d09_evening_fixed,第九天晚上Boss前固定战,下午,1,wave_d09_afternoon,pal_001,棉悠悠,风,青铜,124.3,pal_001|pal_002|pal_003|pal_004|pal_005,青铜90/白银10/黄金0/钻石0
ysbzs-local-2,9,6,1,enc_d09_evening_fixed,第九天晚上Boss前固定战,下午,1,wave_d09_afternoon,pal_004,翠叶鼠,风,青铜,124.3,pal_001|pal_002|pal_003|pal_004|pal_005,青铜90/白银10/黄金0/钻石0
ysbzs-local-2,9,6,1,enc_d09_evening_fixed,第九天晚上Boss前固定战,下午,2,wave_d09_afternoon,pal_004,翠叶鼠,风,钻石,189,pal_001|pal_002|pal_003|pal_004|pal_005,青铜90/白银10/黄金0/钻石1
ysbzs-local-2,9,6,1,enc_d09_evening_fixed,第九天晚上Boss前固定战,下午,2,wave_d09_afternoon,pal_002,捣蛋猫,风,青铜,189,pal_001|pal_002|pal_003|pal_004|pal_005,青铜90/白银10/黄金0/钻石1
ysbzs-local-2,9,6,1,enc_d09_evening_fixed,第九天晚上Boss前固定战,下午,2,wave_d09_afternoon,pal_001,棉悠悠,风,青铜,189,pal_001|pal_002|pal_003|pal_004|pal_005,青铜90/白银10/黄金0/钻石1
ysbzs-local-2,9,6,1,enc_d09_evening_fixed,第九天晚上Boss前固定战,下午,2,wave_d09_afternoon,pal_004,翠叶鼠,风,钻石,189,pal_001|pal_002|pal_003|pal_004|pal_005,青铜90/白银10/黄金0/钻石1
ysbzs-local-2,9,6,1,enc_d09_evening_fixed,第九天晚上Boss前固定战,下午,2,wave_d09_afternoon,pal_002,捣蛋猫,风,青铜,189,pal_001|pal_002|pal_003|pal_004|pal_005,青铜90/白银10/黄金0/钻石1
ysbzs-local-2,9,6,1,enc_d09_evening_fixed,第九天晚上Boss前固定战,下午,2,wave_d09_afternoon,pal_001,棉悠悠,风,青铜,189,pal_001|pal_002|pal_003|pal_004|pal_005,青铜90/白银10/黄金0/钻石1
ysbzs-local-2,9,6,1,enc_d09_evening_fixed,第九天晚上Boss前固定战,下午,3,wave_d09_afternoon,pal_005,火绒狐,火,白银,255.4,pal_001|pal_002|pal_003|pal_004|pal_005,青铜90/白银10/黄金0/钻石2
ysbzs-local-2,9,6,1,enc_d09_evening_fixed,第九天晚上Boss前固定战,下午,3,wave_d09_afternoon,pal_003,皮皮鸡,风,白银,255.4,pal_001|pal_002|pal_003|pal_004|pal_005,青铜90/白银10/黄金0/钻石2
ysbzs-local-2,9,6,1,enc_d09_evening_fixed,第九天晚上Boss前固定战,下午,3,wave_d09_afternoon,pal_001,棉悠悠,风,青铜,255.4,pal_001|pal_002|pal_003|pal_004|pal_005,青铜90/白银10/黄金0/钻石2
ysbzs-local-2,9,6,1,enc_d09_evening_fixed,第九天晚上Boss前固定战,下午,3,wave_d09_afternoon,pal_004,翠叶鼠,风,青铜,255.4,pal_001|pal_002|pal_003|pal_004|pal_005,青铜90/白银10/黄金0/钻石2
ysbzs-local-2,9,6,1,enc_d09_evening_fixed,第九天晚上Boss前固定战,下午,4,wave_d09_afternoon,pal_001,棉悠悠,风,青铜,323.3,pal_001|pal_002|pal_003|pal_004|pal_005,青铜90/白银10/黄金0/钻石3
ysbzs-local-2,9,6,1,enc_d09_evening_fixed,第九天晚上Boss前固定战,下午,4,wave_d09_afternoon,pal_003,皮皮鸡,风,青铜,323.3,pal_001|pal_002|pal_003|pal_004|pal_005,青铜90/白银10/黄金0/钻石3
ysbzs-local-2,9,6,1,enc_d09_evening_fixed,第九天晚上Boss前固定战,下午,4,wave_d09_afternoon,pal_002,捣蛋猫,风,青铜,323.3,pal_001|pal_002|pal_003|pal_004|pal_005,青铜90/白银10/黄金0/钻石3
ysbzs-local-2,9,6,1,enc_d09_evening_fixed,第九天晚上Boss前固定战,下午,4,wave_d09_afternoon,pal_004,翠叶鼠,风,青铜,323.3,pal_001|pal_002|pal_003|pal_004|pal_005,青铜90/白银10/黄金0/钻石3
ysbzs-local-2,9,6,1,enc_d09_evening_fixed,第九天晚上Boss前固定战,下午,4,wave_d09_afternoon,pal_005,火绒狐,火,青铜,323.3,pal_001|pal_002|pal_003|pal_004|pal_005,青铜90/白银10/黄金0/钻石3
ysbzs-local-2,9,6,1,enc_d09_evening_fixed,第九天晚上Boss前固定战,下午,4,wave_d09_afternoon,pal_001,棉悠悠,风,青铜,323.3,pal_001|pal_002|pal_003|pal_004|pal_005,青铜90/白银10/黄金0/钻石3
ysbzs-local-2,9,6,1,enc_d09_evening_fixed,第九天晚上Boss前固定战,下午,4,wave_d09_afternoon,pal_003,皮皮鸡,风,青铜,323.3,pal_001|pal_002|pal_003|pal_004|pal_005,青铜90/白银10/黄金0/钻石3
ysbzs-local-2,9,6,1,enc_d09_evening_fixed,第九天晚上Boss前固定战,下午,4,wave_d09_afternoon,pal_002,捣蛋猫,风,青铜,323.3,pal_001|pal_002|pal_003|pal_004|pal_005,青铜90/白银10/黄金0/钻石3
ysbzs-local-2,9,6,1,enc_d09_evening_fixed,第九天晚上Boss前固定战,下午,4,wave_d09_afternoon,pal_004,翠叶鼠,风,青铜,323.3,pal_001|pal_002|pal_003|pal_004|pal_005,青铜90/白银10/黄金0/钻石3
ysbzs-local-2,9,6,1,enc_d09_evening_fixed,第九天晚上Boss前固定战,下午,4,wave_d09_afternoon,pal_005,火绒狐,火,青铜,323.3,pal_001|pal_002|pal_003|pal_004|pal_005,青铜90/白银10/黄金0/钻石3
ysbzs-local-2,9,6,1,enc_d09_evening_fixed,第九天晚上Boss前固定战,下午,5,wave_d09_afternoon,pal_004,翠叶鼠,风,青铜,392.8,pal_001|pal_002|pal_003|pal_004|pal_005,青铜90/白银10/黄金0/钻石4
ysbzs-local-2,9,6,1,enc_d09_evening_fixed,第九天晚上Boss前固定战,下午,5,wave_d09_afternoon,pal_005,火绒狐,火,白银,392.8,pal_001|pal_002|pal_003|pal_004|pal_005,青铜90/白银10/黄金0/钻石4
ysbzs-local-2,9,6,1,enc_d09_evening_fixed,第九天晚上Boss前固定战,下午,5,wave_d09_afternoon,pal_002,捣蛋猫,风,青铜,392.8,pal_001|pal_002|pal_003|pal_004|pal_005,青铜90/白银10/黄金0/钻石4
ysbzs-local-2,9,6,1,enc_d09_evening_fixed,第九天晚上Boss前固定战,下午,5,wave_d09_afternoon,pal_001,棉悠悠,风,青铜,392.8,pal_001|pal_002|pal_003|pal_004|pal_005,青铜90/白银10/黄金0/钻石4
ysbzs-local-2,9,6,1,enc_d09_evening_fixed,第九天晚上Boss前固定战,下午,5,wave_d09_afternoon,pal_003,皮皮鸡,风,青铜,392.8,pal_001|pal_002|pal_003|pal_004|pal_005,青铜90/白银10/黄金0/钻石4
ysbzs-local-2,9,6,1,enc_d09_evening_fixed,第九天晚上Boss前固定战,下午,5,wave_d09_afternoon,pal_001,棉悠悠,风,青铜,392.8,pal_001|pal_002|pal_003|pal_004|pal_005,青铜90/白银10/黄金0/钻石4
ysbzs-local-2,9,6,1,enc_d09_evening_fixed,第九天晚上Boss前固定战,下午,5,wave_d09_afternoon,pal_004,翠叶鼠,风,青铜,392.8,pal_001|pal_002|pal_003|pal_004|pal_005,青铜90/白银10/黄金0/钻石4
ysbzs-local-2,9,6,1,enc_d09_evening_fixed,第九天晚上Boss前固定战,下午,5,wave_d09_afternoon,pal_005,火绒狐,火,白银,392.8,pal_001|pal_002|pal_003|pal_004|pal_005,青铜90/白银10/黄金0/钻石4
ysbzs-local-2,9,6,1,enc_d09_evening_fixed,第九天晚上Boss前固定战,下午,5,wave_d09_afternoon,pal_002,捣蛋猫,风,青铜,392.8,pal_001|pal_002|pal_003|pal_004|pal_005,青铜90/白银10/黄金0/钻石4
ysbzs-local-2,9,6,1,enc_d09_evening_fixed,第九天晚上Boss前固定战,下午,5,wave_d09_afternoon,pal_001,棉悠悠,风,青铜,392.8,pal_001|pal_002|pal_003|pal_004|pal_005,青铜90/白银10/黄金0/钻石4
ysbzs-local-2,9,6,1,enc_d09_evening_fixed,第九天晚上Boss前固定战,下午,5,wave_d09_afternoon,pal_003,皮皮鸡,风,青铜,392.8,pal_001|pal_002|pal_003|pal_004|pal_005,青铜90/白银10/黄金0/钻石4
ysbzs-local-2,9,6,1,enc_d09_evening_fixed,第九天晚上Boss前固定战,下午,5,wave_d09_afternoon,pal_001,棉悠悠,风,青铜,392.8,pal_001|pal_002|pal_003|pal_004|pal_005,青铜90/白银10/黄金0/钻石4
ysbzs-local-2,10,3,1,enc_d10_midday_a,第十天Boss前遭遇A,上午,1,wave_d10_morning,pal_005,火绒狐,火,白银,124.3,pal_001|pal_002|pal_003|pal_004|pal_005,青铜90/白银10/黄金0/钻石0
ysbzs-local-2,10,3,1,enc_d10_midday_a,第十天Boss前遭遇A,上午,1,wave_d10_morning,pal_004,翠叶鼠,风,青铜,124.3,pal_001|pal_002|pal_003|pal_004|pal_005,青铜90/白银10/黄金0/钻石0
ysbzs-local-2,10,3,1,enc_d10_midday_a,第十天Boss前遭遇A,上午,2,wave_d10_morning,pal_001,棉悠悠,风,青铜,189,pal_001|pal_002|pal_003|pal_004|pal_005,青铜90/白银10/黄金0/钻石1
ysbzs-local-2,10,3,1,enc_d10_midday_a,第十天Boss前遭遇A,上午,2,wave_d10_morning,pal_004,翠叶鼠,风,青铜,189,pal_001|pal_002|pal_003|pal_004|pal_005,青铜90/白银10/黄金0/钻石1
ysbzs-local-2,10,3,1,enc_d10_midday_a,第十天Boss前遭遇A,上午,2,wave_d10_morning,pal_002,捣蛋猫,风,青铜,189,pal_001|pal_002|pal_003|pal_004|pal_005,青铜90/白银10/黄金0/钻石1
ysbzs-local-2,10,3,1,enc_d10_midday_a,第十天Boss前遭遇A,上午,2,wave_d10_morning,pal_001,棉悠悠,风,青铜,189,pal_001|pal_002|pal_003|pal_004|pal_005,青铜90/白银10/黄金0/钻石1
ysbzs-local-2,10,3,1,enc_d10_midday_a,第十天Boss前遭遇A,上午,2,wave_d10_morning,pal_004,翠叶鼠,风,青铜,189,pal_001|pal_002|pal_003|pal_004|pal_005,青铜90/白银10/黄金0/钻石1
ysbzs-local-2,10,3,1,enc_d10_midday_a,第十天Boss前遭遇A,上午,2,wave_d10_morning,pal_002,捣蛋猫,风,青铜,189,pal_001|pal_002|pal_003|pal_004|pal_005,青铜90/白银10/黄金0/钻石1
ysbzs-local-2,10,3,1,enc_d10_midday_a,第十天Boss前遭遇A,上午,3,wave_d10_morning,pal_001,棉悠悠,风,青铜,255.4,pal_001|pal_002|pal_003|pal_004|pal_005,青铜90/白银10/黄金0/钻石2
ysbzs-local-2,10,3,1,enc_d10_midday_a,第十天Boss前遭遇A,上午,3,wave_d10_morning,pal_004,翠叶鼠,风,青铜,255.4,pal_001|pal_002|pal_003|pal_004|pal_005,青铜90/白银10/黄金0/钻石2
ysbzs-local-2,10,3,1,enc_d10_midday_a,第十天Boss前遭遇A,上午,3,wave_d10_morning,pal_002,捣蛋猫,风,青铜,255.4,pal_001|pal_002|pal_003|pal_004|pal_005,青铜90/白银10/黄金0/钻石2
ysbzs-local-2,10,3,1,enc_d10_midday_a,第十天Boss前遭遇A,上午,3,wave_d10_morning,pal_003,皮皮鸡,风,青铜,255.4,pal_001|pal_002|pal_003|pal_004|pal_005,青铜90/白银10/黄金0/钻石2
ysbzs-local-2,10,3,1,enc_d10_midday_a,第十天Boss前遭遇A,上午,3,wave_d10_morning,pal_001,棉悠悠,风,青铜,255.4,pal_001|pal_002|pal_003|pal_004|pal_005,青铜90/白银10/黄金0/钻石2
ysbzs-local-2,10,3,1,enc_d10_midday_a,第十天Boss前遭遇A,上午,3,wave_d10_morning,pal_004,翠叶鼠,风,青铜,255.4,pal_001|pal_002|pal_003|pal_004|pal_005,青铜90/白银10/黄金0/钻石2
ysbzs-local-2,10,3,1,enc_d10_midday_a,第十天Boss前遭遇A,上午,3,wave_d10_morning,pal_002,捣蛋猫,风,青铜,255.4,pal_001|pal_002|pal_003|pal_004|pal_005,青铜90/白银10/黄金0/钻石2
ysbzs-local-2,10,3,1,enc_d10_midday_a,第十天Boss前遭遇A,上午,3,wave_d10_morning,pal_003,皮皮鸡,风,青铜,255.4,pal_001|pal_002|pal_003|pal_004|pal_005,青铜90/白银10/黄金0/钻石2
ysbzs-local-2,10,3,1,enc_d10_midday_a,第十天Boss前遭遇A,上午,4,wave_d10_morning,pal_003,皮皮鸡,风,白银,323.3,pal_001|pal_002|pal_003|pal_004|pal_005,青铜90/白银10/黄金0/钻石3
ysbzs-local-2,10,3,1,enc_d10_midday_a,第十天Boss前遭遇A,上午,4,wave_d10_morning,pal_005,火绒狐,火,青铜,323.3,pal_001|pal_002|pal_003|pal_004|pal_005,青铜90/白银10/黄金0/钻石3
ysbzs-local-2,10,3,1,enc_d10_midday_a,第十天Boss前遭遇A,上午,4,wave_d10_morning,pal_004,翠叶鼠,风,青铜,323.3,pal_001|pal_002|pal_003|pal_004|pal_005,青铜90/白银10/黄金0/钻石3
ysbzs-local-2,10,3,1,enc_d10_midday_a,第十天Boss前遭遇A,上午,4,wave_d10_morning,pal_001,棉悠悠,风,青铜,323.3,pal_001|pal_002|pal_003|pal_004|pal_005,青铜90/白银10/黄金0/钻石3
ysbzs-local-2,10,3,1,enc_d10_midday_a,第十天Boss前遭遇A,上午,4,wave_d10_morning,pal_002,捣蛋猫,风,青铜,323.3,pal_001|pal_002|pal_003|pal_004|pal_005,青铜90/白银10/黄金0/钻石3
ysbzs-local-2,10,3,1,enc_d10_midday_a,第十天Boss前遭遇A,上午,4,wave_d10_morning,pal_003,皮皮鸡,风,白银,323.3,pal_001|pal_002|pal_003|pal_004|pal_005,青铜90/白银10/黄金0/钻石3
ysbzs-local-2,10,3,1,enc_d10_midday_a,第十天Boss前遭遇A,上午,4,wave_d10_morning,pal_005,火绒狐,火,青铜,323.3,pal_001|pal_002|pal_003|pal_004|pal_005,青铜90/白银10/黄金0/钻石3
ysbzs-local-2,10,3,1,enc_d10_midday_a,第十天Boss前遭遇A,上午,4,wave_d10_morning,pal_004,翠叶鼠,风,青铜,323.3,pal_001|pal_002|pal_003|pal_004|pal_005,青铜90/白银10/黄金0/钻石3
ysbzs-local-2,10,3,1,enc_d10_midday_a,第十天Boss前遭遇A,上午,4,wave_d10_morning,pal_001,棉悠悠,风,青铜,323.3,pal_001|pal_002|pal_003|pal_004|pal_005,青铜90/白银10/黄金0/钻石3
ysbzs-local-2,10,3,1,enc_d10_midday_a,第十天Boss前遭遇A,上午,4,wave_d10_morning,pal_002,捣蛋猫,风,青铜,323.3,pal_001|pal_002|pal_003|pal_004|pal_005,青铜90/白银10/黄金0/钻石3
ysbzs-local-2,10,3,1,enc_d10_midday_a,第十天Boss前遭遇A,上午,5,wave_d10_morning,pal_005,火绒狐,火,白银,392.8,pal_001|pal_002|pal_003|pal_004|pal_005,青铜90/白银10/黄金0/钻石4
ysbzs-local-2,10,3,1,enc_d10_midday_a,第十天Boss前遭遇A,上午,5,wave_d10_morning,pal_001,棉悠悠,风,青铜,392.8,pal_001|pal_002|pal_003|pal_004|pal_005,青铜90/白银10/黄金0/钻石4
ysbzs-local-2,10,3,1,enc_d10_midday_a,第十天Boss前遭遇A,上午,5,wave_d10_morning,pal_004,翠叶鼠,风,青铜,392.8,pal_001|pal_002|pal_003|pal_004|pal_005,青铜90/白银10/黄金0/钻石4
ysbzs-local-2,10,3,1,enc_d10_midday_a,第十天Boss前遭遇A,上午,5,wave_d10_morning,pal_002,捣蛋猫,风,青铜,392.8,pal_001|pal_002|pal_003|pal_004|pal_005,青铜90/白银10/黄金0/钻石4
ysbzs-local-2,10,3,1,enc_d10_midday_a,第十天Boss前遭遇A,上午,5,wave_d10_morning,pal_003,皮皮鸡,风,青铜,392.8,pal_001|pal_002|pal_003|pal_004|pal_005,青铜90/白银10/黄金0/钻石4
ysbzs-local-2,10,3,1,enc_d10_midday_a,第十天Boss前遭遇A,上午,5,wave_d10_morning,pal_004,翠叶鼠,风,青铜,392.8,pal_001|pal_002|pal_003|pal_004|pal_005,青铜90/白银10/黄金0/钻石4
ysbzs-local-2,10,3,1,enc_d10_midday_a,第十天Boss前遭遇A,上午,5,wave_d10_morning,pal_005,火绒狐,火,白银,392.8,pal_001|pal_002|pal_003|pal_004|pal_005,青铜90/白银10/黄金0/钻石4
ysbzs-local-2,10,3,1,enc_d10_midday_a,第十天Boss前遭遇A,上午,5,wave_d10_morning,pal_001,棉悠悠,风,青铜,392.8,pal_001|pal_002|pal_003|pal_004|pal_005,青铜90/白银10/黄金0/钻石4
ysbzs-local-2,10,3,1,enc_d10_midday_a,第十天Boss前遭遇A,上午,5,wave_d10_morning,pal_004,翠叶鼠,风,青铜,392.8,pal_001|pal_002|pal_003|pal_004|pal_005,青铜90/白银10/黄金0/钻石4
ysbzs-local-2,10,3,1,enc_d10_midday_a,第十天Boss前遭遇A,上午,5,wave_d10_morning,pal_002,捣蛋猫,风,青铜,392.8,pal_001|pal_002|pal_003|pal_004|pal_005,青铜90/白银10/黄金0/钻石4
ysbzs-local-2,10,3,1,enc_d10_midday_a,第十天Boss前遭遇A,上午,5,wave_d10_morning,pal_003,皮皮鸡,风,青铜,392.8,pal_001|pal_002|pal_003|pal_004|pal_005,青铜90/白银10/黄金0/钻石4
ysbzs-local-2,10,3,1,enc_d10_midday_a,第十天Boss前遭遇A,上午,5,wave_d10_morning,pal_004,翠叶鼠,风,青铜,392.8,pal_001|pal_002|pal_003|pal_004|pal_005,青铜90/白银10/黄金0/钻石4
ysbzs-local-2,10,6,1,enc_d10_final_boss,第十天终局Boss,下午,1,wave_d10_afternoon,pal_002,捣蛋猫,风,青铜,124.3,pal_001|pal_002|pal_003|pal_004|pal_005,青铜90/白银10/黄金0/钻石0
ysbzs-local-2,10,6,1,enc_d10_final_boss,第十天终局Boss,下午,1,wave_d10_afternoon,pal_005,火绒狐,火,青铜,124.3,pal_001|pal_002|pal_003|pal_004|pal_005,青铜90/白银10/黄金0/钻石0
ysbzs-local-2,10,6,1,enc_d10_final_boss,第十天终局Boss,下午,2,wave_d10_afternoon,pal_003,皮皮鸡,风,青铜,189,pal_001|pal_002|pal_003|pal_004|pal_005,青铜90/白银10/黄金0/钻石1
ysbzs-local-2,10,6,1,enc_d10_final_boss,第十天终局Boss,下午,2,wave_d10_afternoon,pal_005,火绒狐,火,青铜,189,pal_001|pal_002|pal_003|pal_004|pal_005,青铜90/白银10/黄金0/钻石1
ysbzs-local-2,10,6,1,enc_d10_final_boss,第十天终局Boss,下午,2,wave_d10_afternoon,pal_002,捣蛋猫,风,青铜,189,pal_001|pal_002|pal_003|pal_004|pal_005,青铜90/白银10/黄金0/钻石1
ysbzs-local-2,10,6,1,enc_d10_final_boss,第十天终局Boss,下午,2,wave_d10_afternoon,pal_003,皮皮鸡,风,青铜,189,pal_001|pal_002|pal_003|pal_004|pal_005,青铜90/白银10/黄金0/钻石1
ysbzs-local-2,10,6,1,enc_d10_final_boss,第十天终局Boss,下午,2,wave_d10_afternoon,pal_005,火绒狐,火,青铜,189,pal_001|pal_002|pal_003|pal_004|pal_005,青铜90/白银10/黄金0/钻石1
ysbzs-local-2,10,6,1,enc_d10_final_boss,第十天终局Boss,下午,2,wave_d10_afternoon,pal_002,捣蛋猫,风,青铜,189,pal_001|pal_002|pal_003|pal_004|pal_005,青铜90/白银10/黄金0/钻石1
ysbzs-local-2,10,6,1,enc_d10_final_boss,第十天终局Boss,下午,2,wave_d10_afternoon,pal_003,皮皮鸡,风,青铜,189,pal_001|pal_002|pal_003|pal_004|pal_005,青铜90/白银10/黄金0/钻石1
ysbzs-local-2,10,6,1,enc_d10_final_boss,第十天终局Boss,下午,2,wave_d10_afternoon,pal_005,火绒狐,火,青铜,189,pal_001|pal_002|pal_003|pal_004|pal_005,青铜90/白银10/黄金0/钻石1
ysbzs-local-2,10,6,1,enc_d10_final_boss,第十天终局Boss,下午,2,wave_d10_afternoon,pal_002,捣蛋猫,风,青铜,189,pal_001|pal_002|pal_003|pal_004|pal_005,青铜90/白银10/黄金0/钻石1
ysbzs-local-2,10,6,1,enc_d10_final_boss,第十天终局Boss,下午,3,wave_d10_afternoon,pal_004,翠叶鼠,风,青铜,255.4,pal_001|pal_002|pal_003|pal_004|pal_005,青铜90/白银10/黄金0/钻石2
ysbzs-local-2,10,6,1,enc_d10_final_boss,第十天终局Boss,下午,3,wave_d10_afternoon,pal_003,皮皮鸡,风,青铜,255.4,pal_001|pal_002|pal_003|pal_004|pal_005,青铜90/白银10/黄金0/钻石2
ysbzs-local-2,10,6,1,enc_d10_final_boss,第十天终局Boss,下午,3,wave_d10_afternoon,pal_005,火绒狐,火,青铜,255.4,pal_001|pal_002|pal_003|pal_004|pal_005,青铜90/白银10/黄金0/钻石2
ysbzs-local-2,10,6,1,enc_d10_final_boss,第十天终局Boss,下午,3,wave_d10_afternoon,pal_001,棉悠悠,风,青铜,255.4,pal_001|pal_002|pal_003|pal_004|pal_005,青铜90/白银10/黄金0/钻石2
ysbzs-local-2,10,6,1,enc_d10_final_boss,第十天终局Boss,下午,3,wave_d10_afternoon,pal_004,翠叶鼠,风,青铜,255.4,pal_001|pal_002|pal_003|pal_004|pal_005,青铜90/白银10/黄金0/钻石2
ysbzs-local-2,10,6,1,enc_d10_final_boss,第十天终局Boss,下午,3,wave_d10_afternoon,pal_003,皮皮鸡,风,青铜,255.4,pal_001|pal_002|pal_003|pal_004|pal_005,青铜90/白银10/黄金0/钻石2
ysbzs-local-2,10,6,1,enc_d10_final_boss,第十天终局Boss,下午,3,wave_d10_afternoon,pal_005,火绒狐,火,青铜,255.4,pal_001|pal_002|pal_003|pal_004|pal_005,青铜90/白银10/黄金0/钻石2
ysbzs-local-2,10,6,1,enc_d10_final_boss,第十天终局Boss,下午,3,wave_d10_afternoon,pal_001,棉悠悠,风,青铜,255.4,pal_001|pal_002|pal_003|pal_004|pal_005,青铜90/白银10/黄金0/钻石2
ysbzs-local-2,10,6,1,enc_d10_final_boss,第十天终局Boss,下午,4,wave_d10_afternoon,pal_005,火绒狐,火,青铜,323.3,pal_001|pal_002|pal_003|pal_004|pal_005,青铜90/白银10/黄金0/钻石3
ysbzs-local-2,10,6,1,enc_d10_final_boss,第十天终局Boss,下午,4,wave_d10_afternoon,pal_002,捣蛋猫,风,青铜,323.3,pal_001|pal_002|pal_003|pal_004|pal_005,青铜90/白银10/黄金0/钻石3
ysbzs-local-2,10,6,1,enc_d10_final_boss,第十天终局Boss,下午,4,wave_d10_afternoon,pal_004,翠叶鼠,风,青铜,323.3,pal_001|pal_002|pal_003|pal_004|pal_005,青铜90/白银10/黄金0/钻石3
ysbzs-local-2,10,6,1,enc_d10_final_boss,第十天终局Boss,下午,4,wave_d10_afternoon,pal_001,棉悠悠,风,钻石,323.3,pal_001|pal_002|pal_003|pal_004|pal_005,青铜90/白银10/黄金0/钻石3
ysbzs-local-2,10,6,1,enc_d10_final_boss,第十天终局Boss,下午,4,wave_d10_afternoon,pal_003,皮皮鸡,风,青铜,323.3,pal_001|pal_002|pal_003|pal_004|pal_005,青铜90/白银10/黄金0/钻石3
ysbzs-local-2,10,6,1,enc_d10_final_boss,第十天终局Boss,下午,4,wave_d10_afternoon,pal_005,火绒狐,火,青铜,323.3,pal_001|pal_002|pal_003|pal_004|pal_005,青铜90/白银10/黄金0/钻石3
ysbzs-local-2,10,6,1,enc_d10_final_boss,第十天终局Boss,下午,4,wave_d10_afternoon,pal_002,捣蛋猫,风,青铜,323.3,pal_001|pal_002|pal_003|pal_004|pal_005,青铜90/白银10/黄金0/钻石3
ysbzs-local-2,10,6,1,enc_d10_final_boss,第十天终局Boss,下午,4,wave_d10_afternoon,pal_004,翠叶鼠,风,青铜,323.3,pal_001|pal_002|pal_003|pal_004|pal_005,青铜90/白银10/黄金0/钻石3
ysbzs-local-2,10,6,1,enc_d10_final_boss,第十天终局Boss,下午,4,wave_d10_afternoon,pal_001,棉悠悠,风,钻石,323.3,pal_001|pal_002|pal_003|pal_004|pal_005,青铜90/白银10/黄金0/钻石3
ysbzs-local-2,10,6,1,enc_d10_final_boss,第十天终局Boss,下午,4,wave_d10_afternoon,pal_003,皮皮鸡,风,青铜,323.3,pal_001|pal_002|pal_003|pal_004|pal_005,青铜90/白银10/黄金0/钻石3
ysbzs-local-2,10,6,1,enc_d10_final_boss,第十天终局Boss,下午,5,wave_d10_afternoon,pal_004,翠叶鼠,风,青铜,392.8,pal_001|pal_002|pal_003|pal_004|pal_005,青铜90/白银10/黄金0/钻石4
ysbzs-local-2,10,6,1,enc_d10_final_boss,第十天终局Boss,下午,5,wave_d10_afternoon,pal_001,棉悠悠,风,青铜,392.8,pal_001|pal_002|pal_003|pal_004|pal_005,青铜90/白银10/黄金0/钻石4
ysbzs-local-2,10,6,1,enc_d10_final_boss,第十天终局Boss,下午,5,wave_d10_afternoon,pal_003,皮皮鸡,风,青铜,392.8,pal_001|pal_002|pal_003|pal_004|pal_005,青铜90/白银10/黄金0/钻石4
ysbzs-local-2,10,6,1,enc_d10_final_boss,第十天终局Boss,下午,5,wave_d10_afternoon,pal_005,火绒狐,火,青铜,392.8,pal_001|pal_002|pal_003|pal_004|pal_005,青铜90/白银10/黄金0/钻石4
ysbzs-local-2,10,6,1,enc_d10_final_boss,第十天终局Boss,下午,5,wave_d10_afternoon,pal_002,捣蛋猫,风,青铜,392.8,pal_001|pal_002|pal_003|pal_004|pal_005,青铜90/白银10/黄金0/钻石4
ysbzs-local-2,10,6,1,enc_d10_final_boss,第十天终局Boss,下午,5,wave_d10_afternoon,pal_002,捣蛋猫,风,青铜,392.8,pal_001|pal_002|pal_003|pal_004|pal_005,青铜90/白银10/黄金0/钻石4
ysbzs-local-2,10,6,1,enc_d10_final_boss,第十天终局Boss,下午,5,wave_d10_afternoon,pal_004,翠叶鼠,风,青铜,392.8,pal_001|pal_002|pal_003|pal_004|pal_005,青铜90/白银10/黄金0/钻石4
ysbzs-local-2,10,6,1,enc_d10_final_boss,第十天终局Boss,下午,5,wave_d10_afternoon,pal_001,棉悠悠,风,青铜,392.8,pal_001|pal_002|pal_003|pal_004|pal_005,青铜90/白银10/黄金0/钻石4
ysbzs-local-2,10,6,1,enc_d10_final_boss,第十天终局Boss,下午,5,wave_d10_afternoon,pal_003,皮皮鸡,风,青铜,392.8,pal_001|pal_002|pal_003|pal_004|pal_005,青铜90/白银10/黄金0/钻石4
ysbzs-local-2,10,6,1,enc_d10_final_boss,第十天终局Boss,下午,5,wave_d10_afternoon,pal_005,火绒狐,火,青铜,392.8,pal_001|pal_002|pal_003|pal_004|pal_005,青铜90/白银10/黄金0/钻石4
ysbzs-local-2,10,6,1,enc_d10_final_boss,第十天终局Boss,下午,5,wave_d10_afternoon,pal_002,捣蛋猫,风,青铜,392.8,pal_001|pal_002|pal_003|pal_004|pal_005,青铜90/白银10/黄金0/钻石4
ysbzs-local-2,10,6,1,enc_d10_final_boss,第十天终局Boss,下午,5,wave_d10_afternoon,pal_002,捣蛋猫,风,青铜,392.8,pal_001|pal_002|pal_003|pal_004|pal_005,青铜90/白银10/黄金0/钻石4
ysbzs-local-3,1,3,1,enc_d01_midday_a,中午遭遇A,上午,1,wave_d01_morning,pal_001,棉悠悠,风,青铜,124.3,pal_001|pal_002|pal_003|pal_004|pal_005,青铜90/白银10/黄金0/钻石0
ysbzs-local-3,1,3,1,enc_d01_midday_a,中午遭遇A,上午,1,wave_d01_morning,pal_002,捣蛋猫,风,青铜,124.3,pal_001|pal_002|pal_003|pal_004|pal_005,青铜90/白银10/黄金0/钻石0
ysbzs-local-3,1,3,1,enc_d01_midday_a,中午遭遇A,上午,2,wave_d01_morning,pal_004,翠叶鼠,风,白银,189,pal_001|pal_002|pal_003|pal_004|pal_005,青铜90/白银10/黄金0/钻石1
ysbzs-local-3,1,3,1,enc_d01_midday_a,中午遭遇A,上午,2,wave_d01_morning,pal_001,棉悠悠,风,青铜,189,pal_001|pal_002|pal_003|pal_004|pal_005,青铜90/白银10/黄金0/钻石1
ysbzs-local-3,1,3,1,enc_d01_midday_a,中午遭遇A,上午,2,wave_d01_morning,pal_005,火绒狐,火,青铜,189,pal_001|pal_002|pal_003|pal_004|pal_005,青铜90/白银10/黄金0/钻石1
ysbzs-local-3,1,3,1,enc_d01_midday_a,中午遭遇A,上午,3,wave_d01_morning,pal_002,捣蛋猫,风,青铜,255.4,pal_001|pal_002|pal_003|pal_004|pal_005,青铜90/白银10/黄金0/钻石2
ysbzs-local-3,1,3,1,enc_d01_midday_a,中午遭遇A,上午,3,wave_d01_morning,pal_004,翠叶鼠,风,青铜,255.4,pal_001|pal_002|pal_003|pal_004|pal_005,青铜90/白银10/黄金0/钻石2
ysbzs-local-3,1,3,1,enc_d01_midday_a,中午遭遇A,上午,3,wave_d01_morning,pal_005,火绒狐,火,青铜,255.4,pal_001|pal_002|pal_003|pal_004|pal_005,青铜90/白银10/黄金0/钻石2
ysbzs-local-3,1,3,1,enc_d01_midday_a,中午遭遇A,上午,3,wave_d01_morning,pal_003,皮皮鸡,风,青铜,255.4,pal_001|pal_002|pal_003|pal_004|pal_005,青铜90/白银10/黄金0/钻石2
ysbzs-local-3,1,3,1,enc_d01_midday_a,中午遭遇A,上午,4,wave_d01_morning,pal_005,火绒狐,火,青铜,323.3,pal_001|pal_002|pal_003|pal_004|pal_005,青铜90/白银10/黄金0/钻石3
ysbzs-local-3,1,3,1,enc_d01_midday_a,中午遭遇A,上午,4,wave_d01_morning,pal_001,棉悠悠,风,青铜,323.3,pal_001|pal_002|pal_003|pal_004|pal_005,青铜90/白银10/黄金0/钻石3
ysbzs-local-3,1,3,1,enc_d01_midday_a,中午遭遇A,上午,4,wave_d01_morning,pal_004,翠叶鼠,风,青铜,323.3,pal_001|pal_002|pal_003|pal_004|pal_005,青铜90/白银10/黄金0/钻石3
ysbzs-local-3,1,3,1,enc_d01_midday_a,中午遭遇A,上午,4,wave_d01_morning,pal_003,皮皮鸡,风,白银,323.3,pal_001|pal_002|pal_003|pal_004|pal_005,青铜90/白银10/黄金0/钻石3
ysbzs-local-3,1,3,1,enc_d01_midday_a,中午遭遇A,上午,4,wave_d01_morning,pal_002,捣蛋猫,风,青铜,323.3,pal_001|pal_002|pal_003|pal_004|pal_005,青铜90/白银10/黄金0/钻石3
ysbzs-local-3,1,3,1,enc_d01_midday_a,中午遭遇A,上午,5,wave_d01_morning,pal_003,皮皮鸡,风,青铜,392.8,pal_001|pal_002|pal_003|pal_004|pal_005,青铜90/白银10/黄金0/钻石4
ysbzs-local-3,1,3,1,enc_d01_midday_a,中午遭遇A,上午,5,wave_d01_morning,pal_001,棉悠悠,风,青铜,392.8,pal_001|pal_002|pal_003|pal_004|pal_005,青铜90/白银10/黄金0/钻石4
ysbzs-local-3,1,3,1,enc_d01_midday_a,中午遭遇A,上午,5,wave_d01_morning,pal_005,火绒狐,火,青铜,392.8,pal_001|pal_002|pal_003|pal_004|pal_005,青铜90/白银10/黄金0/钻石4
ysbzs-local-3,1,3,1,enc_d01_midday_a,中午遭遇A,上午,5,wave_d01_morning,pal_002,捣蛋猫,风,青铜,392.8,pal_001|pal_002|pal_003|pal_004|pal_005,青铜90/白银10/黄金0/钻石4
ysbzs-local-3,1,3,1,enc_d01_midday_a,中午遭遇A,上午,5,wave_d01_morning,pal_004,翠叶鼠,风,青铜,392.8,pal_001|pal_002|pal_003|pal_004|pal_005,青铜90/白银10/黄金0/钻石4
ysbzs-local-3,1,3,1,enc_d01_midday_a,中午遭遇A,上午,5,wave_d01_morning,pal_001,棉悠悠,风,青铜,392.8,pal_001|pal_002|pal_003|pal_004|pal_005,青铜90/白银10/黄金0/钻石4
ysbzs-local-3,1,6,1,enc_d01_evening_fixed,晚上固定战,下午,1,wave_d01_afternoon,pal_005,火绒狐,火,青铜,124.3,pal_001|pal_002|pal_003|pal_004|pal_005,青铜90/白银10/黄金0/钻石0
ysbzs-local-3,1,6,1,enc_d01_evening_fixed,晚上固定战,下午,1,wave_d01_afternoon,pal_001,棉悠悠,风,青铜,124.3,pal_001|pal_002|pal_003|pal_004|pal_005,青铜90/白银10/黄金0/钻石0
ysbzs-local-3,1,6,1,enc_d01_evening_fixed,晚上固定战,下午,2,wave_d01_afternoon,pal_001,棉悠悠,风,青铜,189,pal_001|pal_002|pal_003|pal_004|pal_005,青铜90/白银10/黄金0/钻石1
ysbzs-local-3,1,6,1,enc_d01_evening_fixed,晚上固定战,下午,2,wave_d01_afternoon,pal_004,翠叶鼠,风,青铜,189,pal_001|pal_002|pal_003|pal_004|pal_005,青铜90/白银10/黄金0/钻石1
ysbzs-local-3,1,6,1,enc_d01_evening_fixed,晚上固定战,下午,2,wave_d01_afternoon,pal_003,皮皮鸡,风,青铜,189,pal_001|pal_002|pal_003|pal_004|pal_005,青铜90/白银10/黄金0/钻石1
ysbzs-local-3,1,6,1,enc_d01_evening_fixed,晚上固定战,下午,3,wave_d01_afternoon,pal_002,捣蛋猫,风,青铜,255.4,pal_001|pal_002|pal_003|pal_004|pal_005,青铜90/白银10/黄金0/钻石2
ysbzs-local-3,1,6,1,enc_d01_evening_fixed,晚上固定战,下午,3,wave_d01_afternoon,pal_001,棉悠悠,风,青铜,255.4,pal_001|pal_002|pal_003|pal_004|pal_005,青铜90/白银10/黄金0/钻石2
ysbzs-local-3,1,6,1,enc_d01_evening_fixed,晚上固定战,下午,3,wave_d01_afternoon,pal_005,火绒狐,火,青铜,255.4,pal_001|pal_002|pal_003|pal_004|pal_005,青铜90/白银10/黄金0/钻石2
ysbzs-local-3,1,6,1,enc_d01_evening_fixed,晚上固定战,下午,3,wave_d01_afternoon,pal_004,翠叶鼠,风,青铜,255.4,pal_001|pal_002|pal_003|pal_004|pal_005,青铜90/白银10/黄金0/钻石2
ysbzs-local-3,1,6,1,enc_d01_evening_fixed,晚上固定战,下午,4,wave_d01_afternoon,pal_003,皮皮鸡,风,青铜,323.3,pal_001|pal_002|pal_003|pal_004|pal_005,青铜90/白银10/黄金0/钻石3
ysbzs-local-3,1,6,1,enc_d01_evening_fixed,晚上固定战,下午,4,wave_d01_afternoon,pal_005,火绒狐,火,青铜,323.3,pal_001|pal_002|pal_003|pal_004|pal_005,青铜90/白银10/黄金0/钻石3
ysbzs-local-3,1,6,1,enc_d01_evening_fixed,晚上固定战,下午,4,wave_d01_afternoon,pal_001,棉悠悠,风,青铜,323.3,pal_001|pal_002|pal_003|pal_004|pal_005,青铜90/白银10/黄金0/钻石3
ysbzs-local-3,1,6,1,enc_d01_evening_fixed,晚上固定战,下午,4,wave_d01_afternoon,pal_004,翠叶鼠,风,青铜,323.3,pal_001|pal_002|pal_003|pal_004|pal_005,青铜90/白银10/黄金0/钻石3
ysbzs-local-3,1,6,1,enc_d01_evening_fixed,晚上固定战,下午,4,wave_d01_afternoon,pal_002,捣蛋猫,风,青铜,323.3,pal_001|pal_002|pal_003|pal_004|pal_005,青铜90/白银10/黄金0/钻石3
ysbzs-local-3,1,6,1,enc_d01_evening_fixed,晚上固定战,下午,5,wave_d01_afternoon,pal_004,翠叶鼠,风,青铜,392.8,pal_001|pal_002|pal_003|pal_004|pal_005,青铜90/白银10/黄金0/钻石4
ysbzs-local-3,1,6,1,enc_d01_evening_fixed,晚上固定战,下午,5,wave_d01_afternoon,pal_005,火绒狐,火,白银,392.8,pal_001|pal_002|pal_003|pal_004|pal_005,青铜90/白银10/黄金0/钻石4
ysbzs-local-3,1,6,1,enc_d01_evening_fixed,晚上固定战,下午,5,wave_d01_afternoon,pal_002,捣蛋猫,风,青铜,392.8,pal_001|pal_002|pal_003|pal_004|pal_005,青铜90/白银10/黄金0/钻石4
ysbzs-local-3,1,6,1,enc_d01_evening_fixed,晚上固定战,下午,5,wave_d01_afternoon,pal_003,皮皮鸡,风,白银,392.8,pal_001|pal_002|pal_003|pal_004|pal_005,青铜90/白银10/黄金0/钻石4
ysbzs-local-3,1,6,1,enc_d01_evening_fixed,晚上固定战,下午,5,wave_d01_afternoon,pal_001,棉悠悠,风,白银,392.8,pal_001|pal_002|pal_003|pal_004|pal_005,青铜90/白银10/黄金0/钻石4
ysbzs-local-3,1,6,1,enc_d01_evening_fixed,晚上固定战,下午,5,wave_d01_afternoon,pal_004,翠叶鼠,风,青铜,392.8,pal_001|pal_002|pal_003|pal_004|pal_005,青铜90/白银10/黄金0/钻石4
ysbzs-local-3,2,3,1,enc_d02_midday_a,第二天中午遭遇A,上午,1,wave_d02_morning,pal_005,火绒狐,火,青铜,124.3,pal_001|pal_002|pal_003|pal_004|pal_005,青铜90/白银10/黄金0/钻石0
ysbzs-local-3,2,3,1,enc_d02_midday_a,第二天中午遭遇A,上午,1,wave_d02_morning,pal_001,棉悠悠,风,青铜,124.3,pal_001|pal_002|pal_003|pal_004|pal_005,青铜90/白银10/黄金0/钻石0
ysbzs-local-3,2,3,1,enc_d02_midday_a,第二天中午遭遇A,上午,2,wave_d02_morning,pal_001,棉悠悠,风,青铜,189,pal_001|pal_002|pal_003|pal_004|pal_005,青铜90/白银10/黄金0/钻石1
ysbzs-local-3,2,3,1,enc_d02_midday_a,第二天中午遭遇A,上午,2,wave_d02_morning,pal_005,火绒狐,火,青铜,189,pal_001|pal_002|pal_003|pal_004|pal_005,青铜90/白银10/黄金0/钻石1
ysbzs-local-3,2,3,1,enc_d02_midday_a,第二天中午遭遇A,上午,2,wave_d02_morning,pal_003,皮皮鸡,风,钻石,189,pal_001|pal_002|pal_003|pal_004|pal_005,青铜90/白银10/黄金0/钻石1
ysbzs-local-3,2,3,1,enc_d02_midday_a,第二天中午遭遇A,上午,3,wave_d02_morning,pal_002,捣蛋猫,风,青铜,255.4,pal_001|pal_002|pal_003|pal_004|pal_005,青铜90/白银10/黄金0/钻石2
ysbzs-local-3,2,3,1,enc_d02_midday_a,第二天中午遭遇A,上午,3,wave_d02_morning,pal_004,翠叶鼠,风,青铜,255.4,pal_001|pal_002|pal_003|pal_004|pal_005,青铜90/白银10/黄金0/钻石2
ysbzs-local-3,2,3,1,enc_d02_midday_a,第二天中午遭遇A,上午,3,wave_d02_morning,pal_005,火绒狐,火,青铜,255.4,pal_001|pal_002|pal_003|pal_004|pal_005,青铜90/白银10/黄金0/钻石2
ysbzs-local-3,2,3,1,enc_d02_midday_a,第二天中午遭遇A,上午,3,wave_d02_morning,pal_001,棉悠悠,风,青铜,255.4,pal_001|pal_002|pal_003|pal_004|pal_005,青铜90/白银10/黄金0/钻石2
ysbzs-local-3,2,3,1,enc_d02_midday_a,第二天中午遭遇A,上午,4,wave_d02_morning,pal_005,火绒狐,火,青铜,323.3,pal_001|pal_002|pal_003|pal_004|pal_005,青铜90/白银10/黄金0/钻石3
ysbzs-local-3,2,3,1,enc_d02_midday_a,第二天中午遭遇A,上午,4,wave_d02_morning,pal_001,棉悠悠,风,青铜,323.3,pal_001|pal_002|pal_003|pal_004|pal_005,青铜90/白银10/黄金0/钻石3
ysbzs-local-3,2,3,1,enc_d02_midday_a,第二天中午遭遇A,上午,4,wave_d02_morning,pal_003,皮皮鸡,风,青铜,323.3,pal_001|pal_002|pal_003|pal_004|pal_005,青铜90/白银10/黄金0/钻石3
ysbzs-local-3,2,3,1,enc_d02_midday_a,第二天中午遭遇A,上午,4,wave_d02_morning,pal_004,翠叶鼠,风,青铜,323.3,pal_001|pal_002|pal_003|pal_004|pal_005,青铜90/白银10/黄金0/钻石3
ysbzs-local-3,2,3,1,enc_d02_midday_a,第二天中午遭遇A,上午,4,wave_d02_morning,pal_002,捣蛋猫,风,青铜,323.3,pal_001|pal_002|pal_003|pal_004|pal_005,青铜90/白银10/黄金0/钻石3
ysbzs-local-3,2,3,1,enc_d02_midday_a,第二天中午遭遇A,上午,5,wave_d02_morning,pal_003,皮皮鸡,风,青铜,392.8,pal_001|pal_002|pal_003|pal_004|pal_005,青铜90/白银10/黄金0/钻石4
ysbzs-local-3,2,3,1,enc_d02_midday_a,第二天中午遭遇A,上午,5,wave_d02_morning,pal_005,火绒狐,火,青铜,392.8,pal_001|pal_002|pal_003|pal_004|pal_005,青铜90/白银10/黄金0/钻石4
ysbzs-local-3,2,3,1,enc_d02_midday_a,第二天中午遭遇A,上午,5,wave_d02_morning,pal_002,捣蛋猫,风,青铜,392.8,pal_001|pal_002|pal_003|pal_004|pal_005,青铜90/白银10/黄金0/钻石4
ysbzs-local-3,2,3,1,enc_d02_midday_a,第二天中午遭遇A,上午,5,wave_d02_morning,pal_004,翠叶鼠,风,青铜,392.8,pal_001|pal_002|pal_003|pal_004|pal_005,青铜90/白银10/黄金0/钻石4
ysbzs-local-3,2,3,1,enc_d02_midday_a,第二天中午遭遇A,上午,5,wave_d02_morning,pal_001,棉悠悠,风,青铜,392.8,pal_001|pal_002|pal_003|pal_004|pal_005,青铜90/白银10/黄金0/钻石4
ysbzs-local-3,2,3,1,enc_d02_midday_a,第二天中午遭遇A,上午,5,wave_d02_morning,pal_005,火绒狐,火,钻石,392.8,pal_001|pal_002|pal_003|pal_004|pal_005,青铜90/白银10/黄金0/钻石4
ysbzs-local-3,2,6,1,enc_d02_evening_fixed,第二天晚上固定战,下午,1,wave_d02_afternoon,pal_002,捣蛋猫,风,青铜,124.3,pal_001|pal_002|pal_003|pal_004|pal_005,青铜90/白银10/黄金0/钻石0
ysbzs-local-3,2,6,1,enc_d02_evening_fixed,第二天晚上固定战,下午,1,wave_d02_afternoon,pal_005,火绒狐,火,青铜,124.3,pal_001|pal_002|pal_003|pal_004|pal_005,青铜90/白银10/黄金0/钻石0
ysbzs-local-3,2,6,1,enc_d02_evening_fixed,第二天晚上固定战,下午,2,wave_d02_afternoon,pal_001,棉悠悠,风,青铜,189,pal_001|pal_002|pal_003|pal_004|pal_005,青铜90/白银10/黄金0/钻石1
ysbzs-local-3,2,6,1,enc_d02_evening_fixed,第二天晚上固定战,下午,2,wave_d02_afternoon,pal_003,皮皮鸡,风,青铜,189,pal_001|pal_002|pal_003|pal_004|pal_005,青铜90/白银10/黄金0/钻石1
ysbzs-local-3,2,6,1,enc_d02_evening_fixed,第二天晚上固定战,下午,2,wave_d02_afternoon,pal_002,捣蛋猫,风,青铜,189,pal_001|pal_002|pal_003|pal_004|pal_005,青铜90/白银10/黄金0/钻石1
ysbzs-local-3,2,6,1,enc_d02_evening_fixed,第二天晚上固定战,下午,2,wave_d02_afternoon,pal_001,棉悠悠,风,青铜,189,pal_001|pal_002|pal_003|pal_004|pal_005,青铜90/白银10/黄金0/钻石1
ysbzs-local-3,2,6,1,enc_d02_evening_fixed,第二天晚上固定战,下午,2,wave_d02_afternoon,pal_003,皮皮鸡,风,青铜,189,pal_001|pal_002|pal_003|pal_004|pal_005,青铜90/白银10/黄金0/钻石1
ysbzs-local-3,2,6,1,enc_d02_evening_fixed,第二天晚上固定战,下午,2,wave_d02_afternoon,pal_002,捣蛋猫,风,青铜,189,pal_001|pal_002|pal_003|pal_004|pal_005,青铜90/白银10/黄金0/钻石1
ysbzs-local-3,2,6,1,enc_d02_evening_fixed,第二天晚上固定战,下午,3,wave_d02_afternoon,pal_001,棉悠悠,风,青铜,255.4,pal_001|pal_002|pal_003|pal_004|pal_005,青铜90/白银10/黄金0/钻石2
ysbzs-local-3,2,6,1,enc_d02_evening_fixed,第二天晚上固定战,下午,3,wave_d02_afternoon,pal_003,皮皮鸡,风,白银,255.4,pal_001|pal_002|pal_003|pal_004|pal_005,青铜90/白银10/黄金0/钻石2
ysbzs-local-3,2,6,1,enc_d02_evening_fixed,第二天晚上固定战,下午,3,wave_d02_afternoon,pal_005,火绒狐,火,青铜,255.4,pal_001|pal_002|pal_003|pal_004|pal_005,青铜90/白银10/黄金0/钻石2
ysbzs-local-3,2,6,1,enc_d02_evening_fixed,第二天晚上固定战,下午,3,wave_d02_afternoon,pal_002,捣蛋猫,风,青铜,255.4,pal_001|pal_002|pal_003|pal_004|pal_005,青铜90/白银10/黄金0/钻石2
ysbzs-local-3,2,6,1,enc_d02_evening_fixed,第二天晚上固定战,下午,4,wave_d02_afternoon,pal_001,棉悠悠,风,青铜,323.3,pal_001|pal_002|pal_003|pal_004|pal_005,青铜90/白银10/黄金0/钻石3
ysbzs-local-3,2,6,1,enc_d02_evening_fixed,第二天晚上固定战,下午,4,wave_d02_afternoon,pal_003,皮皮鸡,风,青铜,323.3,pal_001|pal_002|pal_003|pal_004|pal_005,青铜90/白银10/黄金0/钻石3
ysbzs-local-3,2,6,1,enc_d02_evening_fixed,第二天晚上固定战,下午,4,wave_d02_afternoon,pal_004,翠叶鼠,风,青铜,323.3,pal_001|pal_002|pal_003|pal_004|pal_005,青铜90/白银10/黄金0/钻石3
ysbzs-local-3,2,6,1,enc_d02_evening_fixed,第二天晚上固定战,下午,4,wave_d02_afternoon,pal_002,捣蛋猫,风,白银,323.3,pal_001|pal_002|pal_003|pal_004|pal_005,青铜90/白银10/黄金0/钻石3
ysbzs-local-3,2,6,1,enc_d02_evening_fixed,第二天晚上固定战,下午,4,wave_d02_afternoon,pal_005,火绒狐,火,青铜,323.3,pal_001|pal_002|pal_003|pal_004|pal_005,青铜90/白银10/黄金0/钻石3
ysbzs-local-3,2,6,1,enc_d02_evening_fixed,第二天晚上固定战,下午,5,wave_d02_afternoon,pal_005,火绒狐,火,青铜,392.8,pal_001|pal_002|pal_003|pal_004|pal_005,青铜90/白银10/黄金0/钻石4
ysbzs-local-3,2,6,1,enc_d02_evening_fixed,第二天晚上固定战,下午,5,wave_d02_afternoon,pal_001,棉悠悠,风,青铜,392.8,pal_001|pal_002|pal_003|pal_004|pal_005,青铜90/白银10/黄金0/钻石4
ysbzs-local-3,2,6,1,enc_d02_evening_fixed,第二天晚上固定战,下午,5,wave_d02_afternoon,pal_003,皮皮鸡,风,青铜,392.8,pal_001|pal_002|pal_003|pal_004|pal_005,青铜90/白银10/黄金0/钻石4
ysbzs-local-3,2,6,1,enc_d02_evening_fixed,第二天晚上固定战,下午,5,wave_d02_afternoon,pal_004,翠叶鼠,风,青铜,392.8,pal_001|pal_002|pal_003|pal_004|pal_005,青铜90/白银10/黄金0/钻石4
ysbzs-local-3,2,6,1,enc_d02_evening_fixed,第二天晚上固定战,下午,5,wave_d02_afternoon,pal_002,捣蛋猫,风,青铜,392.8,pal_001|pal_002|pal_003|pal_004|pal_005,青铜90/白银10/黄金0/钻石4
ysbzs-local-3,2,6,1,enc_d02_evening_fixed,第二天晚上固定战,下午,5,wave_d02_afternoon,pal_003,皮皮鸡,风,青铜,392.8,pal_001|pal_002|pal_003|pal_004|pal_005,青铜90/白银10/黄金0/钻石4
ysbzs-local-3,3,3,1,enc_d03_midday_a,第三天中午遭遇A,上午,1,wave_d03_morning,pal_001,棉悠悠,风,青铜,124.3,pal_001|pal_002|pal_003|pal_004|pal_005,青铜90/白银10/黄金0/钻石0
ysbzs-local-3,3,3,1,enc_d03_midday_a,第三天中午遭遇A,上午,1,wave_d03_morning,pal_003,皮皮鸡,风,白银,124.3,pal_001|pal_002|pal_003|pal_004|pal_005,青铜90/白银10/黄金0/钻石0
ysbzs-local-3,3,3,1,enc_d03_midday_a,第三天中午遭遇A,上午,2,wave_d03_morning,pal_003,皮皮鸡,风,青铜,189,pal_001|pal_002|pal_003|pal_004|pal_005,青铜90/白银10/黄金0/钻石1
ysbzs-local-3,3,3,1,enc_d03_midday_a,第三天中午遭遇A,上午,2,wave_d03_morning,pal_001,棉悠悠,风,青铜,189,pal_001|pal_002|pal_003|pal_004|pal_005,青铜90/白银10/黄金0/钻石1
ysbzs-local-3,3,3,1,enc_d03_midday_a,第三天中午遭遇A,上午,2,wave_d03_morning,pal_002,捣蛋猫,风,青铜,189,pal_001|pal_002|pal_003|pal_004|pal_005,青铜90/白银10/黄金0/钻石1
ysbzs-local-3,3,3,1,enc_d03_midday_a,第三天中午遭遇A,上午,3,wave_d03_morning,pal_003,皮皮鸡,风,青铜,255.4,pal_001|pal_002|pal_003|pal_004|pal_005,青铜90/白银10/黄金0/钻石2
ysbzs-local-3,3,3,1,enc_d03_midday_a,第三天中午遭遇A,上午,3,wave_d03_morning,pal_001,棉悠悠,风,青铜,255.4,pal_001|pal_002|pal_003|pal_004|pal_005,青铜90/白银10/黄金0/钻石2
ysbzs-local-3,3,3,1,enc_d03_midday_a,第三天中午遭遇A,上午,3,wave_d03_morning,pal_005,火绒狐,火,青铜,255.4,pal_001|pal_002|pal_003|pal_004|pal_005,青铜90/白银10/黄金0/钻石2
ysbzs-local-3,3,3,1,enc_d03_midday_a,第三天中午遭遇A,上午,3,wave_d03_morning,pal_004,翠叶鼠,风,青铜,255.4,pal_001|pal_002|pal_003|pal_004|pal_005,青铜90/白银10/黄金0/钻石2
ysbzs-local-3,3,3,1,enc_d03_midday_a,第三天中午遭遇A,上午,4,wave_d03_morning,pal_003,皮皮鸡,风,白银,323.3,pal_001|pal_002|pal_003|pal_004|pal_005,青铜90/白银10/黄金0/钻石3
ysbzs-local-3,3,3,1,enc_d03_midday_a,第三天中午遭遇A,上午,4,wave_d03_morning,pal_005,火绒狐,火,钻石,323.3,pal_001|pal_002|pal_003|pal_004|pal_005,青铜90/白银10/黄金0/钻石3
ysbzs-local-3,3,3,1,enc_d03_midday_a,第三天中午遭遇A,上午,4,wave_d03_morning,pal_001,棉悠悠,风,青铜,323.3,pal_001|pal_002|pal_003|pal_004|pal_005,青铜90/白银10/黄金0/钻石3
ysbzs-local-3,3,3,1,enc_d03_midday_a,第三天中午遭遇A,上午,4,wave_d03_morning,pal_004,翠叶鼠,风,白银,323.3,pal_001|pal_002|pal_003|pal_004|pal_005,青铜90/白银10/黄金0/钻石3
ysbzs-local-3,3,3,1,enc_d03_midday_a,第三天中午遭遇A,上午,4,wave_d03_morning,pal_002,捣蛋猫,风,青铜,323.3,pal_001|pal_002|pal_003|pal_004|pal_005,青铜90/白银10/黄金0/钻石3
ysbzs-local-3,3,3,1,enc_d03_midday_a,第三天中午遭遇A,上午,5,wave_d03_morning,pal_002,捣蛋猫,风,青铜,392.8,pal_001|pal_002|pal_003|pal_004|pal_005,青铜90/白银10/黄金0/钻石4
ysbzs-local-3,3,3,1,enc_d03_midday_a,第三天中午遭遇A,上午,5,wave_d03_morning,pal_003,皮皮鸡,风,白银,392.8,pal_001|pal_002|pal_003|pal_004|pal_005,青铜90/白银10/黄金0/钻石4
ysbzs-local-3,3,3,1,enc_d03_midday_a,第三天中午遭遇A,上午,5,wave_d03_morning,pal_004,翠叶鼠,风,青铜,392.8,pal_001|pal_002|pal_003|pal_004|pal_005,青铜90/白银10/黄金0/钻石4
ysbzs-local-3,3,3,1,enc_d03_midday_a,第三天中午遭遇A,上午,5,wave_d03_morning,pal_001,棉悠悠,风,青铜,392.8,pal_001|pal_002|pal_003|pal_004|pal_005,青铜90/白银10/黄金0/钻石4
ysbzs-local-3,3,3,1,enc_d03_midday_a,第三天中午遭遇A,上午,5,wave_d03_morning,pal_005,火绒狐,火,青铜,392.8,pal_001|pal_002|pal_003|pal_004|pal_005,青铜90/白银10/黄金0/钻石4
ysbzs-local-3,3,3,1,enc_d03_midday_a,第三天中午遭遇A,上午,5,wave_d03_morning,pal_004,翠叶鼠,风,青铜,392.8,pal_001|pal_002|pal_003|pal_004|pal_005,青铜90/白银10/黄金0/钻石4
ysbzs-local-3,3,6,1,enc_d03_evening_fixed,第三天晚上固定战,下午,1,wave_d03_afternoon,pal_002,捣蛋猫,风,青铜,124.3,pal_001|pal_002|pal_003|pal_004|pal_005,青铜90/白银10/黄金0/钻石0
ysbzs-local-3,3,6,1,enc_d03_evening_fixed,第三天晚上固定战,下午,1,wave_d03_afternoon,pal_001,棉悠悠,风,青铜,124.3,pal_001|pal_002|pal_003|pal_004|pal_005,青铜90/白银10/黄金0/钻石0
ysbzs-local-3,3,6,1,enc_d03_evening_fixed,第三天晚上固定战,下午,2,wave_d03_afternoon,pal_001,棉悠悠,风,青铜,189,pal_001|pal_002|pal_003|pal_004|pal_005,青铜90/白银10/黄金0/钻石1
ysbzs-local-3,3,6,1,enc_d03_evening_fixed,第三天晚上固定战,下午,2,wave_d03_afternoon,pal_005,火绒狐,火,青铜,189,pal_001|pal_002|pal_003|pal_004|pal_005,青铜90/白银10/黄金0/钻石1
ysbzs-local-3,3,6,1,enc_d03_evening_fixed,第三天晚上固定战,下午,2,wave_d03_afternoon,pal_002,捣蛋猫,风,青铜,189,pal_001|pal_002|pal_003|pal_004|pal_005,青铜90/白银10/黄金0/钻石1
ysbzs-local-3,3,6,1,enc_d03_evening_fixed,第三天晚上固定战,下午,3,wave_d03_afternoon,pal_002,捣蛋猫,风,白银,255.4,pal_001|pal_002|pal_003|pal_004|pal_005,青铜90/白银10/黄金0/钻石2
ysbzs-local-3,3,6,1,enc_d03_evening_fixed,第三天晚上固定战,下午,3,wave_d03_afternoon,pal_003,皮皮鸡,风,青铜,255.4,pal_001|pal_002|pal_003|pal_004|pal_005,青铜90/白银10/黄金0/钻石2
ysbzs-local-3,3,6,1,enc_d03_evening_fixed,第三天晚上固定战,下午,3,wave_d03_afternoon,pal_005,火绒狐,火,白银,255.4,pal_001|pal_002|pal_003|pal_004|pal_005,青铜90/白银10/黄金0/钻石2
ysbzs-local-3,3,6,1,enc_d03_evening_fixed,第三天晚上固定战,下午,3,wave_d03_afternoon,pal_004,翠叶鼠,风,青铜,255.4,pal_001|pal_002|pal_003|pal_004|pal_005,青铜90/白银10/黄金0/钻石2
ysbzs-local-3,3,6,1,enc_d03_evening_fixed,第三天晚上固定战,下午,4,wave_d03_afternoon,pal_003,皮皮鸡,风,青铜,323.3,pal_001|pal_002|pal_003|pal_004|pal_005,青铜90/白银10/黄金0/钻石3
ysbzs-local-3,3,6,1,enc_d03_evening_fixed,第三天晚上固定战,下午,4,wave_d03_afternoon,pal_001,棉悠悠,风,青铜,323.3,pal_001|pal_002|pal_003|pal_004|pal_005,青铜90/白银10/黄金0/钻石3
ysbzs-local-3,3,6,1,enc_d03_evening_fixed,第三天晚上固定战,下午,4,wave_d03_afternoon,pal_004,翠叶鼠,风,青铜,323.3,pal_001|pal_002|pal_003|pal_004|pal_005,青铜90/白银10/黄金0/钻石3
ysbzs-local-3,3,6,1,enc_d03_evening_fixed,第三天晚上固定战,下午,4,wave_d03_afternoon,pal_002,捣蛋猫,风,青铜,323.3,pal_001|pal_002|pal_003|pal_004|pal_005,青铜90/白银10/黄金0/钻石3
ysbzs-local-3,3,6,1,enc_d03_evening_fixed,第三天晚上固定战,下午,4,wave_d03_afternoon,pal_005,火绒狐,火,青铜,323.3,pal_001|pal_002|pal_003|pal_004|pal_005,青铜90/白银10/黄金0/钻石3
ysbzs-local-3,3,6,1,enc_d03_evening_fixed,第三天晚上固定战,下午,5,wave_d03_afternoon,pal_004,翠叶鼠,风,白银,392.8,pal_001|pal_002|pal_003|pal_004|pal_005,青铜90/白银10/黄金0/钻石4
ysbzs-local-3,3,6,1,enc_d03_evening_fixed,第三天晚上固定战,下午,5,wave_d03_afternoon,pal_003,皮皮鸡,风,青铜,392.8,pal_001|pal_002|pal_003|pal_004|pal_005,青铜90/白银10/黄金0/钻石4
ysbzs-local-3,3,6,1,enc_d03_evening_fixed,第三天晚上固定战,下午,5,wave_d03_afternoon,pal_005,火绒狐,火,青铜,392.8,pal_001|pal_002|pal_003|pal_004|pal_005,青铜90/白银10/黄金0/钻石4
ysbzs-local-3,3,6,1,enc_d03_evening_fixed,第三天晚上固定战,下午,5,wave_d03_afternoon,pal_002,捣蛋猫,风,青铜,392.8,pal_001|pal_002|pal_003|pal_004|pal_005,青铜90/白银10/黄金0/钻石4
ysbzs-local-3,3,6,1,enc_d03_evening_fixed,第三天晚上固定战,下午,5,wave_d03_afternoon,pal_001,棉悠悠,风,青铜,392.8,pal_001|pal_002|pal_003|pal_004|pal_005,青铜90/白银10/黄金0/钻石4
ysbzs-local-3,3,6,1,enc_d03_evening_fixed,第三天晚上固定战,下午,5,wave_d03_afternoon,pal_004,翠叶鼠,风,青铜,392.8,pal_001|pal_002|pal_003|pal_004|pal_005,青铜90/白银10/黄金0/钻石4
ysbzs-local-3,4,3,1,enc_d04_midday_a,第四天中午遭遇A,上午,1,wave_d04_morning,pal_001,棉悠悠,风,青铜,124.3,pal_001|pal_002|pal_003|pal_004|pal_005,青铜90/白银10/黄金0/钻石0
ysbzs-local-3,4,3,1,enc_d04_midday_a,第四天中午遭遇A,上午,1,wave_d04_morning,pal_005,火绒狐,火,白银,124.3,pal_001|pal_002|pal_003|pal_004|pal_005,青铜90/白银10/黄金0/钻石0
ysbzs-local-3,4,3,1,enc_d04_midday_a,第四天中午遭遇A,上午,2,wave_d04_morning,pal_004,翠叶鼠,风,青铜,189,pal_001|pal_002|pal_003|pal_004|pal_005,青铜90/白银10/黄金0/钻石1
ysbzs-local-3,4,3,1,enc_d04_midday_a,第四天中午遭遇A,上午,2,wave_d04_morning,pal_003,皮皮鸡,风,钻石,189,pal_001|pal_002|pal_003|pal_004|pal_005,青铜90/白银10/黄金0/钻石1
ysbzs-local-3,4,3,1,enc_d04_midday_a,第四天中午遭遇A,上午,2,wave_d04_morning,pal_005,火绒狐,火,青铜,189,pal_001|pal_002|pal_003|pal_004|pal_005,青铜90/白银10/黄金0/钻石1
ysbzs-local-3,4,3,1,enc_d04_midday_a,第四天中午遭遇A,上午,3,wave_d04_morning,pal_004,翠叶鼠,风,青铜,255.4,pal_001|pal_002|pal_003|pal_004|pal_005,青铜90/白银10/黄金0/钻石2
ysbzs-local-3,4,3,1,enc_d04_midday_a,第四天中午遭遇A,上午,3,wave_d04_morning,pal_002,捣蛋猫,风,白银,255.4,pal_001|pal_002|pal_003|pal_004|pal_005,青铜90/白银10/黄金0/钻石2
ysbzs-local-3,4,3,1,enc_d04_midday_a,第四天中午遭遇A,上午,3,wave_d04_morning,pal_003,皮皮鸡,风,青铜,255.4,pal_001|pal_002|pal_003|pal_004|pal_005,青铜90/白银10/黄金0/钻石2
ysbzs-local-3,4,3,1,enc_d04_midday_a,第四天中午遭遇A,上午,3,wave_d04_morning,pal_005,火绒狐,火,青铜,255.4,pal_001|pal_002|pal_003|pal_004|pal_005,青铜90/白银10/黄金0/钻石2
ysbzs-local-3,4,3,1,enc_d04_midday_a,第四天中午遭遇A,上午,4,wave_d04_morning,pal_002,捣蛋猫,风,青铜,323.3,pal_001|pal_002|pal_003|pal_004|pal_005,青铜90/白银10/黄金0/钻石3
ysbzs-local-3,4,3,1,enc_d04_midday_a,第四天中午遭遇A,上午,4,wave_d04_morning,pal_005,火绒狐,火,青铜,323.3,pal_001|pal_002|pal_003|pal_004|pal_005,青铜90/白银10/黄金0/钻石3
ysbzs-local-3,4,3,1,enc_d04_midday_a,第四天中午遭遇A,上午,4,wave_d04_morning,pal_003,皮皮鸡,风,青铜,323.3,pal_001|pal_002|pal_003|pal_004|pal_005,青铜90/白银10/黄金0/钻石3
ysbzs-local-3,4,3,1,enc_d04_midday_a,第四天中午遭遇A,上午,4,wave_d04_morning,pal_001,棉悠悠,风,青铜,323.3,pal_001|pal_002|pal_003|pal_004|pal_005,青铜90/白银10/黄金0/钻石3
ysbzs-local-3,4,3,1,enc_d04_midday_a,第四天中午遭遇A,上午,4,wave_d04_morning,pal_004,翠叶鼠,风,青铜,323.3,pal_001|pal_002|pal_003|pal_004|pal_005,青铜90/白银10/黄金0/钻石3
ysbzs-local-3,4,3,1,enc_d04_midday_a,第四天中午遭遇A,上午,5,wave_d04_morning,pal_004,翠叶鼠,风,青铜,392.8,pal_001|pal_002|pal_003|pal_004|pal_005,青铜90/白银10/黄金0/钻石4
ysbzs-local-3,4,3,1,enc_d04_midday_a,第四天中午遭遇A,上午,5,wave_d04_morning,pal_001,棉悠悠,风,青铜,392.8,pal_001|pal_002|pal_003|pal_004|pal_005,青铜90/白银10/黄金0/钻石4
ysbzs-local-3,4,3,1,enc_d04_midday_a,第四天中午遭遇A,上午,5,wave_d04_morning,pal_002,捣蛋猫,风,青铜,392.8,pal_001|pal_002|pal_003|pal_004|pal_005,青铜90/白银10/黄金0/钻石4
ysbzs-local-3,4,3,1,enc_d04_midday_a,第四天中午遭遇A,上午,5,wave_d04_morning,pal_005,火绒狐,火,白银,392.8,pal_001|pal_002|pal_003|pal_004|pal_005,青铜90/白银10/黄金0/钻石4
ysbzs-local-3,4,3,1,enc_d04_midday_a,第四天中午遭遇A,上午,5,wave_d04_morning,pal_003,皮皮鸡,风,青铜,392.8,pal_001|pal_002|pal_003|pal_004|pal_005,青铜90/白银10/黄金0/钻石4
ysbzs-local-3,4,3,1,enc_d04_midday_a,第四天中午遭遇A,上午,5,wave_d04_morning,pal_005,火绒狐,火,青铜,392.8,pal_001|pal_002|pal_003|pal_004|pal_005,青铜90/白银10/黄金0/钻石4
ysbzs-local-3,4,6,1,enc_d04_evening_fixed,第四天晚上固定战,下午,1,wave_d04_afternoon,pal_002,捣蛋猫,风,青铜,124.3,pal_001|pal_002|pal_003|pal_004|pal_005,青铜90/白银10/黄金0/钻石0
ysbzs-local-3,4,6,1,enc_d04_evening_fixed,第四天晚上固定战,下午,1,wave_d04_afternoon,pal_004,翠叶鼠,风,青铜,124.3,pal_001|pal_002|pal_003|pal_004|pal_005,青铜90/白银10/黄金0/钻石0
ysbzs-local-3,4,6,1,enc_d04_evening_fixed,第四天晚上固定战,下午,2,wave_d04_afternoon,pal_001,棉悠悠,风,青铜,189,pal_001|pal_002|pal_003|pal_004|pal_005,青铜90/白银10/黄金0/钻石1
ysbzs-local-3,4,6,1,enc_d04_evening_fixed,第四天晚上固定战,下午,2,wave_d04_afternoon,pal_002,捣蛋猫,风,青铜,189,pal_001|pal_002|pal_003|pal_004|pal_005,青铜90/白银10/黄金0/钻石1
ysbzs-local-3,4,6,1,enc_d04_evening_fixed,第四天晚上固定战,下午,2,wave_d04_afternoon,pal_005,火绒狐,火,青铜,189,pal_001|pal_002|pal_003|pal_004|pal_005,青铜90/白银10/黄金0/钻石1
ysbzs-local-3,4,6,1,enc_d04_evening_fixed,第四天晚上固定战,下午,2,wave_d04_afternoon,pal_001,棉悠悠,风,青铜,189,pal_001|pal_002|pal_003|pal_004|pal_005,青铜90/白银10/黄金0/钻石1
ysbzs-local-3,4,6,1,enc_d04_evening_fixed,第四天晚上固定战,下午,2,wave_d04_afternoon,pal_002,捣蛋猫,风,青铜,189,pal_001|pal_002|pal_003|pal_004|pal_005,青铜90/白银10/黄金0/钻石1
ysbzs-local-3,4,6,1,enc_d04_evening_fixed,第四天晚上固定战,下午,2,wave_d04_afternoon,pal_005,火绒狐,火,青铜,189,pal_001|pal_002|pal_003|pal_004|pal_005,青铜90/白银10/黄金0/钻石1
ysbzs-local-3,4,6,1,enc_d04_evening_fixed,第四天晚上固定战,下午,3,wave_d04_afternoon,pal_001,棉悠悠,风,青铜,255.4,pal_001|pal_002|pal_003|pal_004|pal_005,青铜90/白银10/黄金0/钻石2
ysbzs-local-3,4,6,1,enc_d04_evening_fixed,第四天晚上固定战,下午,3,wave_d04_afternoon,pal_002,捣蛋猫,风,青铜,255.4,pal_001|pal_002|pal_003|pal_004|pal_005,青铜90/白银10/黄金0/钻石2
ysbzs-local-3,4,6,1,enc_d04_evening_fixed,第四天晚上固定战,下午,3,wave_d04_afternoon,pal_005,火绒狐,火,青铜,255.4,pal_001|pal_002|pal_003|pal_004|pal_005,青铜90/白银10/黄金0/钻石2
ysbzs-local-3,4,6,1,enc_d04_evening_fixed,第四天晚上固定战,下午,3,wave_d04_afternoon,pal_003,皮皮鸡,风,青铜,255.4,pal_001|pal_002|pal_003|pal_004|pal_005,青铜90/白银10/黄金0/钻石2
ysbzs-local-3,4,6,1,enc_d04_evening_fixed,第四天晚上固定战,下午,4,wave_d04_afternoon,pal_004,翠叶鼠,风,青铜,323.3,pal_001|pal_002|pal_003|pal_004|pal_005,青铜90/白银10/黄金0/钻石3
ysbzs-local-3,4,6,1,enc_d04_evening_fixed,第四天晚上固定战,下午,4,wave_d04_afternoon,pal_002,捣蛋猫,风,青铜,323.3,pal_001|pal_002|pal_003|pal_004|pal_005,青铜90/白银10/黄金0/钻石3
ysbzs-local-3,4,6,1,enc_d04_evening_fixed,第四天晚上固定战,下午,4,wave_d04_afternoon,pal_001,棉悠悠,风,青铜,323.3,pal_001|pal_002|pal_003|pal_004|pal_005,青铜90/白银10/黄金0/钻石3
ysbzs-local-3,4,6,1,enc_d04_evening_fixed,第四天晚上固定战,下午,4,wave_d04_afternoon,pal_003,皮皮鸡,风,青铜,323.3,pal_001|pal_002|pal_003|pal_004|pal_005,青铜90/白银10/黄金0/钻石3
ysbzs-local-3,4,6,1,enc_d04_evening_fixed,第四天晚上固定战,下午,4,wave_d04_afternoon,pal_005,火绒狐,火,青铜,323.3,pal_001|pal_002|pal_003|pal_004|pal_005,青铜90/白银10/黄金0/钻石3
ysbzs-local-3,4,6,1,enc_d04_evening_fixed,第四天晚上固定战,下午,5,wave_d04_afternoon,pal_001,棉悠悠,风,青铜,392.8,pal_001|pal_002|pal_003|pal_004|pal_005,青铜90/白银10/黄金0/钻石4
ysbzs-local-3,4,6,1,enc_d04_evening_fixed,第四天晚上固定战,下午,5,wave_d04_afternoon,pal_004,翠叶鼠,风,青铜,392.8,pal_001|pal_002|pal_003|pal_004|pal_005,青铜90/白银10/黄金0/钻石4
ysbzs-local-3,4,6,1,enc_d04_evening_fixed,第四天晚上固定战,下午,5,wave_d04_afternoon,pal_002,捣蛋猫,风,青铜,392.8,pal_001|pal_002|pal_003|pal_004|pal_005,青铜90/白银10/黄金0/钻石4
ysbzs-local-3,4,6,1,enc_d04_evening_fixed,第四天晚上固定战,下午,5,wave_d04_afternoon,pal_005,火绒狐,火,青铜,392.8,pal_001|pal_002|pal_003|pal_004|pal_005,青铜90/白银10/黄金0/钻石4
ysbzs-local-3,4,6,1,enc_d04_evening_fixed,第四天晚上固定战,下午,5,wave_d04_afternoon,pal_003,皮皮鸡,风,青铜,392.8,pal_001|pal_002|pal_003|pal_004|pal_005,青铜90/白银10/黄金0/钻石4
ysbzs-local-3,4,6,1,enc_d04_evening_fixed,第四天晚上固定战,下午,5,wave_d04_afternoon,pal_004,翠叶鼠,风,青铜,392.8,pal_001|pal_002|pal_003|pal_004|pal_005,青铜90/白银10/黄金0/钻石4
ysbzs-local-3,5,3,1,enc_d05_midday_a,第五天中午遭遇A,上午,1,wave_d05_morning,pal_002,捣蛋猫,风,青铜,124.3,pal_001|pal_002|pal_003|pal_004|pal_005,青铜90/白银10/黄金0/钻石0
ysbzs-local-3,5,3,1,enc_d05_midday_a,第五天中午遭遇A,上午,1,wave_d05_morning,pal_003,皮皮鸡,风,青铜,124.3,pal_001|pal_002|pal_003|pal_004|pal_005,青铜90/白银10/黄金0/钻石0
ysbzs-local-3,5,3,1,enc_d05_midday_a,第五天中午遭遇A,上午,2,wave_d05_morning,pal_003,皮皮鸡,风,青铜,189,pal_001|pal_002|pal_003|pal_004|pal_005,青铜90/白银10/黄金0/钻石1
ysbzs-local-3,5,3,1,enc_d05_midday_a,第五天中午遭遇A,上午,2,wave_d05_morning,pal_004,翠叶鼠,风,青铜,189,pal_001|pal_002|pal_003|pal_004|pal_005,青铜90/白银10/黄金0/钻石1
ysbzs-local-3,5,3,1,enc_d05_midday_a,第五天中午遭遇A,上午,2,wave_d05_morning,pal_001,棉悠悠,风,青铜,189,pal_001|pal_002|pal_003|pal_004|pal_005,青铜90/白银10/黄金0/钻石1
ysbzs-local-3,5,3,1,enc_d05_midday_a,第五天中午遭遇A,上午,3,wave_d05_morning,pal_001,棉悠悠,风,青铜,255.4,pal_001|pal_002|pal_003|pal_004|pal_005,青铜90/白银10/黄金0/钻石2
ysbzs-local-3,5,3,1,enc_d05_midday_a,第五天中午遭遇A,上午,3,wave_d05_morning,pal_002,捣蛋猫,风,青铜,255.4,pal_001|pal_002|pal_003|pal_004|pal_005,青铜90/白银10/黄金0/钻石2
ysbzs-local-3,5,3,1,enc_d05_midday_a,第五天中午遭遇A,上午,3,wave_d05_morning,pal_004,翠叶鼠,风,青铜,255.4,pal_001|pal_002|pal_003|pal_004|pal_005,青铜90/白银10/黄金0/钻石2
ysbzs-local-3,5,3,1,enc_d05_midday_a,第五天中午遭遇A,上午,3,wave_d05_morning,pal_003,皮皮鸡,风,青铜,255.4,pal_001|pal_002|pal_003|pal_004|pal_005,青铜90/白银10/黄金0/钻石2
ysbzs-local-3,5,3,1,enc_d05_midday_a,第五天中午遭遇A,上午,4,wave_d05_morning,pal_002,捣蛋猫,风,青铜,323.3,pal_001|pal_002|pal_003|pal_004|pal_005,青铜90/白银10/黄金0/钻石3
ysbzs-local-3,5,3,1,enc_d05_midday_a,第五天中午遭遇A,上午,4,wave_d05_morning,pal_003,皮皮鸡,风,白银,323.3,pal_001|pal_002|pal_003|pal_004|pal_005,青铜90/白银10/黄金0/钻石3
ysbzs-local-3,5,3,1,enc_d05_midday_a,第五天中午遭遇A,上午,4,wave_d05_morning,pal_005,火绒狐,火,青铜,323.3,pal_001|pal_002|pal_003|pal_004|pal_005,青铜90/白银10/黄金0/钻石3
ysbzs-local-3,5,3,1,enc_d05_midday_a,第五天中午遭遇A,上午,4,wave_d05_morning,pal_001,棉悠悠,风,青铜,323.3,pal_001|pal_002|pal_003|pal_004|pal_005,青铜90/白银10/黄金0/钻石3
ysbzs-local-3,5,3,1,enc_d05_midday_a,第五天中午遭遇A,上午,4,wave_d05_morning,pal_004,翠叶鼠,风,青铜,323.3,pal_001|pal_002|pal_003|pal_004|pal_005,青铜90/白银10/黄金0/钻石3
ysbzs-local-3,5,3,1,enc_d05_midday_a,第五天中午遭遇A,上午,4,wave_d05_morning,pal_002,捣蛋猫,风,青铜,323.3,pal_001|pal_002|pal_003|pal_004|pal_005,青铜90/白银10/黄金0/钻石3
ysbzs-local-3,5,3,1,enc_d05_midday_a,第五天中午遭遇A,上午,4,wave_d05_morning,pal_003,皮皮鸡,风,白银,323.3,pal_001|pal_002|pal_003|pal_004|pal_005,青铜90/白银10/黄金0/钻石3
ysbzs-local-3,5,3,1,enc_d05_midday_a,第五天中午遭遇A,上午,4,wave_d05_morning,pal_005,火绒狐,火,青铜,323.3,pal_001|pal_002|pal_003|pal_004|pal_005,青铜90/白银10/黄金0/钻石3
ysbzs-local-3,5,3,1,enc_d05_midday_a,第五天中午遭遇A,上午,4,wave_d05_morning,pal_001,棉悠悠,风,青铜,323.3,pal_001|pal_002|pal_003|pal_004|pal_005,青铜90/白银10/黄金0/钻石3
ysbzs-local-3,5,3,1,enc_d05_midday_a,第五天中午遭遇A,上午,4,wave_d05_morning,pal_004,翠叶鼠,风,青铜,323.3,pal_001|pal_002|pal_003|pal_004|pal_005,青铜90/白银10/黄金0/钻石3
ysbzs-local-3,5,3,1,enc_d05_midday_a,第五天中午遭遇A,上午,5,wave_d05_morning,pal_002,捣蛋猫,风,青铜,392.8,pal_001|pal_002|pal_003|pal_004|pal_005,青铜90/白银10/黄金0/钻石4
ysbzs-local-3,5,3,1,enc_d05_midday_a,第五天中午遭遇A,上午,5,wave_d05_morning,pal_005,火绒狐,火,青铜,392.8,pal_001|pal_002|pal_003|pal_004|pal_005,青铜90/白银10/黄金0/钻石4
ysbzs-local-3,5,3,1,enc_d05_midday_a,第五天中午遭遇A,上午,5,wave_d05_morning,pal_003,皮皮鸡,风,青铜,392.8,pal_001|pal_002|pal_003|pal_004|pal_005,青铜90/白银10/黄金0/钻石4
ysbzs-local-3,5,3,1,enc_d05_midday_a,第五天中午遭遇A,上午,5,wave_d05_morning,pal_004,翠叶鼠,风,青铜,392.8,pal_001|pal_002|pal_003|pal_004|pal_005,青铜90/白银10/黄金0/钻石4
ysbzs-local-3,5,3,1,enc_d05_midday_a,第五天中午遭遇A,上午,5,wave_d05_morning,pal_001,棉悠悠,风,青铜,392.8,pal_001|pal_002|pal_003|pal_004|pal_005,青铜90/白银10/黄金0/钻石4
ysbzs-local-3,5,3,1,enc_d05_midday_a,第五天中午遭遇A,上午,5,wave_d05_morning,pal_002,捣蛋猫,风,青铜,392.8,pal_001|pal_002|pal_003|pal_004|pal_005,青铜90/白银10/黄金0/钻石4
ysbzs-local-3,5,3,1,enc_d05_midday_a,第五天中午遭遇A,上午,5,wave_d05_morning,pal_002,捣蛋猫,风,青铜,392.8,pal_001|pal_002|pal_003|pal_004|pal_005,青铜90/白银10/黄金0/钻石4
ysbzs-local-3,5,3,1,enc_d05_midday_a,第五天中午遭遇A,上午,5,wave_d05_morning,pal_005,火绒狐,火,青铜,392.8,pal_001|pal_002|pal_003|pal_004|pal_005,青铜90/白银10/黄金0/钻石4
ysbzs-local-3,5,3,1,enc_d05_midday_a,第五天中午遭遇A,上午,5,wave_d05_morning,pal_003,皮皮鸡,风,青铜,392.8,pal_001|pal_002|pal_003|pal_004|pal_005,青铜90/白银10/黄金0/钻石4
ysbzs-local-3,5,3,1,enc_d05_midday_a,第五天中午遭遇A,上午,5,wave_d05_morning,pal_004,翠叶鼠,风,青铜,392.8,pal_001|pal_002|pal_003|pal_004|pal_005,青铜90/白银10/黄金0/钻石4
ysbzs-local-3,5,3,1,enc_d05_midday_a,第五天中午遭遇A,上午,5,wave_d05_morning,pal_001,棉悠悠,风,青铜,392.8,pal_001|pal_002|pal_003|pal_004|pal_005,青铜90/白银10/黄金0/钻石4
ysbzs-local-3,5,3,1,enc_d05_midday_a,第五天中午遭遇A,上午,5,wave_d05_morning,pal_002,捣蛋猫,风,青铜,392.8,pal_001|pal_002|pal_003|pal_004|pal_005,青铜90/白银10/黄金0/钻石4
ysbzs-local-3,5,6,1,enc_d05_evening_fixed,第五天晚上固定战,下午,1,wave_d05_afternoon,pal_001,棉悠悠,风,白银,124.3,pal_001|pal_002|pal_003|pal_004|pal_005,青铜90/白银10/黄金0/钻石0
ysbzs-local-3,5,6,1,enc_d05_evening_fixed,第五天晚上固定战,下午,1,wave_d05_afternoon,pal_004,翠叶鼠,风,青铜,124.3,pal_001|pal_002|pal_003|pal_004|pal_005,青铜90/白银10/黄金0/钻石0
ysbzs-local-3,5,6,1,enc_d05_evening_fixed,第五天晚上固定战,下午,2,wave_d05_afternoon,pal_003,皮皮鸡,风,青铜,189,pal_001|pal_002|pal_003|pal_004|pal_005,青铜90/白银10/黄金0/钻石1
ysbzs-local-3,5,6,1,enc_d05_evening_fixed,第五天晚上固定战,下午,2,wave_d05_afternoon,pal_002,捣蛋猫,风,青铜,189,pal_001|pal_002|pal_003|pal_004|pal_005,青铜90/白银10/黄金0/钻石1
ysbzs-local-3,5,6,1,enc_d05_evening_fixed,第五天晚上固定战,下午,2,wave_d05_afternoon,pal_004,翠叶鼠,风,青铜,189,pal_001|pal_002|pal_003|pal_004|pal_005,青铜90/白银10/黄金0/钻石1
ysbzs-local-3,5,6,1,enc_d05_evening_fixed,第五天晚上固定战,下午,3,wave_d05_afternoon,pal_002,捣蛋猫,风,青铜,255.4,pal_001|pal_002|pal_003|pal_004|pal_005,青铜90/白银10/黄金0/钻石2
ysbzs-local-3,5,6,1,enc_d05_evening_fixed,第五天晚上固定战,下午,3,wave_d05_afternoon,pal_003,皮皮鸡,风,青铜,255.4,pal_001|pal_002|pal_003|pal_004|pal_005,青铜90/白银10/黄金0/钻石2
ysbzs-local-3,5,6,1,enc_d05_evening_fixed,第五天晚上固定战,下午,3,wave_d05_afternoon,pal_001,棉悠悠,风,青铜,255.4,pal_001|pal_002|pal_003|pal_004|pal_005,青铜90/白银10/黄金0/钻石2
ysbzs-local-3,5,6,1,enc_d05_evening_fixed,第五天晚上固定战,下午,3,wave_d05_afternoon,pal_004,翠叶鼠,风,青铜,255.4,pal_001|pal_002|pal_003|pal_004|pal_005,青铜90/白银10/黄金0/钻石2
ysbzs-local-3,5,6,1,enc_d05_evening_fixed,第五天晚上固定战,下午,4,wave_d05_afternoon,pal_003,皮皮鸡,风,青铜,323.3,pal_001|pal_002|pal_003|pal_004|pal_005,青铜90/白银10/黄金0/钻石3
ysbzs-local-3,5,6,1,enc_d05_evening_fixed,第五天晚上固定战,下午,4,wave_d05_afternoon,pal_001,棉悠悠,风,青铜,323.3,pal_001|pal_002|pal_003|pal_004|pal_005,青铜90/白银10/黄金0/钻石3
ysbzs-local-3,5,6,1,enc_d05_evening_fixed,第五天晚上固定战,下午,4,wave_d05_afternoon,pal_005,火绒狐,火,青铜,323.3,pal_001|pal_002|pal_003|pal_004|pal_005,青铜90/白银10/黄金0/钻石3
ysbzs-local-3,5,6,1,enc_d05_evening_fixed,第五天晚上固定战,下午,4,wave_d05_afternoon,pal_002,捣蛋猫,风,青铜,323.3,pal_001|pal_002|pal_003|pal_004|pal_005,青铜90/白银10/黄金0/钻石3
ysbzs-local-3,5,6,1,enc_d05_evening_fixed,第五天晚上固定战,下午,4,wave_d05_afternoon,pal_004,翠叶鼠,风,青铜,323.3,pal_001|pal_002|pal_003|pal_004|pal_005,青铜90/白银10/黄金0/钻石3
ysbzs-local-3,5,6,1,enc_d05_evening_fixed,第五天晚上固定战,下午,5,wave_d05_afternoon,pal_005,火绒狐,火,青铜,392.8,pal_001|pal_002|pal_003|pal_004|pal_005,青铜90/白银10/黄金0/钻石4
ysbzs-local-3,5,6,1,enc_d05_evening_fixed,第五天晚上固定战,下午,5,wave_d05_afternoon,pal_004,翠叶鼠,风,青铜,392.8,pal_001|pal_002|pal_003|pal_004|pal_005,青铜90/白银10/黄金0/钻石4
ysbzs-local-3,5,6,1,enc_d05_evening_fixed,第五天晚上固定战,下午,5,wave_d05_afternoon,pal_003,皮皮鸡,风,青铜,392.8,pal_001|pal_002|pal_003|pal_004|pal_005,青铜90/白银10/黄金0/钻石4
ysbzs-local-3,5,6,1,enc_d05_evening_fixed,第五天晚上固定战,下午,5,wave_d05_afternoon,pal_002,捣蛋猫,风,白银,392.8,pal_001|pal_002|pal_003|pal_004|pal_005,青铜90/白银10/黄金0/钻石4
ysbzs-local-3,5,6,1,enc_d05_evening_fixed,第五天晚上固定战,下午,5,wave_d05_afternoon,pal_001,棉悠悠,风,青铜,392.8,pal_001|pal_002|pal_003|pal_004|pal_005,青铜90/白银10/黄金0/钻石4
ysbzs-local-3,5,6,1,enc_d05_evening_fixed,第五天晚上固定战,下午,5,wave_d05_afternoon,pal_005,火绒狐,火,青铜,392.8,pal_001|pal_002|pal_003|pal_004|pal_005,青铜90/白银10/黄金0/钻石4
ysbzs-local-3,5,6,1,enc_d05_evening_fixed,第五天晚上固定战,下午,5,wave_d05_afternoon,pal_005,火绒狐,火,青铜,392.8,pal_001|pal_002|pal_003|pal_004|pal_005,青铜90/白银10/黄金0/钻石4
ysbzs-local-3,5,6,1,enc_d05_evening_fixed,第五天晚上固定战,下午,5,wave_d05_afternoon,pal_004,翠叶鼠,风,青铜,392.8,pal_001|pal_002|pal_003|pal_004|pal_005,青铜90/白银10/黄金0/钻石4
ysbzs-local-3,5,6,1,enc_d05_evening_fixed,第五天晚上固定战,下午,5,wave_d05_afternoon,pal_003,皮皮鸡,风,青铜,392.8,pal_001|pal_002|pal_003|pal_004|pal_005,青铜90/白银10/黄金0/钻石4
ysbzs-local-3,5,6,1,enc_d05_evening_fixed,第五天晚上固定战,下午,5,wave_d05_afternoon,pal_002,捣蛋猫,风,白银,392.8,pal_001|pal_002|pal_003|pal_004|pal_005,青铜90/白银10/黄金0/钻石4
ysbzs-local-3,5,6,1,enc_d05_evening_fixed,第五天晚上固定战,下午,5,wave_d05_afternoon,pal_001,棉悠悠,风,青铜,392.8,pal_001|pal_002|pal_003|pal_004|pal_005,青铜90/白银10/黄金0/钻石4
ysbzs-local-3,5,6,1,enc_d05_evening_fixed,第五天晚上固定战,下午,5,wave_d05_afternoon,pal_005,火绒狐,火,青铜,392.8,pal_001|pal_002|pal_003|pal_004|pal_005,青铜90/白银10/黄金0/钻石4
ysbzs-local-3,6,3,1,enc_d06_midday_a,第六天精英遭遇A,上午,1,wave_d06_morning,pal_001,棉悠悠,风,青铜,124.3,pal_001|pal_002|pal_003|pal_004|pal_005,青铜90/白银10/黄金0/钻石0
ysbzs-local-3,6,3,1,enc_d06_midday_a,第六天精英遭遇A,上午,1,wave_d06_morning,pal_003,皮皮鸡,风,青铜,124.3,pal_001|pal_002|pal_003|pal_004|pal_005,青铜90/白银10/黄金0/钻石0
ysbzs-local-3,6,3,1,enc_d06_midday_a,第六天精英遭遇A,上午,1,wave_d06_morning,pal_001,棉悠悠,风,青铜,124.3,pal_001|pal_002|pal_003|pal_004|pal_005,青铜90/白银10/黄金0/钻石0
ysbzs-local-3,6,3,1,enc_d06_midday_a,第六天精英遭遇A,上午,1,wave_d06_morning,pal_003,皮皮鸡,风,青铜,124.3,pal_001|pal_002|pal_003|pal_004|pal_005,青铜90/白银10/黄金0/钻石0
ysbzs-local-3,6,3,1,enc_d06_midday_a,第六天精英遭遇A,上午,2,wave_d06_morning,pal_005,火绒狐,火,青铜,189,pal_001|pal_002|pal_003|pal_004|pal_005,青铜90/白银10/黄金0/钻石1
ysbzs-local-3,6,3,1,enc_d06_midday_a,第六天精英遭遇A,上午,2,wave_d06_morning,pal_002,捣蛋猫,风,青铜,189,pal_001|pal_002|pal_003|pal_004|pal_005,青铜90/白银10/黄金0/钻石1
ysbzs-local-3,6,3,1,enc_d06_midday_a,第六天精英遭遇A,上午,2,wave_d06_morning,pal_001,棉悠悠,风,白银,189,pal_001|pal_002|pal_003|pal_004|pal_005,青铜90/白银10/黄金0/钻石1
ysbzs-local-3,6,3,1,enc_d06_midday_a,第六天精英遭遇A,上午,3,wave_d06_morning,pal_002,捣蛋猫,风,青铜,255.4,pal_001|pal_002|pal_003|pal_004|pal_005,青铜90/白银10/黄金0/钻石2
ysbzs-local-3,6,3,1,enc_d06_midday_a,第六天精英遭遇A,上午,3,wave_d06_morning,pal_004,翠叶鼠,风,青铜,255.4,pal_001|pal_002|pal_003|pal_004|pal_005,青铜90/白银10/黄金0/钻石2
ysbzs-local-3,6,3,1,enc_d06_midday_a,第六天精英遭遇A,上午,3,wave_d06_morning,pal_003,皮皮鸡,风,青铜,255.4,pal_001|pal_002|pal_003|pal_004|pal_005,青铜90/白银10/黄金0/钻石2
ysbzs-local-3,6,3,1,enc_d06_midday_a,第六天精英遭遇A,上午,3,wave_d06_morning,pal_001,棉悠悠,风,白银,255.4,pal_001|pal_002|pal_003|pal_004|pal_005,青铜90/白银10/黄金0/钻石2
ysbzs-local-3,6,3,1,enc_d06_midday_a,第六天精英遭遇A,上午,4,wave_d06_morning,pal_005,火绒狐,火,青铜,323.3,pal_001|pal_002|pal_003|pal_004|pal_005,青铜90/白银10/黄金0/钻石3
ysbzs-local-3,6,3,1,enc_d06_midday_a,第六天精英遭遇A,上午,4,wave_d06_morning,pal_001,棉悠悠,风,青铜,323.3,pal_001|pal_002|pal_003|pal_004|pal_005,青铜90/白银10/黄金0/钻石3
ysbzs-local-3,6,3,1,enc_d06_midday_a,第六天精英遭遇A,上午,4,wave_d06_morning,pal_003,皮皮鸡,风,青铜,323.3,pal_001|pal_002|pal_003|pal_004|pal_005,青铜90/白银10/黄金0/钻石3
ysbzs-local-3,6,3,1,enc_d06_midday_a,第六天精英遭遇A,上午,4,wave_d06_morning,pal_002,捣蛋猫,风,青铜,323.3,pal_001|pal_002|pal_003|pal_004|pal_005,青铜90/白银10/黄金0/钻石3
ysbzs-local-3,6,3,1,enc_d06_midday_a,第六天精英遭遇A,上午,4,wave_d06_morning,pal_004,翠叶鼠,风,青铜,323.3,pal_001|pal_002|pal_003|pal_004|pal_005,青铜90/白银10/黄金0/钻石3
ysbzs-local-3,6,3,1,enc_d06_midday_a,第六天精英遭遇A,上午,4,wave_d06_morning,pal_005,火绒狐,火,青铜,323.3,pal_001|pal_002|pal_003|pal_004|pal_005,青铜90/白银10/黄金0/钻石3
ysbzs-local-3,6,3,1,enc_d06_midday_a,第六天精英遭遇A,上午,4,wave_d06_morning,pal_001,棉悠悠,风,青铜,323.3,pal_001|pal_002|pal_003|pal_004|pal_005,青铜90/白银10/黄金0/钻石3
ysbzs-local-3,6,3,1,enc_d06_midday_a,第六天精英遭遇A,上午,4,wave_d06_morning,pal_003,皮皮鸡,风,青铜,323.3,pal_001|pal_002|pal_003|pal_004|pal_005,青铜90/白银10/黄金0/钻石3
ysbzs-local-3,6,3,1,enc_d06_midday_a,第六天精英遭遇A,上午,4,wave_d06_morning,pal_002,捣蛋猫,风,青铜,323.3,pal_001|pal_002|pal_003|pal_004|pal_005,青铜90/白银10/黄金0/钻石3
ysbzs-local-3,6,3,1,enc_d06_midday_a,第六天精英遭遇A,上午,4,wave_d06_morning,pal_004,翠叶鼠,风,青铜,323.3,pal_001|pal_002|pal_003|pal_004|pal_005,青铜90/白银10/黄金0/钻石3
ysbzs-local-3,6,3,1,enc_d06_midday_a,第六天精英遭遇A,上午,5,wave_d06_morning,pal_005,火绒狐,火,青铜,392.8,pal_001|pal_002|pal_003|pal_004|pal_005,青铜90/白银10/黄金0/钻石4
ysbzs-local-3,6,3,1,enc_d06_midday_a,第六天精英遭遇A,上午,5,wave_d06_morning,pal_002,捣蛋猫,风,青铜,392.8,pal_001|pal_002|pal_003|pal_004|pal_005,青铜90/白银10/黄金0/钻石4
ysbzs-local-3,6,3,1,enc_d06_midday_a,第六天精英遭遇A,上午,5,wave_d06_morning,pal_004,翠叶鼠,风,青铜,392.8,pal_001|pal_002|pal_003|pal_004|pal_005,青铜90/白银10/黄金0/钻石4
ysbzs-local-3,6,3,1,enc_d06_midday_a,第六天精英遭遇A,上午,5,wave_d06_morning,pal_003,皮皮鸡,风,青铜,392.8,pal_001|pal_002|pal_003|pal_004|pal_005,青铜90/白银10/黄金0/钻石4
ysbzs-local-3,6,3,1,enc_d06_midday_a,第六天精英遭遇A,上午,5,wave_d06_morning,pal_001,棉悠悠,风,青铜,392.8,pal_001|pal_002|pal_003|pal_004|pal_005,青铜90/白银10/黄金0/钻石4
ysbzs-local-3,6,3,1,enc_d06_midday_a,第六天精英遭遇A,上午,5,wave_d06_morning,pal_004,翠叶鼠,风,青铜,392.8,pal_001|pal_002|pal_003|pal_004|pal_005,青铜90/白银10/黄金0/钻石4
ysbzs-local-3,6,6,1,enc_d06_evening_fixed,第六天晚上精英固定战,下午,1,wave_d06_afternoon,pal_003,皮皮鸡,风,青铜,124.3,pal_001|pal_002|pal_003|pal_004|pal_005,青铜90/白银10/黄金0/钻石0
ysbzs-local-3,6,6,1,enc_d06_evening_fixed,第六天晚上精英固定战,下午,1,wave_d06_afternoon,pal_005,火绒狐,火,青铜,124.3,pal_001|pal_002|pal_003|pal_004|pal_005,青铜90/白银10/黄金0/钻石0
ysbzs-local-3,6,6,1,enc_d06_evening_fixed,第六天晚上精英固定战,下午,2,wave_d06_afternoon,pal_005,火绒狐,火,青铜,189,pal_001|pal_002|pal_003|pal_004|pal_005,青铜90/白银10/黄金0/钻石1
ysbzs-local-3,6,6,1,enc_d06_evening_fixed,第六天晚上精英固定战,下午,2,wave_d06_afternoon,pal_004,翠叶鼠,风,青铜,189,pal_001|pal_002|pal_003|pal_004|pal_005,青铜90/白银10/黄金0/钻石1
ysbzs-local-3,6,6,1,enc_d06_evening_fixed,第六天晚上精英固定战,下午,2,wave_d06_afternoon,pal_002,捣蛋猫,风,青铜,189,pal_001|pal_002|pal_003|pal_004|pal_005,青铜90/白银10/黄金0/钻石1
ysbzs-local-3,6,6,1,enc_d06_evening_fixed,第六天晚上精英固定战,下午,3,wave_d06_afternoon,pal_003,皮皮鸡,风,青铜,255.4,pal_001|pal_002|pal_003|pal_004|pal_005,青铜90/白银10/黄金0/钻石2
ysbzs-local-3,6,6,1,enc_d06_evening_fixed,第六天晚上精英固定战,下午,3,wave_d06_afternoon,pal_002,捣蛋猫,风,青铜,255.4,pal_001|pal_002|pal_003|pal_004|pal_005,青铜90/白银10/黄金0/钻石2
ysbzs-local-3,6,6,1,enc_d06_evening_fixed,第六天晚上精英固定战,下午,3,wave_d06_afternoon,pal_005,火绒狐,火,青铜,255.4,pal_001|pal_002|pal_003|pal_004|pal_005,青铜90/白银10/黄金0/钻石2
ysbzs-local-3,6,6,1,enc_d06_evening_fixed,第六天晚上精英固定战,下午,3,wave_d06_afternoon,pal_001,棉悠悠,风,青铜,255.4,pal_001|pal_002|pal_003|pal_004|pal_005,青铜90/白银10/黄金0/钻石2
ysbzs-local-3,6,6,1,enc_d06_evening_fixed,第六天晚上精英固定战,下午,3,wave_d06_afternoon,pal_003,皮皮鸡,风,青铜,255.4,pal_001|pal_002|pal_003|pal_004|pal_005,青铜90/白银10/黄金0/钻石2
ysbzs-local-3,6,6,1,enc_d06_evening_fixed,第六天晚上精英固定战,下午,3,wave_d06_afternoon,pal_002,捣蛋猫,风,青铜,255.4,pal_001|pal_002|pal_003|pal_004|pal_005,青铜90/白银10/黄金0/钻石2
ysbzs-local-3,6,6,1,enc_d06_evening_fixed,第六天晚上精英固定战,下午,3,wave_d06_afternoon,pal_005,火绒狐,火,青铜,255.4,pal_001|pal_002|pal_003|pal_004|pal_005,青铜90/白银10/黄金0/钻石2
ysbzs-local-3,6,6,1,enc_d06_evening_fixed,第六天晚上精英固定战,下午,3,wave_d06_afternoon,pal_001,棉悠悠,风,青铜,255.4,pal_001|pal_002|pal_003|pal_004|pal_005,青铜90/白银10/黄金0/钻石2
ysbzs-local-3,6,6,1,enc_d06_evening_fixed,第六天晚上精英固定战,下午,4,wave_d06_afternoon,pal_002,捣蛋猫,风,青铜,323.3,pal_001|pal_002|pal_003|pal_004|pal_005,青铜90/白银10/黄金0/钻石3
ysbzs-local-3,6,6,1,enc_d06_evening_fixed,第六天晚上精英固定战,下午,4,wave_d06_afternoon,pal_003,皮皮鸡,风,青铜,323.3,pal_001|pal_002|pal_003|pal_004|pal_005,青铜90/白银10/黄金0/钻石3
ysbzs-local-3,6,6,1,enc_d06_evening_fixed,第六天晚上精英固定战,下午,4,wave_d06_afternoon,pal_005,火绒狐,火,青铜,323.3,pal_001|pal_002|pal_003|pal_004|pal_005,青铜90/白银10/黄金0/钻石3
ysbzs-local-3,6,6,1,enc_d06_evening_fixed,第六天晚上精英固定战,下午,4,wave_d06_afternoon,pal_004,翠叶鼠,风,青铜,323.3,pal_001|pal_002|pal_003|pal_004|pal_005,青铜90/白银10/黄金0/钻石3
ysbzs-local-3,6,6,1,enc_d06_evening_fixed,第六天晚上精英固定战,下午,4,wave_d06_afternoon,pal_001,棉悠悠,风,青铜,323.3,pal_001|pal_002|pal_003|pal_004|pal_005,青铜90/白银10/黄金0/钻石3
ysbzs-local-3,6,6,1,enc_d06_evening_fixed,第六天晚上精英固定战,下午,4,wave_d06_afternoon,pal_002,捣蛋猫,风,青铜,323.3,pal_001|pal_002|pal_003|pal_004|pal_005,青铜90/白银10/黄金0/钻石3
ysbzs-local-3,6,6,1,enc_d06_evening_fixed,第六天晚上精英固定战,下午,4,wave_d06_afternoon,pal_003,皮皮鸡,风,青铜,323.3,pal_001|pal_002|pal_003|pal_004|pal_005,青铜90/白银10/黄金0/钻石3
ysbzs-local-3,6,6,1,enc_d06_evening_fixed,第六天晚上精英固定战,下午,4,wave_d06_afternoon,pal_005,火绒狐,火,青铜,323.3,pal_001|pal_002|pal_003|pal_004|pal_005,青铜90/白银10/黄金0/钻石3
ysbzs-local-3,6,6,1,enc_d06_evening_fixed,第六天晚上精英固定战,下午,4,wave_d06_afternoon,pal_004,翠叶鼠,风,青铜,323.3,pal_001|pal_002|pal_003|pal_004|pal_005,青铜90/白银10/黄金0/钻石3
ysbzs-local-3,6,6,1,enc_d06_evening_fixed,第六天晚上精英固定战,下午,4,wave_d06_afternoon,pal_001,棉悠悠,风,青铜,323.3,pal_001|pal_002|pal_003|pal_004|pal_005,青铜90/白银10/黄金0/钻石3
ysbzs-local-3,6,6,1,enc_d06_evening_fixed,第六天晚上精英固定战,下午,5,wave_d06_afternoon,pal_005,火绒狐,火,青铜,392.8,pal_001|pal_002|pal_003|pal_004|pal_005,青铜90/白银10/黄金0/钻石4
ysbzs-local-3,6,6,1,enc_d06_evening_fixed,第六天晚上精英固定战,下午,5,wave_d06_afternoon,pal_001,棉悠悠,风,钻石,392.8,pal_001|pal_002|pal_003|pal_004|pal_005,青铜90/白银10/黄金0/钻石4
ysbzs-local-3,6,6,1,enc_d06_evening_fixed,第六天晚上精英固定战,下午,5,wave_d06_afternoon,pal_004,翠叶鼠,风,青铜,392.8,pal_001|pal_002|pal_003|pal_004|pal_005,青铜90/白银10/黄金0/钻石4
ysbzs-local-3,6,6,1,enc_d06_evening_fixed,第六天晚上精英固定战,下午,5,wave_d06_afternoon,pal_003,皮皮鸡,风,青铜,392.8,pal_001|pal_002|pal_003|pal_004|pal_005,青铜90/白银10/黄金0/钻石4
ysbzs-local-3,6,6,1,enc_d06_evening_fixed,第六天晚上精英固定战,下午,5,wave_d06_afternoon,pal_002,捣蛋猫,风,白银,392.8,pal_001|pal_002|pal_003|pal_004|pal_005,青铜90/白银10/黄金0/钻石4
ysbzs-local-3,6,6,1,enc_d06_evening_fixed,第六天晚上精英固定战,下午,5,wave_d06_afternoon,pal_004,翠叶鼠,风,青铜,392.8,pal_001|pal_002|pal_003|pal_004|pal_005,青铜90/白银10/黄金0/钻石4
ysbzs-local-3,7,3,1,enc_d07_midday_a,第七天精英遭遇A,上午,1,wave_d07_morning,pal_003,皮皮鸡,风,青铜,124.3,pal_001|pal_002|pal_003|pal_004|pal_005,青铜90/白银10/黄金0/钻石0
ysbzs-local-3,7,3,1,enc_d07_midday_a,第七天精英遭遇A,上午,1,wave_d07_morning,pal_005,火绒狐,火,青铜,124.3,pal_001|pal_002|pal_003|pal_004|pal_005,青铜90/白银10/黄金0/钻石0
ysbzs-local-3,7,3,1,enc_d07_midday_a,第七天精英遭遇A,上午,2,wave_d07_morning,pal_004,翠叶鼠,风,青铜,189,pal_001|pal_002|pal_003|pal_004|pal_005,青铜90/白银10/黄金0/钻石1
ysbzs-local-3,7,3,1,enc_d07_midday_a,第七天精英遭遇A,上午,2,wave_d07_morning,pal_003,皮皮鸡,风,青铜,189,pal_001|pal_002|pal_003|pal_004|pal_005,青铜90/白银10/黄金0/钻石1
ysbzs-local-3,7,3,1,enc_d07_midday_a,第七天精英遭遇A,上午,2,wave_d07_morning,pal_002,捣蛋猫,风,青铜,189,pal_001|pal_002|pal_003|pal_004|pal_005,青铜90/白银10/黄金0/钻石1
ysbzs-local-3,7,3,1,enc_d07_midday_a,第七天精英遭遇A,上午,3,wave_d07_morning,pal_005,火绒狐,火,青铜,255.4,pal_001|pal_002|pal_003|pal_004|pal_005,青铜90/白银10/黄金0/钻石2
ysbzs-local-3,7,3,1,enc_d07_midday_a,第七天精英遭遇A,上午,3,wave_d07_morning,pal_003,皮皮鸡,风,青铜,255.4,pal_001|pal_002|pal_003|pal_004|pal_005,青铜90/白银10/黄金0/钻石2
ysbzs-local-3,7,3,1,enc_d07_midday_a,第七天精英遭遇A,上午,3,wave_d07_morning,pal_002,捣蛋猫,风,青铜,255.4,pal_001|pal_002|pal_003|pal_004|pal_005,青铜90/白银10/黄金0/钻石2
ysbzs-local-3,7,3,1,enc_d07_midday_a,第七天精英遭遇A,上午,3,wave_d07_morning,pal_004,翠叶鼠,风,青铜,255.4,pal_001|pal_002|pal_003|pal_004|pal_005,青铜90/白银10/黄金0/钻石2
ysbzs-local-3,7,3,1,enc_d07_midday_a,第七天精英遭遇A,上午,4,wave_d07_morning,pal_001,棉悠悠,风,青铜,323.3,pal_001|pal_002|pal_003|pal_004|pal_005,青铜90/白银10/黄金0/钻石3
ysbzs-local-3,7,3,1,enc_d07_midday_a,第七天精英遭遇A,上午,4,wave_d07_morning,pal_003,皮皮鸡,风,青铜,323.3,pal_001|pal_002|pal_003|pal_004|pal_005,青铜90/白银10/黄金0/钻石3
ysbzs-local-3,7,3,1,enc_d07_midday_a,第七天精英遭遇A,上午,4,wave_d07_morning,pal_002,捣蛋猫,风,青铜,323.3,pal_001|pal_002|pal_003|pal_004|pal_005,青铜90/白银10/黄金0/钻石3
ysbzs-local-3,7,3,1,enc_d07_midday_a,第七天精英遭遇A,上午,4,wave_d07_morning,pal_004,翠叶鼠,风,青铜,323.3,pal_001|pal_002|pal_003|pal_004|pal_005,青铜90/白银10/黄金0/钻石3
ysbzs-local-3,7,3,1,enc_d07_midday_a,第七天精英遭遇A,上午,4,wave_d07_morning,pal_005,火绒狐,火,白银,323.3,pal_001|pal_002|pal_003|pal_004|pal_005,青铜90/白银10/黄金0/钻石3
ysbzs-local-3,7,3,1,enc_d07_midday_a,第七天精英遭遇A,上午,4,wave_d07_morning,pal_001,棉悠悠,风,青铜,323.3,pal_001|pal_002|pal_003|pal_004|pal_005,青铜90/白银10/黄金0/钻石3
ysbzs-local-3,7,3,1,enc_d07_midday_a,第七天精英遭遇A,上午,4,wave_d07_morning,pal_003,皮皮鸡,风,青铜,323.3,pal_001|pal_002|pal_003|pal_004|pal_005,青铜90/白银10/黄金0/钻石3
ysbzs-local-3,7,3,1,enc_d07_midday_a,第七天精英遭遇A,上午,4,wave_d07_morning,pal_002,捣蛋猫,风,青铜,323.3,pal_001|pal_002|pal_003|pal_004|pal_005,青铜90/白银10/黄金0/钻石3
ysbzs-local-3,7,3,1,enc_d07_midday_a,第七天精英遭遇A,上午,4,wave_d07_morning,pal_004,翠叶鼠,风,青铜,323.3,pal_001|pal_002|pal_003|pal_004|pal_005,青铜90/白银10/黄金0/钻石3
ysbzs-local-3,7,3,1,enc_d07_midday_a,第七天精英遭遇A,上午,4,wave_d07_morning,pal_005,火绒狐,火,白银,323.3,pal_001|pal_002|pal_003|pal_004|pal_005,青铜90/白银10/黄金0/钻石3
ysbzs-local-3,7,3,1,enc_d07_midday_a,第七天精英遭遇A,上午,5,wave_d07_morning,pal_001,棉悠悠,风,青铜,392.8,pal_001|pal_002|pal_003|pal_004|pal_005,青铜90/白银10/黄金0/钻石4
ysbzs-local-3,7,3,1,enc_d07_midday_a,第七天精英遭遇A,上午,5,wave_d07_morning,pal_002,捣蛋猫,风,青铜,392.8,pal_001|pal_002|pal_003|pal_004|pal_005,青铜90/白银10/黄金0/钻石4
ysbzs-local-3,7,3,1,enc_d07_midday_a,第七天精英遭遇A,上午,5,wave_d07_morning,pal_005,火绒狐,火,青铜,392.8,pal_001|pal_002|pal_003|pal_004|pal_005,青铜90/白银10/黄金0/钻石4
ysbzs-local-3,7,3,1,enc_d07_midday_a,第七天精英遭遇A,上午,5,wave_d07_morning,pal_003,皮皮鸡,风,青铜,392.8,pal_001|pal_002|pal_003|pal_004|pal_005,青铜90/白银10/黄金0/钻石4
ysbzs-local-3,7,3,1,enc_d07_midday_a,第七天精英遭遇A,上午,5,wave_d07_morning,pal_004,翠叶鼠,风,青铜,392.8,pal_001|pal_002|pal_003|pal_004|pal_005,青铜90/白银10/黄金0/钻石4
ysbzs-local-3,7,3,1,enc_d07_midday_a,第七天精英遭遇A,上午,5,wave_d07_morning,pal_002,捣蛋猫,风,青铜,392.8,pal_001|pal_002|pal_003|pal_004|pal_005,青铜90/白银10/黄金0/钻石4
ysbzs-local-3,7,6,1,enc_d07_evening_fixed,第七天晚上精英固定战,下午,1,wave_d07_afternoon,pal_002,捣蛋猫,风,青铜,124.3,pal_001|pal_002|pal_003|pal_004|pal_005,青铜90/白银10/黄金0/钻石0
ysbzs-local-3,7,6,1,enc_d07_evening_fixed,第七天晚上精英固定战,下午,1,wave_d07_afternoon,pal_003,皮皮鸡,风,青铜,124.3,pal_001|pal_002|pal_003|pal_004|pal_005,青铜90/白银10/黄金0/钻石0
ysbzs-local-3,7,6,1,enc_d07_evening_fixed,第七天晚上精英固定战,下午,2,wave_d07_afternoon,pal_002,捣蛋猫,风,青铜,189,pal_001|pal_002|pal_003|pal_004|pal_005,青铜90/白银10/黄金0/钻石1
ysbzs-local-3,7,6,1,enc_d07_evening_fixed,第七天晚上精英固定战,下午,2,wave_d07_afternoon,pal_005,火绒狐,火,青铜,189,pal_001|pal_002|pal_003|pal_004|pal_005,青铜90/白银10/黄金0/钻石1
ysbzs-local-3,7,6,1,enc_d07_evening_fixed,第七天晚上精英固定战,下午,2,wave_d07_afternoon,pal_003,皮皮鸡,风,青铜,189,pal_001|pal_002|pal_003|pal_004|pal_005,青铜90/白银10/黄金0/钻石1
ysbzs-local-3,7,6,1,enc_d07_evening_fixed,第七天晚上精英固定战,下午,2,wave_d07_afternoon,pal_002,捣蛋猫,风,青铜,189,pal_001|pal_002|pal_003|pal_004|pal_005,青铜90/白银10/黄金0/钻石1
ysbzs-local-3,7,6,1,enc_d07_evening_fixed,第七天晚上精英固定战,下午,2,wave_d07_afternoon,pal_005,火绒狐,火,青铜,189,pal_001|pal_002|pal_003|pal_004|pal_005,青铜90/白银10/黄金0/钻石1
ysbzs-local-3,7,6,1,enc_d07_evening_fixed,第七天晚上精英固定战,下午,2,wave_d07_afternoon,pal_003,皮皮鸡,风,青铜,189,pal_001|pal_002|pal_003|pal_004|pal_005,青铜90/白银10/黄金0/钻石1
ysbzs-local-3,7,6,1,enc_d07_evening_fixed,第七天晚上精英固定战,下午,3,wave_d07_afternoon,pal_003,皮皮鸡,风,青铜,255.4,pal_001|pal_002|pal_003|pal_004|pal_005,青铜90/白银10/黄金0/钻石2
ysbzs-local-3,7,6,1,enc_d07_evening_fixed,第七天晚上精英固定战,下午,3,wave_d07_afternoon,pal_004,翠叶鼠,风,青铜,255.4,pal_001|pal_002|pal_003|pal_004|pal_005,青铜90/白银10/黄金0/钻石2
ysbzs-local-3,7,6,1,enc_d07_evening_fixed,第七天晚上精英固定战,下午,3,wave_d07_afternoon,pal_001,棉悠悠,风,青铜,255.4,pal_001|pal_002|pal_003|pal_004|pal_005,青铜90/白银10/黄金0/钻石2
ysbzs-local-3,7,6,1,enc_d07_evening_fixed,第七天晚上精英固定战,下午,3,wave_d07_afternoon,pal_002,捣蛋猫,风,青铜,255.4,pal_001|pal_002|pal_003|pal_004|pal_005,青铜90/白银10/黄金0/钻石2
ysbzs-local-3,7,6,1,enc_d07_evening_fixed,第七天晚上精英固定战,下午,3,wave_d07_afternoon,pal_003,皮皮鸡,风,青铜,255.4,pal_001|pal_002|pal_003|pal_004|pal_005,青铜90/白银10/黄金0/钻石2
ysbzs-local-3,7,6,1,enc_d07_evening_fixed,第七天晚上精英固定战,下午,3,wave_d07_afternoon,pal_004,翠叶鼠,风,青铜,255.4,pal_001|pal_002|pal_003|pal_004|pal_005,青铜90/白银10/黄金0/钻石2
ysbzs-local-3,7,6,1,enc_d07_evening_fixed,第七天晚上精英固定战,下午,3,wave_d07_afternoon,pal_001,棉悠悠,风,青铜,255.4,pal_001|pal_002|pal_003|pal_004|pal_005,青铜90/白银10/黄金0/钻石2
ysbzs-local-3,7,6,1,enc_d07_evening_fixed,第七天晚上精英固定战,下午,3,wave_d07_afternoon,pal_002,捣蛋猫,风,青铜,255.4,pal_001|pal_002|pal_003|pal_004|pal_005,青铜90/白银10/黄金0/钻石2
ysbzs-local-3,7,6,1,enc_d07_evening_fixed,第七天晚上精英固定战,下午,4,wave_d07_afternoon,pal_002,捣蛋猫,风,青铜,323.3,pal_001|pal_002|pal_003|pal_004|pal_005,青铜90/白银10/黄金0/钻石3
ysbzs-local-3,7,6,1,enc_d07_evening_fixed,第七天晚上精英固定战,下午,4,wave_d07_afternoon,pal_001,棉悠悠,风,白银,323.3,pal_001|pal_002|pal_003|pal_004|pal_005,青铜90/白银10/黄金0/钻石3
ysbzs-local-3,7,6,1,enc_d07_evening_fixed,第七天晚上精英固定战,下午,4,wave_d07_afternoon,pal_005,火绒狐,火,钻石,323.3,pal_001|pal_002|pal_003|pal_004|pal_005,青铜90/白银10/黄金0/钻石3
ysbzs-local-3,7,6,1,enc_d07_evening_fixed,第七天晚上精英固定战,下午,4,wave_d07_afternoon,pal_004,翠叶鼠,风,青铜,323.3,pal_001|pal_002|pal_003|pal_004|pal_005,青铜90/白银10/黄金0/钻石3
ysbzs-local-3,7,6,1,enc_d07_evening_fixed,第七天晚上精英固定战,下午,4,wave_d07_afternoon,pal_003,皮皮鸡,风,青铜,323.3,pal_001|pal_002|pal_003|pal_004|pal_005,青铜90/白银10/黄金0/钻石3
ysbzs-local-3,7,6,1,enc_d07_evening_fixed,第七天晚上精英固定战,下午,4,wave_d07_afternoon,pal_002,捣蛋猫,风,青铜,323.3,pal_001|pal_002|pal_003|pal_004|pal_005,青铜90/白银10/黄金0/钻石3
ysbzs-local-3,7,6,1,enc_d07_evening_fixed,第七天晚上精英固定战,下午,4,wave_d07_afternoon,pal_001,棉悠悠,风,白银,323.3,pal_001|pal_002|pal_003|pal_004|pal_005,青铜90/白银10/黄金0/钻石3
ysbzs-local-3,7,6,1,enc_d07_evening_fixed,第七天晚上精英固定战,下午,4,wave_d07_afternoon,pal_005,火绒狐,火,钻石,323.3,pal_001|pal_002|pal_003|pal_004|pal_005,青铜90/白银10/黄金0/钻石3
ysbzs-local-3,7,6,1,enc_d07_evening_fixed,第七天晚上精英固定战,下午,4,wave_d07_afternoon,pal_004,翠叶鼠,风,青铜,323.3,pal_001|pal_002|pal_003|pal_004|pal_005,青铜90/白银10/黄金0/钻石3
ysbzs-local-3,7,6,1,enc_d07_evening_fixed,第七天晚上精英固定战,下午,4,wave_d07_afternoon,pal_003,皮皮鸡,风,青铜,323.3,pal_001|pal_002|pal_003|pal_004|pal_005,青铜90/白银10/黄金0/钻石3
ysbzs-local-3,7,6,1,enc_d07_evening_fixed,第七天晚上精英固定战,下午,5,wave_d07_afternoon,pal_001,棉悠悠,风,青铜,392.8,pal_001|pal_002|pal_003|pal_004|pal_005,青铜90/白银10/黄金0/钻石4
ysbzs-local-3,7,6,1,enc_d07_evening_fixed,第七天晚上精英固定战,下午,5,wave_d07_afternoon,pal_004,翠叶鼠,风,白银,392.8,pal_001|pal_002|pal_003|pal_004|pal_005,青铜90/白银10/黄金0/钻石4
ysbzs-local-3,7,6,1,enc_d07_evening_fixed,第七天晚上精英固定战,下午,5,wave_d07_afternoon,pal_002,捣蛋猫,风,白银,392.8,pal_001|pal_002|pal_003|pal_004|pal_005,青铜90/白银10/黄金0/钻石4
ysbzs-local-3,7,6,1,enc_d07_evening_fixed,第七天晚上精英固定战,下午,5,wave_d07_afternoon,pal_003,皮皮鸡,风,青铜,392.8,pal_001|pal_002|pal_003|pal_004|pal_005,青铜90/白银10/黄金0/钻石4
ysbzs-local-3,7,6,1,enc_d07_evening_fixed,第七天晚上精英固定战,下午,5,wave_d07_afternoon,pal_005,火绒狐,火,青铜,392.8,pal_001|pal_002|pal_003|pal_004|pal_005,青铜90/白银10/黄金0/钻石4
ysbzs-local-3,7,6,1,enc_d07_evening_fixed,第七天晚上精英固定战,下午,5,wave_d07_afternoon,pal_002,捣蛋猫,风,青铜,392.8,pal_001|pal_002|pal_003|pal_004|pal_005,青铜90/白银10/黄金0/钻石4
ysbzs-local-3,8,3,1,enc_d08_midday_a,第八天精英遭遇A,上午,1,wave_d08_morning,pal_001,棉悠悠,风,青铜,124.3,pal_001|pal_002|pal_003|pal_004|pal_005,青铜90/白银10/黄金0/钻石0
ysbzs-local-3,8,3,1,enc_d08_midday_a,第八天精英遭遇A,上午,1,wave_d08_morning,pal_004,翠叶鼠,风,青铜,124.3,pal_001|pal_002|pal_003|pal_004|pal_005,青铜90/白银10/黄金0/钻石0
ysbzs-local-3,8,3,1,enc_d08_midday_a,第八天精英遭遇A,上午,2,wave_d08_morning,pal_005,火绒狐,火,白银,189,pal_001|pal_002|pal_003|pal_004|pal_005,青铜90/白银10/黄金0/钻石1
ysbzs-local-3,8,3,1,enc_d08_midday_a,第八天精英遭遇A,上午,2,wave_d08_morning,pal_003,皮皮鸡,风,青铜,189,pal_001|pal_002|pal_003|pal_004|pal_005,青铜90/白银10/黄金0/钻石1
ysbzs-local-3,8,3,1,enc_d08_midday_a,第八天精英遭遇A,上午,2,wave_d08_morning,pal_004,翠叶鼠,风,青铜,189,pal_001|pal_002|pal_003|pal_004|pal_005,青铜90/白银10/黄金0/钻石1
ysbzs-local-3,8,3,1,enc_d08_midday_a,第八天精英遭遇A,上午,2,wave_d08_morning,pal_005,火绒狐,火,白银,189,pal_001|pal_002|pal_003|pal_004|pal_005,青铜90/白银10/黄金0/钻石1
ysbzs-local-3,8,3,1,enc_d08_midday_a,第八天精英遭遇A,上午,2,wave_d08_morning,pal_003,皮皮鸡,风,青铜,189,pal_001|pal_002|pal_003|pal_004|pal_005,青铜90/白银10/黄金0/钻石1
ysbzs-local-3,8,3,1,enc_d08_midday_a,第八天精英遭遇A,上午,2,wave_d08_morning,pal_004,翠叶鼠,风,青铜,189,pal_001|pal_002|pal_003|pal_004|pal_005,青铜90/白银10/黄金0/钻石1
ysbzs-local-3,8,3,1,enc_d08_midday_a,第八天精英遭遇A,上午,3,wave_d08_morning,pal_002,捣蛋猫,风,青铜,255.4,pal_001|pal_002|pal_003|pal_004|pal_005,青铜90/白银10/黄金0/钻石2
ysbzs-local-3,8,3,1,enc_d08_midday_a,第八天精英遭遇A,上午,3,wave_d08_morning,pal_005,火绒狐,火,青铜,255.4,pal_001|pal_002|pal_003|pal_004|pal_005,青铜90/白银10/黄金0/钻石2
ysbzs-local-3,8,3,1,enc_d08_midday_a,第八天精英遭遇A,上午,3,wave_d08_morning,pal_004,翠叶鼠,风,青铜,255.4,pal_001|pal_002|pal_003|pal_004|pal_005,青铜90/白银10/黄金0/钻石2
ysbzs-local-3,8,3,1,enc_d08_midday_a,第八天精英遭遇A,上午,3,wave_d08_morning,pal_003,皮皮鸡,风,青铜,255.4,pal_001|pal_002|pal_003|pal_004|pal_005,青铜90/白银10/黄金0/钻石2
ysbzs-local-3,8,3,1,enc_d08_midday_a,第八天精英遭遇A,上午,3,wave_d08_morning,pal_002,捣蛋猫,风,青铜,255.4,pal_001|pal_002|pal_003|pal_004|pal_005,青铜90/白银10/黄金0/钻石2
ysbzs-local-3,8,3,1,enc_d08_midday_a,第八天精英遭遇A,上午,3,wave_d08_morning,pal_005,火绒狐,火,青铜,255.4,pal_001|pal_002|pal_003|pal_004|pal_005,青铜90/白银10/黄金0/钻石2
ysbzs-local-3,8,3,1,enc_d08_midday_a,第八天精英遭遇A,上午,3,wave_d08_morning,pal_004,翠叶鼠,风,青铜,255.4,pal_001|pal_002|pal_003|pal_004|pal_005,青铜90/白银10/黄金0/钻石2
ysbzs-local-3,8,3,1,enc_d08_midday_a,第八天精英遭遇A,上午,3,wave_d08_morning,pal_003,皮皮鸡,风,青铜,255.4,pal_001|pal_002|pal_003|pal_004|pal_005,青铜90/白银10/黄金0/钻石2
ysbzs-local-3,8,3,1,enc_d08_midday_a,第八天精英遭遇A,上午,4,wave_d08_morning,pal_002,捣蛋猫,风,钻石,323.3,pal_001|pal_002|pal_003|pal_004|pal_005,青铜90/白银10/黄金0/钻石3
ysbzs-local-3,8,3,1,enc_d08_midday_a,第八天精英遭遇A,上午,4,wave_d08_morning,pal_001,棉悠悠,风,青铜,323.3,pal_001|pal_002|pal_003|pal_004|pal_005,青铜90/白银10/黄金0/钻石3
ysbzs-local-3,8,3,1,enc_d08_midday_a,第八天精英遭遇A,上午,4,wave_d08_morning,pal_005,火绒狐,火,青铜,323.3,pal_001|pal_002|pal_003|pal_004|pal_005,青铜90/白银10/黄金0/钻石3
ysbzs-local-3,8,3,1,enc_d08_midday_a,第八天精英遭遇A,上午,4,wave_d08_morning,pal_003,皮皮鸡,风,青铜,323.3,pal_001|pal_002|pal_003|pal_004|pal_005,青铜90/白银10/黄金0/钻石3
ysbzs-local-3,8,3,1,enc_d08_midday_a,第八天精英遭遇A,上午,4,wave_d08_morning,pal_004,翠叶鼠,风,青铜,323.3,pal_001|pal_002|pal_003|pal_004|pal_005,青铜90/白银10/黄金0/钻石3
ysbzs-local-3,8,3,1,enc_d08_midday_a,第八天精英遭遇A,上午,4,wave_d08_morning,pal_002,捣蛋猫,风,钻石,323.3,pal_001|pal_002|pal_003|pal_004|pal_005,青铜90/白银10/黄金0/钻石3
ysbzs-local-3,8,3,1,enc_d08_midday_a,第八天精英遭遇A,上午,4,wave_d08_morning,pal_001,棉悠悠,风,青铜,323.3,pal_001|pal_002|pal_003|pal_004|pal_005,青铜90/白银10/黄金0/钻石3
ysbzs-local-3,8,3,1,enc_d08_midday_a,第八天精英遭遇A,上午,4,wave_d08_morning,pal_005,火绒狐,火,青铜,323.3,pal_001|pal_002|pal_003|pal_004|pal_005,青铜90/白银10/黄金0/钻石3
ysbzs-local-3,8,3,1,enc_d08_midday_a,第八天精英遭遇A,上午,4,wave_d08_morning,pal_003,皮皮鸡,风,青铜,323.3,pal_001|pal_002|pal_003|pal_004|pal_005,青铜90/白银10/黄金0/钻石3
ysbzs-local-3,8,3,1,enc_d08_midday_a,第八天精英遭遇A,上午,4,wave_d08_morning,pal_004,翠叶鼠,风,青铜,323.3,pal_001|pal_002|pal_003|pal_004|pal_005,青铜90/白银10/黄金0/钻石3
ysbzs-local-3,8,3,1,enc_d08_midday_a,第八天精英遭遇A,上午,5,wave_d08_morning,pal_002,捣蛋猫,风,白银,392.8,pal_001|pal_002|pal_003|pal_004|pal_005,青铜90/白银10/黄金0/钻石4
ysbzs-local-3,8,3,1,enc_d08_midday_a,第八天精英遭遇A,上午,5,wave_d08_morning,pal_005,火绒狐,火,钻石,392.8,pal_001|pal_002|pal_003|pal_004|pal_005,青铜90/白银10/黄金0/钻石4
ysbzs-local-3,8,3,1,enc_d08_midday_a,第八天精英遭遇A,上午,5,wave_d08_morning,pal_004,翠叶鼠,风,青铜,392.8,pal_001|pal_002|pal_003|pal_004|pal_005,青铜90/白银10/黄金0/钻石4
ysbzs-local-3,8,3,1,enc_d08_midday_a,第八天精英遭遇A,上午,5,wave_d08_morning,pal_003,皮皮鸡,风,青铜,392.8,pal_001|pal_002|pal_003|pal_004|pal_005,青铜90/白银10/黄金0/钻石4
ysbzs-local-3,8,3,1,enc_d08_midday_a,第八天精英遭遇A,上午,5,wave_d08_morning,pal_001,棉悠悠,风,青铜,392.8,pal_001|pal_002|pal_003|pal_004|pal_005,青铜90/白银10/黄金0/钻石4
ysbzs-local-3,8,3,1,enc_d08_midday_a,第八天精英遭遇A,上午,5,wave_d08_morning,pal_001,棉悠悠,风,青铜,392.8,pal_001|pal_002|pal_003|pal_004|pal_005,青铜90/白银10/黄金0/钻石4
ysbzs-local-3,8,6,1,enc_d08_evening_fixed,第八天晚上精英固定战,下午,1,wave_d08_afternoon,pal_002,捣蛋猫,风,青铜,124.3,pal_001|pal_002|pal_003|pal_004|pal_005,青铜90/白银10/黄金0/钻石0
ysbzs-local-3,8,6,1,enc_d08_evening_fixed,第八天晚上精英固定战,下午,1,wave_d08_afternoon,pal_004,翠叶鼠,风,青铜,124.3,pal_001|pal_002|pal_003|pal_004|pal_005,青铜90/白银10/黄金0/钻石0
ysbzs-local-3,8,6,1,enc_d08_evening_fixed,第八天晚上精英固定战,下午,2,wave_d08_afternoon,pal_005,火绒狐,火,青铜,189,pal_001|pal_002|pal_003|pal_004|pal_005,青铜90/白银10/黄金0/钻石1
ysbzs-local-3,8,6,1,enc_d08_evening_fixed,第八天晚上精英固定战,下午,2,wave_d08_afternoon,pal_003,皮皮鸡,风,青铜,189,pal_001|pal_002|pal_003|pal_004|pal_005,青铜90/白银10/黄金0/钻石1
ysbzs-local-3,8,6,1,enc_d08_evening_fixed,第八天晚上精英固定战,下午,2,wave_d08_afternoon,pal_004,翠叶鼠,风,青铜,189,pal_001|pal_002|pal_003|pal_004|pal_005,青铜90/白银10/黄金0/钻石1
ysbzs-local-3,8,6,1,enc_d08_evening_fixed,第八天晚上精英固定战,下午,2,wave_d08_afternoon,pal_005,火绒狐,火,青铜,189,pal_001|pal_002|pal_003|pal_004|pal_005,青铜90/白银10/黄金0/钻石1
ysbzs-local-3,8,6,1,enc_d08_evening_fixed,第八天晚上精英固定战,下午,2,wave_d08_afternoon,pal_003,皮皮鸡,风,青铜,189,pal_001|pal_002|pal_003|pal_004|pal_005,青铜90/白银10/黄金0/钻石1
ysbzs-local-3,8,6,1,enc_d08_evening_fixed,第八天晚上精英固定战,下午,2,wave_d08_afternoon,pal_004,翠叶鼠,风,青铜,189,pal_001|pal_002|pal_003|pal_004|pal_005,青铜90/白银10/黄金0/钻石1
ysbzs-local-3,8,6,1,enc_d08_evening_fixed,第八天晚上精英固定战,下午,3,wave_d08_afternoon,pal_005,火绒狐,火,青铜,255.4,pal_001|pal_002|pal_003|pal_004|pal_005,青铜90/白银10/黄金0/钻石2
ysbzs-local-3,8,6,1,enc_d08_evening_fixed,第八天晚上精英固定战,下午,3,wave_d08_afternoon,pal_001,棉悠悠,风,青铜,255.4,pal_001|pal_002|pal_003|pal_004|pal_005,青铜90/白银10/黄金0/钻石2
ysbzs-local-3,8,6,1,enc_d08_evening_fixed,第八天晚上精英固定战,下午,3,wave_d08_afternoon,pal_002,捣蛋猫,风,青铜,255.4,pal_001|pal_002|pal_003|pal_004|pal_005,青铜90/白银10/黄金0/钻石2
ysbzs-local-3,8,6,1,enc_d08_evening_fixed,第八天晚上精英固定战,下午,3,wave_d08_afternoon,pal_003,皮皮鸡,风,青铜,255.4,pal_001|pal_002|pal_003|pal_004|pal_005,青铜90/白银10/黄金0/钻石2
ysbzs-local-3,8,6,1,enc_d08_evening_fixed,第八天晚上精英固定战,下午,3,wave_d08_afternoon,pal_005,火绒狐,火,青铜,255.4,pal_001|pal_002|pal_003|pal_004|pal_005,青铜90/白银10/黄金0/钻石2
ysbzs-local-3,8,6,1,enc_d08_evening_fixed,第八天晚上精英固定战,下午,3,wave_d08_afternoon,pal_001,棉悠悠,风,青铜,255.4,pal_001|pal_002|pal_003|pal_004|pal_005,青铜90/白银10/黄金0/钻石2
ysbzs-local-3,8,6,1,enc_d08_evening_fixed,第八天晚上精英固定战,下午,3,wave_d08_afternoon,pal_002,捣蛋猫,风,青铜,255.4,pal_001|pal_002|pal_003|pal_004|pal_005,青铜90/白银10/黄金0/钻石2
ysbzs-local-3,8,6,1,enc_d08_evening_fixed,第八天晚上精英固定战,下午,3,wave_d08_afternoon,pal_003,皮皮鸡,风,青铜,255.4,pal_001|pal_002|pal_003|pal_004|pal_005,青铜90/白银10/黄金0/钻石2
ysbzs-local-3,8,6,1,enc_d08_evening_fixed,第八天晚上精英固定战,下午,4,wave_d08_afternoon,pal_005,火绒狐,火,青铜,323.3,pal_001|pal_002|pal_003|pal_004|pal_005,青铜90/白银10/黄金0/钻石3
ysbzs-local-3,8,6,1,enc_d08_evening_fixed,第八天晚上精英固定战,下午,4,wave_d08_afternoon,pal_001,棉悠悠,风,青铜,323.3,pal_001|pal_002|pal_003|pal_004|pal_005,青铜90/白银10/黄金0/钻石3
ysbzs-local-3,8,6,1,enc_d08_evening_fixed,第八天晚上精英固定战,下午,4,wave_d08_afternoon,pal_003,皮皮鸡,风,青铜,323.3,pal_001|pal_002|pal_003|pal_004|pal_005,青铜90/白银10/黄金0/钻石3
ysbzs-local-3,8,6,1,enc_d08_evening_fixed,第八天晚上精英固定战,下午,4,wave_d08_afternoon,pal_002,捣蛋猫,风,青铜,323.3,pal_001|pal_002|pal_003|pal_004|pal_005,青铜90/白银10/黄金0/钻石3
ysbzs-local-3,8,6,1,enc_d08_evening_fixed,第八天晚上精英固定战,下午,4,wave_d08_afternoon,pal_004,翠叶鼠,风,青铜,323.3,pal_001|pal_002|pal_003|pal_004|pal_005,青铜90/白银10/黄金0/钻石3
ysbzs-local-3,8,6,1,enc_d08_evening_fixed,第八天晚上精英固定战,下午,4,wave_d08_afternoon,pal_005,火绒狐,火,青铜,323.3,pal_001|pal_002|pal_003|pal_004|pal_005,青铜90/白银10/黄金0/钻石3
ysbzs-local-3,8,6,1,enc_d08_evening_fixed,第八天晚上精英固定战,下午,4,wave_d08_afternoon,pal_001,棉悠悠,风,青铜,323.3,pal_001|pal_002|pal_003|pal_004|pal_005,青铜90/白银10/黄金0/钻石3
ysbzs-local-3,8,6,1,enc_d08_evening_fixed,第八天晚上精英固定战,下午,4,wave_d08_afternoon,pal_003,皮皮鸡,风,青铜,323.3,pal_001|pal_002|pal_003|pal_004|pal_005,青铜90/白银10/黄金0/钻石3
ysbzs-local-3,8,6,1,enc_d08_evening_fixed,第八天晚上精英固定战,下午,4,wave_d08_afternoon,pal_002,捣蛋猫,风,青铜,323.3,pal_001|pal_002|pal_003|pal_004|pal_005,青铜90/白银10/黄金0/钻石3
ysbzs-local-3,8,6,1,enc_d08_evening_fixed,第八天晚上精英固定战,下午,4,wave_d08_afternoon,pal_004,翠叶鼠,风,青铜,323.3,pal_001|pal_002|pal_003|pal_004|pal_005,青铜90/白银10/黄金0/钻石3
ysbzs-local-3,8,6,1,enc_d08_evening_fixed,第八天晚上精英固定战,下午,5,wave_d08_afternoon,pal_005,火绒狐,火,青铜,392.8,pal_001|pal_002|pal_003|pal_004|pal_005,青铜90/白银10/黄金0/钻石4
ysbzs-local-3,8,6,1,enc_d08_evening_fixed,第八天晚上精英固定战,下午,5,wave_d08_afternoon,pal_002,捣蛋猫,风,青铜,392.8,pal_001|pal_002|pal_003|pal_004|pal_005,青铜90/白银10/黄金0/钻石4
ysbzs-local-3,8,6,1,enc_d08_evening_fixed,第八天晚上精英固定战,下午,5,wave_d08_afternoon,pal_003,皮皮鸡,风,白银,392.8,pal_001|pal_002|pal_003|pal_004|pal_005,青铜90/白银10/黄金0/钻石4
ysbzs-local-3,8,6,1,enc_d08_evening_fixed,第八天晚上精英固定战,下午,5,wave_d08_afternoon,pal_001,棉悠悠,风,青铜,392.8,pal_001|pal_002|pal_003|pal_004|pal_005,青铜90/白银10/黄金0/钻石4
ysbzs-local-3,8,6,1,enc_d08_evening_fixed,第八天晚上精英固定战,下午,5,wave_d08_afternoon,pal_004,翠叶鼠,风,白银,392.8,pal_001|pal_002|pal_003|pal_004|pal_005,青铜90/白银10/黄金0/钻石4
ysbzs-local-3,8,6,1,enc_d08_evening_fixed,第八天晚上精英固定战,下午,5,wave_d08_afternoon,pal_003,皮皮鸡,风,青铜,392.8,pal_001|pal_002|pal_003|pal_004|pal_005,青铜90/白银10/黄金0/钻石4
ysbzs-local-3,9,3,1,enc_d09_midday_a,第九天Boss前遭遇A,上午,1,wave_d09_morning,pal_001,棉悠悠,风,青铜,124.3,pal_001|pal_002|pal_003|pal_004|pal_005,青铜90/白银10/黄金0/钻石0
ysbzs-local-3,9,3,1,enc_d09_midday_a,第九天Boss前遭遇A,上午,1,wave_d09_morning,pal_003,皮皮鸡,风,青铜,124.3,pal_001|pal_002|pal_003|pal_004|pal_005,青铜90/白银10/黄金0/钻石0
ysbzs-local-3,9,3,1,enc_d09_midday_a,第九天Boss前遭遇A,上午,2,wave_d09_morning,pal_001,棉悠悠,风,青铜,189,pal_001|pal_002|pal_003|pal_004|pal_005,青铜90/白银10/黄金0/钻石1
ysbzs-local-3,9,3,1,enc_d09_midday_a,第九天Boss前遭遇A,上午,2,wave_d09_morning,pal_004,翠叶鼠,风,白银,189,pal_001|pal_002|pal_003|pal_004|pal_005,青铜90/白银10/黄金0/钻石1
ysbzs-local-3,9,3,1,enc_d09_midday_a,第九天Boss前遭遇A,上午,2,wave_d09_morning,pal_005,火绒狐,火,青铜,189,pal_001|pal_002|pal_003|pal_004|pal_005,青铜90/白银10/黄金0/钻石1
ysbzs-local-3,9,3,1,enc_d09_midday_a,第九天Boss前遭遇A,上午,2,wave_d09_morning,pal_001,棉悠悠,风,青铜,189,pal_001|pal_002|pal_003|pal_004|pal_005,青铜90/白银10/黄金0/钻石1
ysbzs-local-3,9,3,1,enc_d09_midday_a,第九天Boss前遭遇A,上午,2,wave_d09_morning,pal_004,翠叶鼠,风,白银,189,pal_001|pal_002|pal_003|pal_004|pal_005,青铜90/白银10/黄金0/钻石1
ysbzs-local-3,9,3,1,enc_d09_midday_a,第九天Boss前遭遇A,上午,2,wave_d09_morning,pal_005,火绒狐,火,青铜,189,pal_001|pal_002|pal_003|pal_004|pal_005,青铜90/白银10/黄金0/钻石1
ysbzs-local-3,9,3,1,enc_d09_midday_a,第九天Boss前遭遇A,上午,3,wave_d09_morning,pal_005,火绒狐,火,青铜,255.4,pal_001|pal_002|pal_003|pal_004|pal_005,青铜90/白银10/黄金0/钻石2
ysbzs-local-3,9,3,1,enc_d09_midday_a,第九天Boss前遭遇A,上午,3,wave_d09_morning,pal_004,翠叶鼠,风,青铜,255.4,pal_001|pal_002|pal_003|pal_004|pal_005,青铜90/白银10/黄金0/钻石2
ysbzs-local-3,9,3,1,enc_d09_midday_a,第九天Boss前遭遇A,上午,3,wave_d09_morning,pal_001,棉悠悠,风,青铜,255.4,pal_001|pal_002|pal_003|pal_004|pal_005,青铜90/白银10/黄金0/钻石2
ysbzs-local-3,9,3,1,enc_d09_midday_a,第九天Boss前遭遇A,上午,3,wave_d09_morning,pal_002,捣蛋猫,风,青铜,255.4,pal_001|pal_002|pal_003|pal_004|pal_005,青铜90/白银10/黄金0/钻石2
ysbzs-local-3,9,3,1,enc_d09_midday_a,第九天Boss前遭遇A,上午,3,wave_d09_morning,pal_005,火绒狐,火,青铜,255.4,pal_001|pal_002|pal_003|pal_004|pal_005,青铜90/白银10/黄金0/钻石2
ysbzs-local-3,9,3,1,enc_d09_midday_a,第九天Boss前遭遇A,上午,3,wave_d09_morning,pal_004,翠叶鼠,风,青铜,255.4,pal_001|pal_002|pal_003|pal_004|pal_005,青铜90/白银10/黄金0/钻石2
ysbzs-local-3,9,3,1,enc_d09_midday_a,第九天Boss前遭遇A,上午,3,wave_d09_morning,pal_001,棉悠悠,风,青铜,255.4,pal_001|pal_002|pal_003|pal_004|pal_005,青铜90/白银10/黄金0/钻石2
ysbzs-local-3,9,3,1,enc_d09_midday_a,第九天Boss前遭遇A,上午,3,wave_d09_morning,pal_002,捣蛋猫,风,青铜,255.4,pal_001|pal_002|pal_003|pal_004|pal_005,青铜90/白银10/黄金0/钻石2
ysbzs-local-3,9,3,1,enc_d09_midday_a,第九天Boss前遭遇A,上午,4,wave_d09_morning,pal_005,火绒狐,火,青铜,323.3,pal_001|pal_002|pal_003|pal_004|pal_005,青铜90/白银10/黄金0/钻石3
ysbzs-local-3,9,3,1,enc_d09_midday_a,第九天Boss前遭遇A,上午,4,wave_d09_morning,pal_002,捣蛋猫,风,白银,323.3,pal_001|pal_002|pal_003|pal_004|pal_005,青铜90/白银10/黄金0/钻石3
ysbzs-local-3,9,3,1,enc_d09_midday_a,第九天Boss前遭遇A,上午,4,wave_d09_morning,pal_001,棉悠悠,风,青铜,323.3,pal_001|pal_002|pal_003|pal_004|pal_005,青铜90/白银10/黄金0/钻石3
ysbzs-local-3,9,3,1,enc_d09_midday_a,第九天Boss前遭遇A,上午,4,wave_d09_morning,pal_004,翠叶鼠,风,白银,323.3,pal_001|pal_002|pal_003|pal_004|pal_005,青铜90/白银10/黄金0/钻石3
ysbzs-local-3,9,3,1,enc_d09_midday_a,第九天Boss前遭遇A,上午,4,wave_d09_morning,pal_003,皮皮鸡,风,青铜,323.3,pal_001|pal_002|pal_003|pal_004|pal_005,青铜90/白银10/黄金0/钻石3
ysbzs-local-3,9,3,1,enc_d09_midday_a,第九天Boss前遭遇A,上午,4,wave_d09_morning,pal_005,火绒狐,火,青铜,323.3,pal_001|pal_002|pal_003|pal_004|pal_005,青铜90/白银10/黄金0/钻石3
ysbzs-local-3,9,3,1,enc_d09_midday_a,第九天Boss前遭遇A,上午,4,wave_d09_morning,pal_002,捣蛋猫,风,白银,323.3,pal_001|pal_002|pal_003|pal_004|pal_005,青铜90/白银10/黄金0/钻石3
ysbzs-local-3,9,3,1,enc_d09_midday_a,第九天Boss前遭遇A,上午,4,wave_d09_morning,pal_001,棉悠悠,风,青铜,323.3,pal_001|pal_002|pal_003|pal_004|pal_005,青铜90/白银10/黄金0/钻石3
ysbzs-local-3,9,3,1,enc_d09_midday_a,第九天Boss前遭遇A,上午,4,wave_d09_morning,pal_004,翠叶鼠,风,白银,323.3,pal_001|pal_002|pal_003|pal_004|pal_005,青铜90/白银10/黄金0/钻石3
ysbzs-local-3,9,3,1,enc_d09_midday_a,第九天Boss前遭遇A,上午,4,wave_d09_morning,pal_003,皮皮鸡,风,青铜,323.3,pal_001|pal_002|pal_003|pal_004|pal_005,青铜90/白银10/黄金0/钻石3
ysbzs-local-3,9,3,1,enc_d09_midday_a,第九天Boss前遭遇A,上午,5,wave_d09_morning,pal_004,翠叶鼠,风,青铜,392.8,pal_001|pal_002|pal_003|pal_004|pal_005,青铜90/白银10/黄金0/钻石4
ysbzs-local-3,9,3,1,enc_d09_midday_a,第九天Boss前遭遇A,上午,5,wave_d09_morning,pal_005,火绒狐,火,青铜,392.8,pal_001|pal_002|pal_003|pal_004|pal_005,青铜90/白银10/黄金0/钻石4
ysbzs-local-3,9,3,1,enc_d09_midday_a,第九天Boss前遭遇A,上午,5,wave_d09_morning,pal_003,皮皮鸡,风,青铜,392.8,pal_001|pal_002|pal_003|pal_004|pal_005,青铜90/白银10/黄金0/钻石4
ysbzs-local-3,9,3,1,enc_d09_midday_a,第九天Boss前遭遇A,上午,5,wave_d09_morning,pal_002,捣蛋猫,风,青铜,392.8,pal_001|pal_002|pal_003|pal_004|pal_005,青铜90/白银10/黄金0/钻石4
ysbzs-local-3,9,3,1,enc_d09_midday_a,第九天Boss前遭遇A,上午,5,wave_d09_morning,pal_001,棉悠悠,风,青铜,392.8,pal_001|pal_002|pal_003|pal_004|pal_005,青铜90/白银10/黄金0/钻石4
ysbzs-local-3,9,3,1,enc_d09_midday_a,第九天Boss前遭遇A,上午,5,wave_d09_morning,pal_004,翠叶鼠,风,青铜,392.8,pal_001|pal_002|pal_003|pal_004|pal_005,青铜90/白银10/黄金0/钻石4
ysbzs-local-3,9,6,1,enc_d09_evening_fixed,第九天晚上Boss前固定战,下午,1,wave_d09_afternoon,pal_004,翠叶鼠,风,青铜,124.3,pal_001|pal_002|pal_003|pal_004|pal_005,青铜90/白银10/黄金0/钻石0
ysbzs-local-3,9,6,1,enc_d09_evening_fixed,第九天晚上Boss前固定战,下午,1,wave_d09_afternoon,pal_002,捣蛋猫,风,白银,124.3,pal_001|pal_002|pal_003|pal_004|pal_005,青铜90/白银10/黄金0/钻石0
ysbzs-local-3,9,6,1,enc_d09_evening_fixed,第九天晚上Boss前固定战,下午,2,wave_d09_afternoon,pal_002,捣蛋猫,风,青铜,189,pal_001|pal_002|pal_003|pal_004|pal_005,青铜90/白银10/黄金0/钻石1
ysbzs-local-3,9,6,1,enc_d09_evening_fixed,第九天晚上Boss前固定战,下午,2,wave_d09_afternoon,pal_003,皮皮鸡,风,青铜,189,pal_001|pal_002|pal_003|pal_004|pal_005,青铜90/白银10/黄金0/钻石1
ysbzs-local-3,9,6,1,enc_d09_evening_fixed,第九天晚上Boss前固定战,下午,2,wave_d09_afternoon,pal_001,棉悠悠,风,青铜,189,pal_001|pal_002|pal_003|pal_004|pal_005,青铜90/白银10/黄金0/钻石1
ysbzs-local-3,9,6,1,enc_d09_evening_fixed,第九天晚上Boss前固定战,下午,2,wave_d09_afternoon,pal_002,捣蛋猫,风,青铜,189,pal_001|pal_002|pal_003|pal_004|pal_005,青铜90/白银10/黄金0/钻石1
ysbzs-local-3,9,6,1,enc_d09_evening_fixed,第九天晚上Boss前固定战,下午,2,wave_d09_afternoon,pal_003,皮皮鸡,风,青铜,189,pal_001|pal_002|pal_003|pal_004|pal_005,青铜90/白银10/黄金0/钻石1
ysbzs-local-3,9,6,1,enc_d09_evening_fixed,第九天晚上Boss前固定战,下午,2,wave_d09_afternoon,pal_001,棉悠悠,风,青铜,189,pal_001|pal_002|pal_003|pal_004|pal_005,青铜90/白银10/黄金0/钻石1
ysbzs-local-3,9,6,1,enc_d09_evening_fixed,第九天晚上Boss前固定战,下午,3,wave_d09_afternoon,pal_003,皮皮鸡,风,青铜,255.4,pal_001|pal_002|pal_003|pal_004|pal_005,青铜90/白银10/黄金0/钻石2
ysbzs-local-3,9,6,1,enc_d09_evening_fixed,第九天晚上Boss前固定战,下午,3,wave_d09_afternoon,pal_002,捣蛋猫,风,青铜,255.4,pal_001|pal_002|pal_003|pal_004|pal_005,青铜90/白银10/黄金0/钻石2
ysbzs-local-3,9,6,1,enc_d09_evening_fixed,第九天晚上Boss前固定战,下午,3,wave_d09_afternoon,pal_004,翠叶鼠,风,青铜,255.4,pal_001|pal_002|pal_003|pal_004|pal_005,青铜90/白银10/黄金0/钻石2
ysbzs-local-3,9,6,1,enc_d09_evening_fixed,第九天晚上Boss前固定战,下午,3,wave_d09_afternoon,pal_005,火绒狐,火,青铜,255.4,pal_001|pal_002|pal_003|pal_004|pal_005,青铜90/白银10/黄金0/钻石2
ysbzs-local-3,9,6,1,enc_d09_evening_fixed,第九天晚上Boss前固定战,下午,4,wave_d09_afternoon,pal_004,翠叶鼠,风,青铜,323.3,pal_001|pal_002|pal_003|pal_004|pal_005,青铜90/白银10/黄金0/钻石3
ysbzs-local-3,9,6,1,enc_d09_evening_fixed,第九天晚上Boss前固定战,下午,4,wave_d09_afternoon,pal_003,皮皮鸡,风,青铜,323.3,pal_001|pal_002|pal_003|pal_004|pal_005,青铜90/白银10/黄金0/钻石3
ysbzs-local-3,9,6,1,enc_d09_evening_fixed,第九天晚上Boss前固定战,下午,4,wave_d09_afternoon,pal_005,火绒狐,火,青铜,323.3,pal_001|pal_002|pal_003|pal_004|pal_005,青铜90/白银10/黄金0/钻石3
ysbzs-local-3,9,6,1,enc_d09_evening_fixed,第九天晚上Boss前固定战,下午,4,wave_d09_afternoon,pal_002,捣蛋猫,风,青铜,323.3,pal_001|pal_002|pal_003|pal_004|pal_005,青铜90/白银10/黄金0/钻石3
ysbzs-local-3,9,6,1,enc_d09_evening_fixed,第九天晚上Boss前固定战,下午,4,wave_d09_afternoon,pal_001,棉悠悠,风,青铜,323.3,pal_001|pal_002|pal_003|pal_004|pal_005,青铜90/白银10/黄金0/钻石3
ysbzs-local-3,9,6,1,enc_d09_evening_fixed,第九天晚上Boss前固定战,下午,4,wave_d09_afternoon,pal_004,翠叶鼠,风,青铜,323.3,pal_001|pal_002|pal_003|pal_004|pal_005,青铜90/白银10/黄金0/钻石3
ysbzs-local-3,9,6,1,enc_d09_evening_fixed,第九天晚上Boss前固定战,下午,4,wave_d09_afternoon,pal_003,皮皮鸡,风,青铜,323.3,pal_001|pal_002|pal_003|pal_004|pal_005,青铜90/白银10/黄金0/钻石3
ysbzs-local-3,9,6,1,enc_d09_evening_fixed,第九天晚上Boss前固定战,下午,4,wave_d09_afternoon,pal_005,火绒狐,火,青铜,323.3,pal_001|pal_002|pal_003|pal_004|pal_005,青铜90/白银10/黄金0/钻石3
ysbzs-local-3,9,6,1,enc_d09_evening_fixed,第九天晚上Boss前固定战,下午,4,wave_d09_afternoon,pal_002,捣蛋猫,风,青铜,323.3,pal_001|pal_002|pal_003|pal_004|pal_005,青铜90/白银10/黄金0/钻石3
ysbzs-local-3,9,6,1,enc_d09_evening_fixed,第九天晚上Boss前固定战,下午,4,wave_d09_afternoon,pal_001,棉悠悠,风,青铜,323.3,pal_001|pal_002|pal_003|pal_004|pal_005,青铜90/白银10/黄金0/钻石3
ysbzs-local-3,9,6,1,enc_d09_evening_fixed,第九天晚上Boss前固定战,下午,5,wave_d09_afternoon,pal_001,棉悠悠,风,青铜,392.8,pal_001|pal_002|pal_003|pal_004|pal_005,青铜90/白银10/黄金0/钻石4
ysbzs-local-3,9,6,1,enc_d09_evening_fixed,第九天晚上Boss前固定战,下午,5,wave_d09_afternoon,pal_004,翠叶鼠,风,钻石,392.8,pal_001|pal_002|pal_003|pal_004|pal_005,青铜90/白银10/黄金0/钻石4
ysbzs-local-3,9,6,1,enc_d09_evening_fixed,第九天晚上Boss前固定战,下午,5,wave_d09_afternoon,pal_002,捣蛋猫,风,青铜,392.8,pal_001|pal_002|pal_003|pal_004|pal_005,青铜90/白银10/黄金0/钻石4
ysbzs-local-3,9,6,1,enc_d09_evening_fixed,第九天晚上Boss前固定战,下午,5,wave_d09_afternoon,pal_005,火绒狐,火,青铜,392.8,pal_001|pal_002|pal_003|pal_004|pal_005,青铜90/白银10/黄金0/钻石4
ysbzs-local-3,9,6,1,enc_d09_evening_fixed,第九天晚上Boss前固定战,下午,5,wave_d09_afternoon,pal_003,皮皮鸡,风,青铜,392.8,pal_001|pal_002|pal_003|pal_004|pal_005,青铜90/白银10/黄金0/钻石4
ysbzs-local-3,9,6,1,enc_d09_evening_fixed,第九天晚上Boss前固定战,下午,5,wave_d09_afternoon,pal_005,火绒狐,火,青铜,392.8,pal_001|pal_002|pal_003|pal_004|pal_005,青铜90/白银10/黄金0/钻石4
ysbzs-local-3,9,6,1,enc_d09_evening_fixed,第九天晚上Boss前固定战,下午,5,wave_d09_afternoon,pal_001,棉悠悠,风,青铜,392.8,pal_001|pal_002|pal_003|pal_004|pal_005,青铜90/白银10/黄金0/钻石4
ysbzs-local-3,9,6,1,enc_d09_evening_fixed,第九天晚上Boss前固定战,下午,5,wave_d09_afternoon,pal_004,翠叶鼠,风,钻石,392.8,pal_001|pal_002|pal_003|pal_004|pal_005,青铜90/白银10/黄金0/钻石4
ysbzs-local-3,9,6,1,enc_d09_evening_fixed,第九天晚上Boss前固定战,下午,5,wave_d09_afternoon,pal_002,捣蛋猫,风,青铜,392.8,pal_001|pal_002|pal_003|pal_004|pal_005,青铜90/白银10/黄金0/钻石4
ysbzs-local-3,9,6,1,enc_d09_evening_fixed,第九天晚上Boss前固定战,下午,5,wave_d09_afternoon,pal_005,火绒狐,火,青铜,392.8,pal_001|pal_002|pal_003|pal_004|pal_005,青铜90/白银10/黄金0/钻石4
ysbzs-local-3,9,6,1,enc_d09_evening_fixed,第九天晚上Boss前固定战,下午,5,wave_d09_afternoon,pal_003,皮皮鸡,风,青铜,392.8,pal_001|pal_002|pal_003|pal_004|pal_005,青铜90/白银10/黄金0/钻石4
ysbzs-local-3,9,6,1,enc_d09_evening_fixed,第九天晚上Boss前固定战,下午,5,wave_d09_afternoon,pal_005,火绒狐,火,青铜,392.8,pal_001|pal_002|pal_003|pal_004|pal_005,青铜90/白银10/黄金0/钻石4
ysbzs-local-3,10,3,1,enc_d10_midday_a,第十天Boss前遭遇A,上午,1,wave_d10_morning,pal_005,火绒狐,火,青铜,124.3,pal_001|pal_002|pal_003|pal_004|pal_005,青铜90/白银10/黄金0/钻石0
ysbzs-local-3,10,3,1,enc_d10_midday_a,第十天Boss前遭遇A,上午,1,wave_d10_morning,pal_002,捣蛋猫,风,青铜,124.3,pal_001|pal_002|pal_003|pal_004|pal_005,青铜90/白银10/黄金0/钻石0
ysbzs-local-3,10,3,1,enc_d10_midday_a,第十天Boss前遭遇A,上午,2,wave_d10_morning,pal_001,棉悠悠,风,青铜,189,pal_001|pal_002|pal_003|pal_004|pal_005,青铜90/白银10/黄金0/钻石1
ysbzs-local-3,10,3,1,enc_d10_midday_a,第十天Boss前遭遇A,上午,2,wave_d10_morning,pal_003,皮皮鸡,风,青铜,189,pal_001|pal_002|pal_003|pal_004|pal_005,青铜90/白银10/黄金0/钻石1
ysbzs-local-3,10,3,1,enc_d10_midday_a,第十天Boss前遭遇A,上午,2,wave_d10_morning,pal_005,火绒狐,火,青铜,189,pal_001|pal_002|pal_003|pal_004|pal_005,青铜90/白银10/黄金0/钻石1
ysbzs-local-3,10,3,1,enc_d10_midday_a,第十天Boss前遭遇A,上午,2,wave_d10_morning,pal_001,棉悠悠,风,青铜,189,pal_001|pal_002|pal_003|pal_004|pal_005,青铜90/白银10/黄金0/钻石1
ysbzs-local-3,10,3,1,enc_d10_midday_a,第十天Boss前遭遇A,上午,2,wave_d10_morning,pal_003,皮皮鸡,风,青铜,189,pal_001|pal_002|pal_003|pal_004|pal_005,青铜90/白银10/黄金0/钻石1
ysbzs-local-3,10,3,1,enc_d10_midday_a,第十天Boss前遭遇A,上午,2,wave_d10_morning,pal_005,火绒狐,火,青铜,189,pal_001|pal_002|pal_003|pal_004|pal_005,青铜90/白银10/黄金0/钻石1
ysbzs-local-3,10,3,1,enc_d10_midday_a,第十天Boss前遭遇A,上午,3,wave_d10_morning,pal_005,火绒狐,火,青铜,255.4,pal_001|pal_002|pal_003|pal_004|pal_005,青铜90/白银10/黄金0/钻石2
ysbzs-local-3,10,3,1,enc_d10_midday_a,第十天Boss前遭遇A,上午,3,wave_d10_morning,pal_002,捣蛋猫,风,青铜,255.4,pal_001|pal_002|pal_003|pal_004|pal_005,青铜90/白银10/黄金0/钻石2
ysbzs-local-3,10,3,1,enc_d10_midday_a,第十天Boss前遭遇A,上午,3,wave_d10_morning,pal_003,皮皮鸡,风,青铜,255.4,pal_001|pal_002|pal_003|pal_004|pal_005,青铜90/白银10/黄金0/钻石2
ysbzs-local-3,10,3,1,enc_d10_midday_a,第十天Boss前遭遇A,上午,3,wave_d10_morning,pal_001,棉悠悠,风,白银,255.4,pal_001|pal_002|pal_003|pal_004|pal_005,青铜90/白银10/黄金0/钻石2
ysbzs-local-3,10,3,1,enc_d10_midday_a,第十天Boss前遭遇A,上午,3,wave_d10_morning,pal_005,火绒狐,火,青铜,255.4,pal_001|pal_002|pal_003|pal_004|pal_005,青铜90/白银10/黄金0/钻石2
ysbzs-local-3,10,3,1,enc_d10_midday_a,第十天Boss前遭遇A,上午,3,wave_d10_morning,pal_002,捣蛋猫,风,青铜,255.4,pal_001|pal_002|pal_003|pal_004|pal_005,青铜90/白银10/黄金0/钻石2
ysbzs-local-3,10,3,1,enc_d10_midday_a,第十天Boss前遭遇A,上午,3,wave_d10_morning,pal_003,皮皮鸡,风,青铜,255.4,pal_001|pal_002|pal_003|pal_004|pal_005,青铜90/白银10/黄金0/钻石2
ysbzs-local-3,10,3,1,enc_d10_midday_a,第十天Boss前遭遇A,上午,3,wave_d10_morning,pal_001,棉悠悠,风,白银,255.4,pal_001|pal_002|pal_003|pal_004|pal_005,青铜90/白银10/黄金0/钻石2
ysbzs-local-3,10,3,1,enc_d10_midday_a,第十天Boss前遭遇A,上午,4,wave_d10_morning,pal_001,棉悠悠,风,青铜,323.3,pal_001|pal_002|pal_003|pal_004|pal_005,青铜90/白银10/黄金0/钻石3
ysbzs-local-3,10,3,1,enc_d10_midday_a,第十天Boss前遭遇A,上午,4,wave_d10_morning,pal_003,皮皮鸡,风,青铜,323.3,pal_001|pal_002|pal_003|pal_004|pal_005,青铜90/白银10/黄金0/钻石3
ysbzs-local-3,10,3,1,enc_d10_midday_a,第十天Boss前遭遇A,上午,4,wave_d10_morning,pal_002,捣蛋猫,风,青铜,323.3,pal_001|pal_002|pal_003|pal_004|pal_005,青铜90/白银10/黄金0/钻石3
ysbzs-local-3,10,3,1,enc_d10_midday_a,第十天Boss前遭遇A,上午,4,wave_d10_morning,pal_005,火绒狐,火,钻石,323.3,pal_001|pal_002|pal_003|pal_004|pal_005,青铜90/白银10/黄金0/钻石3
ysbzs-local-3,10,3,1,enc_d10_midday_a,第十天Boss前遭遇A,上午,4,wave_d10_morning,pal_004,翠叶鼠,风,青铜,323.3,pal_001|pal_002|pal_003|pal_004|pal_005,青铜90/白银10/黄金0/钻石3
ysbzs-local-3,10,3,1,enc_d10_midday_a,第十天Boss前遭遇A,上午,4,wave_d10_morning,pal_001,棉悠悠,风,青铜,323.3,pal_001|pal_002|pal_003|pal_004|pal_005,青铜90/白银10/黄金0/钻石3
ysbzs-local-3,10,3,1,enc_d10_midday_a,第十天Boss前遭遇A,上午,4,wave_d10_morning,pal_003,皮皮鸡,风,青铜,323.3,pal_001|pal_002|pal_003|pal_004|pal_005,青铜90/白银10/黄金0/钻石3
ysbzs-local-3,10,3,1,enc_d10_midday_a,第十天Boss前遭遇A,上午,4,wave_d10_morning,pal_002,捣蛋猫,风,青铜,323.3,pal_001|pal_002|pal_003|pal_004|pal_005,青铜90/白银10/黄金0/钻石3
ysbzs-local-3,10,3,1,enc_d10_midday_a,第十天Boss前遭遇A,上午,4,wave_d10_morning,pal_005,火绒狐,火,钻石,323.3,pal_001|pal_002|pal_003|pal_004|pal_005,青铜90/白银10/黄金0/钻石3
ysbzs-local-3,10,3,1,enc_d10_midday_a,第十天Boss前遭遇A,上午,4,wave_d10_morning,pal_004,翠叶鼠,风,青铜,323.3,pal_001|pal_002|pal_003|pal_004|pal_005,青铜90/白银10/黄金0/钻石3
ysbzs-local-3,10,3,1,enc_d10_midday_a,第十天Boss前遭遇A,上午,5,wave_d10_morning,pal_005,火绒狐,火,青铜,392.8,pal_001|pal_002|pal_003|pal_004|pal_005,青铜90/白银10/黄金0/钻石4
ysbzs-local-3,10,3,1,enc_d10_midday_a,第十天Boss前遭遇A,上午,5,wave_d10_morning,pal_001,棉悠悠,风,青铜,392.8,pal_001|pal_002|pal_003|pal_004|pal_005,青铜90/白银10/黄金0/钻石4
ysbzs-local-3,10,3,1,enc_d10_midday_a,第十天Boss前遭遇A,上午,5,wave_d10_morning,pal_004,翠叶鼠,风,青铜,392.8,pal_001|pal_002|pal_003|pal_004|pal_005,青铜90/白银10/黄金0/钻石4
ysbzs-local-3,10,3,1,enc_d10_midday_a,第十天Boss前遭遇A,上午,5,wave_d10_morning,pal_003,皮皮鸡,风,青铜,392.8,pal_001|pal_002|pal_003|pal_004|pal_005,青铜90/白银10/黄金0/钻石4
ysbzs-local-3,10,3,1,enc_d10_midday_a,第十天Boss前遭遇A,上午,5,wave_d10_morning,pal_002,捣蛋猫,风,青铜,392.8,pal_001|pal_002|pal_003|pal_004|pal_005,青铜90/白银10/黄金0/钻石4
ysbzs-local-3,10,3,1,enc_d10_midday_a,第十天Boss前遭遇A,上午,5,wave_d10_morning,pal_005,火绒狐,火,青铜,392.8,pal_001|pal_002|pal_003|pal_004|pal_005,青铜90/白银10/黄金0/钻石4
ysbzs-local-3,10,3,1,enc_d10_midday_a,第十天Boss前遭遇A,上午,5,wave_d10_morning,pal_005,火绒狐,火,青铜,392.8,pal_001|pal_002|pal_003|pal_004|pal_005,青铜90/白银10/黄金0/钻石4
ysbzs-local-3,10,3,1,enc_d10_midday_a,第十天Boss前遭遇A,上午,5,wave_d10_morning,pal_001,棉悠悠,风,青铜,392.8,pal_001|pal_002|pal_003|pal_004|pal_005,青铜90/白银10/黄金0/钻石4
ysbzs-local-3,10,3,1,enc_d10_midday_a,第十天Boss前遭遇A,上午,5,wave_d10_morning,pal_004,翠叶鼠,风,青铜,392.8,pal_001|pal_002|pal_003|pal_004|pal_005,青铜90/白银10/黄金0/钻石4
ysbzs-local-3,10,3,1,enc_d10_midday_a,第十天Boss前遭遇A,上午,5,wave_d10_morning,pal_003,皮皮鸡,风,青铜,392.8,pal_001|pal_002|pal_003|pal_004|pal_005,青铜90/白银10/黄金0/钻石4
ysbzs-local-3,10,3,1,enc_d10_midday_a,第十天Boss前遭遇A,上午,5,wave_d10_morning,pal_002,捣蛋猫,风,青铜,392.8,pal_001|pal_002|pal_003|pal_004|pal_005,青铜90/白银10/黄金0/钻石4
ysbzs-local-3,10,3,1,enc_d10_midday_a,第十天Boss前遭遇A,上午,5,wave_d10_morning,pal_005,火绒狐,火,青铜,392.8,pal_001|pal_002|pal_003|pal_004|pal_005,青铜90/白银10/黄金0/钻石4
ysbzs-local-3,10,6,1,enc_d10_final_boss,第十天终局Boss,下午,1,wave_d10_afternoon,pal_002,捣蛋猫,风,白银,124.3,pal_001|pal_002|pal_003|pal_004|pal_005,青铜90/白银10/黄金0/钻石0
ysbzs-local-3,10,6,1,enc_d10_final_boss,第十天终局Boss,下午,1,wave_d10_afternoon,pal_005,火绒狐,火,青铜,124.3,pal_001|pal_002|pal_003|pal_004|pal_005,青铜90/白银10/黄金0/钻石0
ysbzs-local-3,10,6,1,enc_d10_final_boss,第十天终局Boss,下午,2,wave_d10_afternoon,pal_003,皮皮鸡,风,青铜,189,pal_001|pal_002|pal_003|pal_004|pal_005,青铜90/白银10/黄金0/钻石1
ysbzs-local-3,10,6,1,enc_d10_final_boss,第十天终局Boss,下午,2,wave_d10_afternoon,pal_001,棉悠悠,风,青铜,189,pal_001|pal_002|pal_003|pal_004|pal_005,青铜90/白银10/黄金0/钻石1
ysbzs-local-3,10,6,1,enc_d10_final_boss,第十天终局Boss,下午,2,wave_d10_afternoon,pal_002,捣蛋猫,风,青铜,189,pal_001|pal_002|pal_003|pal_004|pal_005,青铜90/白银10/黄金0/钻石1
ysbzs-local-3,10,6,1,enc_d10_final_boss,第十天终局Boss,下午,2,wave_d10_afternoon,pal_003,皮皮鸡,风,青铜,189,pal_001|pal_002|pal_003|pal_004|pal_005,青铜90/白银10/黄金0/钻石1
ysbzs-local-3,10,6,1,enc_d10_final_boss,第十天终局Boss,下午,2,wave_d10_afternoon,pal_001,棉悠悠,风,青铜,189,pal_001|pal_002|pal_003|pal_004|pal_005,青铜90/白银10/黄金0/钻石1
ysbzs-local-3,10,6,1,enc_d10_final_boss,第十天终局Boss,下午,2,wave_d10_afternoon,pal_002,捣蛋猫,风,青铜,189,pal_001|pal_002|pal_003|pal_004|pal_005,青铜90/白银10/黄金0/钻石1
ysbzs-local-3,10,6,1,enc_d10_final_boss,第十天终局Boss,下午,2,wave_d10_afternoon,pal_003,皮皮鸡,风,青铜,189,pal_001|pal_002|pal_003|pal_004|pal_005,青铜90/白银10/黄金0/钻石1
ysbzs-local-3,10,6,1,enc_d10_final_boss,第十天终局Boss,下午,2,wave_d10_afternoon,pal_001,棉悠悠,风,青铜,189,pal_001|pal_002|pal_003|pal_004|pal_005,青铜90/白银10/黄金0/钻石1
ysbzs-local-3,10,6,1,enc_d10_final_boss,第十天终局Boss,下午,2,wave_d10_afternoon,pal_002,捣蛋猫,风,青铜,189,pal_001|pal_002|pal_003|pal_004|pal_005,青铜90/白银10/黄金0/钻石1
ysbzs-local-3,10,6,1,enc_d10_final_boss,第十天终局Boss,下午,3,wave_d10_afternoon,pal_005,火绒狐,火,青铜,255.4,pal_001|pal_002|pal_003|pal_004|pal_005,青铜90/白银10/黄金0/钻石2
ysbzs-local-3,10,6,1,enc_d10_final_boss,第十天终局Boss,下午,3,wave_d10_afternoon,pal_003,皮皮鸡,风,白银,255.4,pal_001|pal_002|pal_003|pal_004|pal_005,青铜90/白银10/黄金0/钻石2
ysbzs-local-3,10,6,1,enc_d10_final_boss,第十天终局Boss,下午,3,wave_d10_afternoon,pal_004,翠叶鼠,风,青铜,255.4,pal_001|pal_002|pal_003|pal_004|pal_005,青铜90/白银10/黄金0/钻石2
ysbzs-local-3,10,6,1,enc_d10_final_boss,第十天终局Boss,下午,3,wave_d10_afternoon,pal_002,捣蛋猫,风,青铜,255.4,pal_001|pal_002|pal_003|pal_004|pal_005,青铜90/白银10/黄金0/钻石2
ysbzs-local-3,10,6,1,enc_d10_final_boss,第十天终局Boss,下午,3,wave_d10_afternoon,pal_005,火绒狐,火,青铜,255.4,pal_001|pal_002|pal_003|pal_004|pal_005,青铜90/白银10/黄金0/钻石2
ysbzs-local-3,10,6,1,enc_d10_final_boss,第十天终局Boss,下午,3,wave_d10_afternoon,pal_003,皮皮鸡,风,白银,255.4,pal_001|pal_002|pal_003|pal_004|pal_005,青铜90/白银10/黄金0/钻石2
ysbzs-local-3,10,6,1,enc_d10_final_boss,第十天终局Boss,下午,3,wave_d10_afternoon,pal_004,翠叶鼠,风,青铜,255.4,pal_001|pal_002|pal_003|pal_004|pal_005,青铜90/白银10/黄金0/钻石2
ysbzs-local-3,10,6,1,enc_d10_final_boss,第十天终局Boss,下午,3,wave_d10_afternoon,pal_002,捣蛋猫,风,青铜,255.4,pal_001|pal_002|pal_003|pal_004|pal_005,青铜90/白银10/黄金0/钻石2
ysbzs-local-3,10,6,1,enc_d10_final_boss,第十天终局Boss,下午,4,wave_d10_afternoon,pal_002,捣蛋猫,风,青铜,323.3,pal_001|pal_002|pal_003|pal_004|pal_005,青铜90/白银10/黄金0/钻石3
ysbzs-local-3,10,6,1,enc_d10_final_boss,第十天终局Boss,下午,4,wave_d10_afternoon,pal_001,棉悠悠,风,青铜,323.3,pal_001|pal_002|pal_003|pal_004|pal_005,青铜90/白银10/黄金0/钻石3
ysbzs-local-3,10,6,1,enc_d10_final_boss,第十天终局Boss,下午,4,wave_d10_afternoon,pal_005,火绒狐,火,青铜,323.3,pal_001|pal_002|pal_003|pal_004|pal_005,青铜90/白银10/黄金0/钻石3
ysbzs-local-3,10,6,1,enc_d10_final_boss,第十天终局Boss,下午,4,wave_d10_afternoon,pal_004,翠叶鼠,风,青铜,323.3,pal_001|pal_002|pal_003|pal_004|pal_005,青铜90/白银10/黄金0/钻石3
ysbzs-local-3,10,6,1,enc_d10_final_boss,第十天终局Boss,下午,4,wave_d10_afternoon,pal_003,皮皮鸡,风,青铜,323.3,pal_001|pal_002|pal_003|pal_004|pal_005,青铜90/白银10/黄金0/钻石3
ysbzs-local-3,10,6,1,enc_d10_final_boss,第十天终局Boss,下午,4,wave_d10_afternoon,pal_002,捣蛋猫,风,青铜,323.3,pal_001|pal_002|pal_003|pal_004|pal_005,青铜90/白银10/黄金0/钻石3
ysbzs-local-3,10,6,1,enc_d10_final_boss,第十天终局Boss,下午,4,wave_d10_afternoon,pal_001,棉悠悠,风,青铜,323.3,pal_001|pal_002|pal_003|pal_004|pal_005,青铜90/白银10/黄金0/钻石3
ysbzs-local-3,10,6,1,enc_d10_final_boss,第十天终局Boss,下午,4,wave_d10_afternoon,pal_005,火绒狐,火,青铜,323.3,pal_001|pal_002|pal_003|pal_004|pal_005,青铜90/白银10/黄金0/钻石3
ysbzs-local-3,10,6,1,enc_d10_final_boss,第十天终局Boss,下午,4,wave_d10_afternoon,pal_004,翠叶鼠,风,青铜,323.3,pal_001|pal_002|pal_003|pal_004|pal_005,青铜90/白银10/黄金0/钻石3
ysbzs-local-3,10,6,1,enc_d10_final_boss,第十天终局Boss,下午,4,wave_d10_afternoon,pal_003,皮皮鸡,风,青铜,323.3,pal_001|pal_002|pal_003|pal_004|pal_005,青铜90/白银10/黄金0/钻石3
ysbzs-local-3,10,6,1,enc_d10_final_boss,第十天终局Boss,下午,5,wave_d10_afternoon,pal_001,棉悠悠,风,白银,392.8,pal_001|pal_002|pal_003|pal_004|pal_005,青铜90/白银10/黄金0/钻石4
ysbzs-local-3,10,6,1,enc_d10_final_boss,第十天终局Boss,下午,5,wave_d10_afternoon,pal_003,皮皮鸡,风,青铜,392.8,pal_001|pal_002|pal_003|pal_004|pal_005,青铜90/白银10/黄金0/钻石4
ysbzs-local-3,10,6,1,enc_d10_final_boss,第十天终局Boss,下午,5,wave_d10_afternoon,pal_004,翠叶鼠,风,青铜,392.8,pal_001|pal_002|pal_003|pal_004|pal_005,青铜90/白银10/黄金0/钻石4
ysbzs-local-3,10,6,1,enc_d10_final_boss,第十天终局Boss,下午,5,wave_d10_afternoon,pal_002,捣蛋猫,风,青铜,392.8,pal_001|pal_002|pal_003|pal_004|pal_005,青铜90/白银10/黄金0/钻石4
ysbzs-local-3,10,6,1,enc_d10_final_boss,第十天终局Boss,下午,5,wave_d10_afternoon,pal_005,火绒狐,火,青铜,392.8,pal_001|pal_002|pal_003|pal_004|pal_005,青铜90/白银10/黄金0/钻石4
ysbzs-local-3,10,6,1,enc_d10_final_boss,第十天终局Boss,下午,5,wave_d10_afternoon,pal_005,火绒狐,火,青铜,392.8,pal_001|pal_002|pal_003|pal_004|pal_005,青铜90/白银10/黄金0/钻石4
ysbzs-local-3,10,6,1,enc_d10_final_boss,第十天终局Boss,下午,5,wave_d10_afternoon,pal_001,棉悠悠,风,白银,392.8,pal_001|pal_002|pal_003|pal_004|pal_005,青铜90/白银10/黄金0/钻石4
ysbzs-local-3,10,6,1,enc_d10_final_boss,第十天终局Boss,下午,5,wave_d10_afternoon,pal_003,皮皮鸡,风,青铜,392.8,pal_001|pal_002|pal_003|pal_004|pal_005,青铜90/白银10/黄金0/钻石4
ysbzs-local-3,10,6,1,enc_d10_final_boss,第十天终局Boss,下午,5,wave_d10_afternoon,pal_004,翠叶鼠,风,青铜,392.8,pal_001|pal_002|pal_003|pal_004|pal_005,青铜90/白银10/黄金0/钻石4
ysbzs-local-3,10,6,1,enc_d10_final_boss,第十天终局Boss,下午,5,wave_d10_afternoon,pal_002,捣蛋猫,风,青铜,392.8,pal_001|pal_002|pal_003|pal_004|pal_005,青铜90/白银10/黄金0/钻石4
ysbzs-local-3,10,6,1,enc_d10_final_boss,第十天终局Boss,下午,5,wave_d10_afternoon,pal_005,火绒狐,火,青铜,392.8,pal_001|pal_002|pal_003|pal_004|pal_005,青铜90/白银10/黄金0/钻石4
ysbzs-local-3,10,6,1,enc_d10_final_boss,第十天终局Boss,下午,5,wave_d10_afternoon,pal_005,火绒狐,火,青铜,392.8,pal_001|pal_002|pal_003|pal_004|pal_005,青铜90/白银10/黄金0/钻石4
